RowNumber,Country,Region - Broad,Region - Specific,Data_Protection_Law,Data_Protection_Law_Source,DPA_Independence,DPA_Independence_Source,Children_Data_Safeguards,Children_Data_Safeguards_Source,COP_Strategy,COP_Strategy_Source,SOGI_Sensitive_Data,SOGI_Sensitive_Data_Source,LGBTQ_Legal_Status,LGBTQ_Legal_Status_Source,Promotion_Propaganda_Offences,Promotion_Propaganda_Offences_Source,AI_Policy_Status,AI_Policy_Status_Source,DPIA_Required_High_Risk_AI,DPIA_Required_High_Risk_AI_Source,SIM_Biometric_ID_Linkage,SIM_Biometric_ID_Linkage_Source,DP,DI,CD,CS,SD,LS,PO,AI,HR,ID,protection_index,Risk_index,region_norm,RowNumber.1,OLD_MAX,OLD_MIN,OLD_MAX - OLD_MIN,NEW_MAX,NEW_MIN,NEW_MAX-NEW_MIN
4,Algeria,Africa,AMU,"In force – Law 18-07 on Protection of Individuals in Processing of Personal Data (2018, weak enforcement)",https://www.dlapiperdataprotection.com/index.html?t=law&c=DZ; https://www.cnil.fr/en/data-protection-around-the-world#algeria,"DPA exists but not independent – National Authority for Protection of Personal Data, appointed by executive (Art.29, Law 18-07)",https://www.dlapiperdataprotection.com/index.html?t=law&c=DZ,Partial – General DP law applies to children; no child-specific or online safety law,https://www.dlapiperdataprotection.com/index.html?t=law&c=DZ,No – No national child online protection law; some general cybercrime law,https://www.unicef.org/algeria/en/protection; https://www.dlapiperdataprotection.com/index.html?t=law&c=DZ,No – SOGI not listed as sensitive data in Law 18-07 (2018),https://www.cnil.fr/en/data-protection-around-the-world#algeria,Criminalized – Same-sex acts illegal under Penal Code Art. 333/338; up to 3 years prison,https://www.humandignitytrust.org/country-profile/algeria/; https://ilga.org/maps-sexual-orientation-laws,"Yes – Morality and decency laws (Penal Code, 2020 amendment) restrict LGBTQ+ expression",https://www.humandignitytrust.org/country-profile/algeria/; https://ilga.org/maps-sexual-orientation-laws,None – No formal AI strategy; digital transformation working group (2022),https://www.itu.int/en/ITU-D/ICT-Applications/Pages/artificial-intelligence-policy-algeria.aspx,No – No requirement for DPIA or AI risk assessment (2024),https://www.dlapiperdataprotection.com/index.html?t=law&c=DZ,"ID mandatory – SIM registration with ID, not biometric (GSMA 2023)",https://www.gsma.com/mobilefordevelopment/resources/mandatory-sim-registration-in-algeria/,,,,,,,,,,,,,,4,,,,,,
54,Egypt,Africa,AMU,"In force (Personal Data Protection Law No. 151, 2020)",https://unctad.org/page/data-protection-and-privacy-legislation-worldwide,Weak (under Ministry of Communications),https://unctad.org/page/data-protection-and-privacy-legislation-worldwide,Partial (general child protections; no COP law),https://unctad.org/page/data-protection-and-privacy-legislation-worldwide; https://www.unicef.org/egypt/,Partial (ICT education initiatives),https://www.unicef.org/egypt/,No,https://unctad.org/page/data-protection-and-privacy-legislation-worldwide,Criminalised (via debauchery laws),https://www.humandignitytrust.org/country-profile/egypt/; https://ilga.org/ilga-world-maps/,Yes (anti-LGBTQ propaganda restrictions),https://ilga.org/ilga-world-maps/,"Adopted (National AI Strategy, 2021)",https://en.unesco.org/artificial-intelligence/observatory/policies?country=EG; https://www.unesco.org/ethics-ai/en/global-hub,No,https://unctad.org/page/data-protection-and-privacy-legislation-worldwide,Yes (SIMs tied to national ID),https://www.gsma.com/solutions-and-impact/connectivity-for-good/public-policy/mobile-policy-handbook/consumer-protection/mandatory-registration-of-prepaid-sims/,,,,,,,,,,,,,,54,,,,,,
99,Libya,Africa,AMU,Draft (no comprehensive law),https://unctad.org/page/data-protection-and-privacy-legislation-worldwide,,https://unctad.org/page/data-protection-and-privacy-legislation-worldwide,No,https://www.unicef.org/libya/,No,https://www.unicef.org/libya/,No,https://unctad.org/page/data-protection-and-privacy-legislation-worldwide,Criminalised (severe penalties),https://www.humandignitytrust.org/country-profile/libya/; https://ilga.org/ilga-world-maps/,Yes,https://ilga.org/ilga-world-maps/,,https://en.unesco.org/artificial-intelligence/observatory/policies?country=LY; https://www.unesco.org/ethics-ai/en/global-hub,No,https://unctad.org/page/data-protection-and-privacy-legislation-worldwide,Yes (biometric SIM registration required),https://www.gsma.com/solutions-and-impact/connectivity-for-good/public-policy/mobile-policy-handbook/consumer-protection/mandatory-registration-of-prepaid-sims/; https://privacyinternational.org/learn/sim-card-registration,,,,,,,,,,,,,,99,,,,,,
110,Mauritania,Africa,AMU,In force (Law No. 2017-020 on Personal Data Protection),https://unctad.org/page/data-protection-and-privacy-legislation-worldwide,Weak (regulator under government),https://unctad.org/page/data-protection-and-privacy-legislation-worldwide,No,https://www.unicef.org/mauritania/,No,https://www.unicef.org/mauritania/,No,https://unctad.org/page/data-protection-and-privacy-legislation-worldwide,Criminalised (Sharia-based penalties),https://www.humandignitytrust.org/country-profile/mauritania/; https://ilga.org/ilga-world-maps/,Yes,https://ilga.org/ilga-world-maps/,,https://en.unesco.org/artificial-intelligence/observatory/policies?country=MR; https://www.unesco.org/ethics-ai/en/global-hub,No,https://unctad.org/page/data-protection-and-privacy-legislation-worldwide,Yes,https://www.gsma.com/solutions-and-impact/connectivity-for-good/public-policy/mobile-policy-handbook/consumer-protection/mandatory-registration-of-prepaid-sims/,,,,,,,,,,,,,,110,,,,,,
117,Morocco,Africa,AMU,In force (Law No. 09-08 on Personal Data Protection),https://unctad.org/page/data-protection-and-privacy-legislation-worldwide,Weak (CNDP under government influence),https://unctad.org/page/data-protection-and-privacy-legislation-worldwide,No,https://www.unicef.org/morocco/,No,https://www.unicef.org/morocco/,No,https://unctad.org/page/data-protection-and-privacy-legislation-worldwide,Criminalised (Penal Code Article 489),https://www.humandignitytrust.org/country-profile/morocco/; https://ilga.org/ilga-world-maps/,Yes,https://ilga.org/ilga-world-maps/,Draft/Early (Digital Morocco 2020; no formal AI strategy),https://en.unesco.org/artificial-intelligence/observatory/policies?country=MA; https://www.unesco.org/ethics-ai/en/global-hub,No,https://unctad.org/page/data-protection-and-privacy-legislation-worldwide,Yes (ID required; biometrics used),https://www.gsma.com/solutions-and-impact/connectivity-for-good/public-policy/mobile-policy-handbook/consumer-protection/mandatory-registration-of-prepaid-sims/; https://privacyinternational.org/learn/sim-card-registration,,,,,,,,,,,,,,117,,,,,,
179,Tunisia,Africa,AMU,"In force — Law No. 2004-63 on Data Protection (2004), amendments under consideration","UNCTAD Data Protection Tracker, accessed 2026-01-25",Moderate — INPDP regulator,https://unctad.org/page/data-protection-and-privacy-legislation-worldwide,Partial,https://unctad.org/page/data-protection-and-privacy-legislation-worldwide; https://www.unicef.org/tunisia/,No,https://www.unicef.org/tunisia/,No,https://unctad.org/page/data-protection-and-privacy-legislation-worldwide,Criminalised — Article 230 Penal Code,https://www.humandignitytrust.org/country-profile/tunisia/; https://ilga.org/ilga-world-maps/,Yes,https://ilga.org/ilga-world-maps/,Draft/Early — AI initiatives under Digital 2020 plan,https://en.unesco.org/artificial-intelligence/observatory/policies?country=TN; https://www.unesco.org/ethics-ai/en/global-hub,No,https://unctad.org/page/data-protection-and-privacy-legislation-worldwide,Yes,https://www.gsma.com/solutions-and-impact/connectivity-for-good/public-policy/mobile-policy-handbook/consumer-protection/mandatory-registration-of-prepaid-sims/,,,,,,,,,,,,,,179,,,,,,
29,Burundi,Africa,EAC,None (no comprehensive data protection law),https://unctad.org/page/data-protection-and-privacy-legislation-worldwide,Weak (no independent DPA),https://unctad.org/page/data-protection-and-privacy-legislation-worldwide,Partial (Child Protection Code; no COP strategy),https://unctad.org/page/data-protection-and-privacy-legislation-worldwide; https://www.unicef.org/burundi/,No,https://www.unicef.org/burundi/,No,https://unctad.org/page/data-protection-and-privacy-legislation-worldwide,Criminalised (same-sex acts illegal under Penal Code),https://www.humandignitytrust.org/country-profile/burundi/; https://ilga.org/ilga-world-maps/,Yes (restrictions under Penal Code),https://ilga.org/ilga-world-maps/,None (no AI strategy identified),https://en.unesco.org/artificial-intelligence/observatory/policies?country=BI; https://www.unesco.org/ethics-ai/en/global-hub,No,https://unctad.org/page/data-protection-and-privacy-legislation-worldwide,Yes (biometric SIM registration required),https://www.gsma.com/solutions-and-impact/connectivity-for-good/public-policy/mobile-policy-handbook/consumer-protection/mandatory-registration-of-prepaid-sims/; https://privacyinternational.org/learn/sim-card-registration,,,,,,,,,,,,,,29,,,,,,
90,Kenya,Africa,EAC,"In force (Data Protection Act, 2019)",https://unctad.org/page/data-protection-and-privacy-legislation-worldwide,Moderate (ODPC semi-independent),https://unctad.org/page/data-protection-and-privacy-legislation-worldwide,Partial (children’s data covered in DPA),https://unctad.org/page/data-protection-and-privacy-legislation-worldwide; https://www.unicef.org/kenya/,Partial (child online safety initiatives with ICT Authority),https://www.unicef.org/kenya/,No,https://unctad.org/page/data-protection-and-privacy-legislation-worldwide,Criminalised (Penal Code provisions),https://www.humandignitytrust.org/country-profile/kenya/; https://ilga.org/ilga-world-maps/,Yes (morality restrictions applied),https://ilga.org/ilga-world-maps/,Draft/Early (strategy in development; digital economy blueprint includes AI),https://en.unesco.org/artificial-intelligence/observatory/policies?country=KE; https://www.unesco.org/ethics-ai/en/global-hub,Yes (required under DPA for high-risk processing),https://unctad.org/page/data-protection-and-privacy-legislation-worldwide,Yes (mandatory biometric SIM registration via Huduma Namba),https://www.gsma.com/solutions-and-impact/connectivity-for-good/public-policy/mobile-policy-handbook/consumer-protection/mandatory-registration-of-prepaid-sims/; https://privacyinternational.org/learn/sim-card-registration,,,,,,,,,,,,,,90,,,,,,
145,Rwanda,Africa,EAC,In force — Data Protection and Privacy Law (2021),https://unctad.org/page/data-protection-and-privacy-legislation-worldwide,Moderate — regulator under NCSA,https://unctad.org/page/data-protection-and-privacy-legislation-worldwide,Partial,https://unctad.org/page/data-protection-and-privacy-legislation-worldwide; https://www.unicef.org/rwanda/,Partial,https://www.unicef.org/rwanda/,No,https://unctad.org/page/data-protection-and-privacy-legislation-worldwide,Legal — no recognition,https://www.humandignitytrust.org/country-profile/rwanda/; https://ilga.org/ilga-world-maps/,No,https://ilga.org/ilga-world-maps/,Draft/Early — Smart Rwanda Master Plan,https://en.unesco.org/artificial-intelligence/observatory/policies?country=RW; https://www.unesco.org/ethics-ai/en/global-hub,No,https://unctad.org/page/data-protection-and-privacy-legislation-worldwide,Yes,https://www.gsma.com/solutions-and-impact/connectivity-for-good/public-policy/mobile-policy-handbook/consumer-protection/mandatory-registration-of-prepaid-sims/,,,,,,,,,,,,,,145,,,,,,
183,Uganda,Africa,EAC,In force — Data Protection and Privacy Act 2019,https://unctad.org/page/data-protection-and-privacy-legislation-worldwide,Weak — National Information Technology Authority,https://unctad.org/page/data-protection-and-privacy-legislation-worldwide,Partial,https://unctad.org/page/data-protection-and-privacy-legislation-worldwide; https://www.unicef.org/uganda/,No,https://www.unicef.org/uganda/,No,https://unctad.org/page/data-protection-and-privacy-legislation-worldwide,Criminalised — Anti-Homosexuality Act 2023,https://www.humandignitytrust.org/country-profile/uganda/; https://ilga.org/ilga-world-maps/,Yes,https://ilga.org/ilga-world-maps/,,https://en.unesco.org/artificial-intelligence/observatory/policies?country=UG; https://www.unesco.org/ethics-ai/en/global-hub,No,https://unctad.org/page/data-protection-and-privacy-legislation-worldwide,Yes — biometric SIM registration mandatory,https://www.gsma.com/solutions-and-impact/connectivity-for-good/public-policy/mobile-policy-handbook/consumer-protection/mandatory-registration-of-prepaid-sims/; https://privacyinternational.org/learn/sim-card-registration,,,,,,,,,,,,,,183,,,,,,
32,Cameroon,Africa,ECCAS,"In force — Law No. 2010/012 on Cybersecurity and Cybercrime (2010), includes data protection provisions","UNCTAD Data Protection Tracker, accessed 2026-01-25",Weak (no independent DPA; MINPOSTEL oversees data issues),https://unctad.org/page/data-protection-and-privacy-legislation-worldwide,Partial (Child Protection Code; no COP strategy),https://unctad.org/page/data-protection-and-privacy-legislation-worldwide; https://www.unicef.org/cameroon/,No,https://www.unicef.org/cameroon/,No,https://unctad.org/page/data-protection-and-privacy-legislation-worldwide,Criminalised (Penal Code criminalises same-sex conduct),https://www.humandignitytrust.org/country-profile/cameroon/; https://ilga.org/ilga-world-maps/,Yes (restrictions in law),https://ilga.org/ilga-world-maps/,None (no AI strategy identified),https://en.unesco.org/artificial-intelligence/observatory/policies?country=CM; https://www.unesco.org/ethics-ai/en/global-hub,No,https://unctad.org/page/data-protection-and-privacy-legislation-worldwide,Yes (mandatory biometric SIM registration),https://www.gsma.com/solutions-and-impact/connectivity-for-good/public-policy/mobile-policy-handbook/consumer-protection/mandatory-registration-of-prepaid-sims/; https://privacyinternational.org/learn/sim-card-registration,,,,,,,,,,,,,,32,,,,,,
34,Central African Republic,Africa,ECCAS,"In force (Law No. 18.007 on Protection of Personal Data, 2018)",https://unctad.org/page/data-protection-and-privacy-legislation-worldwide,Moderate (Data Protection Authority ANPDP established),https://unctad.org/page/data-protection-and-privacy-legislation-worldwide,Partial (Child Protection Code; no COP strategy),https://unctad.org/page/data-protection-and-privacy-legislation-worldwide; https://www.unicef.org/central-african-republic/,No,https://www.unicef.org/central-african-republic/,No,https://unctad.org/page/data-protection-and-privacy-legislation-worldwide,Legal (same-sex relations not criminalised; no recognition),https://www.humandignitytrust.org/country-profile/central-african-republic/; https://ilga.org/ilga-world-maps/,No/Annulled,https://ilga.org/ilga-world-maps/,None (no AI strategy identified),https://en.unesco.org/artificial-intelligence/observatory/policies?country=CF; https://www.unesco.org/ethics-ai/en/global-hub,No,https://unctad.org/page/data-protection-and-privacy-legislation-worldwide,Yes (mandatory biometric SIM registration),https://www.gsma.com/solutions-and-impact/connectivity-for-good/public-policy/mobile-policy-handbook/consumer-protection/mandatory-registration-of-prepaid-sims/; https://privacyinternational.org/learn/sim-card-registration,,,,,,,,,,,,,,34,,,,,,
35,Chad,Africa,ECCAS,In force (Law No. 007/PR/2015 on Protection of Personal Data),https://unctad.org/page/data-protection-and-privacy-legislation-worldwide,Moderate (ANPDP created as authority),https://unctad.org/page/data-protection-and-privacy-legislation-worldwide,Partial (Child Protection Code; no COP strategy),https://unctad.org/page/data-protection-and-privacy-legislation-worldwide; https://www.unicef.org/chad/,No,https://www.unicef.org/chad/,No,https://unctad.org/page/data-protection-and-privacy-legislation-worldwide,Criminalised (same-sex relations criminalised in Penal Code 2017),https://www.humandignitytrust.org/country-profile/chad/; https://ilga.org/ilga-world-maps/,Yes (anti-LGBT provisions),https://ilga.org/ilga-world-maps/,None (no AI strategy identified),https://en.unesco.org/artificial-intelligence/observatory/policies?country=TD; https://www.unesco.org/ethics-ai/en/global-hub,No,https://unctad.org/page/data-protection-and-privacy-legislation-worldwide,Yes (biometric SIM registration required),https://www.gsma.com/solutions-and-impact/connectivity-for-good/public-policy/mobile-policy-handbook/consumer-protection/mandatory-registration-of-prepaid-sims/; https://privacyinternational.org/learn/sim-card-registration,,,,,,,,,,,,,,35,,,,,,
40,Congo (Republic of the),Africa,ECCAS,In force (Law No. 29-2019 on Protection of Personal Data),https://unctad.org/page/data-protection-and-privacy-legislation-worldwide,Moderate (CNIL established as data protection authority),https://unctad.org/page/data-protection-and-privacy-legislation-worldwide,Partial (Child Protection laws; no COP strategy),https://unctad.org/page/data-protection-and-privacy-legislation-worldwide; https://www.unicef.org/congo-republic-of-the/,No,https://www.unicef.org/congo-republic-of-the/,No,https://unctad.org/page/data-protection-and-privacy-legislation-worldwide,Criminalised (Penal Code criminalises same-sex acts),https://www.humandignitytrust.org/country-profile/congo-republic-of-the/; https://ilga.org/ilga-world-maps/,Yes (morality law restrictions),https://ilga.org/ilga-world-maps/,None (no AI strategy identified),https://www.unesco.org/ethics-ai/en/global-hub,No,https://unctad.org/page/data-protection-and-privacy-legislation-worldwide,Yes (biometric SIM registration required),https://www.gsma.com/solutions-and-impact/connectivity-for-good/public-policy/mobile-policy-handbook/consumer-protection/mandatory-registration-of-prepaid-sims/; https://privacyinternational.org/learn/sim-card-registration,,,,,,,,,,,,,,40,,,,,,
56,Equatorial Guinea,Africa,ECCAS,,https://unctad.org/page/data-protection-and-privacy-legislation-worldwide,None (no authority),https://unctad.org/page/data-protection-and-privacy-legislation-worldwide,No,https://www.unicef.org/equatorial-guinea/,No,https://www.unicef.org/equatorial-guinea/,No,https://unctad.org/page/data-protection-and-privacy-legislation-worldwide,Criminalised,https://www.humandignitytrust.org/country-profile/equatorial-guinea/; https://ilga.org/ilga-world-maps/,Yes (morality provisions),https://ilga.org/ilga-world-maps/,,https://en.unesco.org/artificial-intelligence/observatory/policies?country=GQ; https://www.unesco.org/ethics-ai/en/global-hub,No,https://unctad.org/page/data-protection-and-privacy-legislation-worldwide,Yes (mandatory biometric SIM registration),https://www.gsma.com/solutions-and-impact/connectivity-for-good/public-policy/mobile-policy-handbook/consumer-protection/mandatory-registration-of-prepaid-sims/; https://privacyinternational.org/learn/sim-card-registration,,,,,,,,,,,,,,56,,,,,,
64,Gabon,Africa,ECCAS,"In force — Law No. 001/2011 on Personal Data Protection (2011), CNPDCP regulator","UNCTAD Data Protection Tracker, accessed 2026-01-25","Moderate (CNPDCP exists, limited independence)",https://unctad.org/page/data-protection-and-privacy-legislation-worldwide,Partial (general child protections; no COP framework),https://unctad.org/page/data-protection-and-privacy-legislation-worldwide; https://www.unicef.org/gabon/,No,https://www.unicef.org/gabon/,No,https://unctad.org/page/data-protection-and-privacy-legislation-worldwide,"Decriminalised — 2019 recriminalisation repealed 2020, no formal recognition","ILGA World Maps, accessed 2026-01-25",No,https://ilga.org/ilga-world-maps/,,https://en.unesco.org/artificial-intelligence/observatory/policies?country=GA; https://www.unesco.org/ethics-ai/en/global-hub,No,https://unctad.org/page/data-protection-and-privacy-legislation-worldwide,Yes (mandatory SIM registration with ID),https://www.gsma.com/solutions-and-impact/connectivity-for-good/public-policy/mobile-policy-handbook/consumer-protection/mandatory-registration-of-prepaid-sims/,,,,,,,,,,,,,,64,,,,,,
151,Sao Tome and Principe,Africa,ECCAS,,https://unctad.org/page/data-protection-and-privacy-legislation-worldwide,,https://unctad.org/page/data-protection-and-privacy-legislation-worldwide,No,https://www.unicef.org/sao-tome-and-principe/,No,https://www.unicef.org/sao-tome-and-principe/,No,https://unctad.org/page/data-protection-and-privacy-legislation-worldwide,"Legal — decriminalised 2012, no recognition",https://www.humandignitytrust.org/country-profile/sao-tome-and-principe/; https://ilga.org/ilga-world-maps/,No,https://ilga.org/ilga-world-maps/,,https://en.unesco.org/artificial-intelligence/observatory/policies?country=ST; https://www.unesco.org/ethics-ai/en/global-hub,No,https://unctad.org/page/data-protection-and-privacy-legislation-worldwide,Yes,https://www.gsma.com/solutions-and-impact/connectivity-for-good/public-policy/mobile-policy-handbook/consumer-protection/mandatory-registration-of-prepaid-sims/,,,,,,,,,,,,,,151,,,,,,
20,Benin,Africa,ECOWAS,"In force — Law No. 2009-09 on Personal Data Protection (2009), APDP regulator active","UNCTAD Data Protection Tracker, accessed 2026-01-25",Moderate (APDP operational),https://unctad.org/page/data-protection-and-privacy-legislation-worldwide,Partial (Child Code; no national COP strategy),https://unctad.org/page/data-protection-and-privacy-legislation-worldwide; https://www.unicef.org/benin/,No,https://www.unicef.org/benin/,No,https://unctad.org/page/data-protection-and-privacy-legislation-worldwide,Legal (no criminalisation; no recognition),https://www.humandignitytrust.org/country-profile/benin/; https://ilga.org/ilga-world-maps/,No/Annulled,https://ilga.org/ilga-world-maps/,"Draft/Early — AI policy referenced in Digital Strategy 2021, no formal AI strategy adopted","UNESCO AI Policy Observatory, accessed 2026-01-25",No,https://unctad.org/page/data-protection-and-privacy-legislation-worldwide,Yes (SIM biometric registration required),https://www.gsma.com/solutions-and-impact/connectivity-for-good/public-policy/mobile-policy-handbook/consumer-protection/mandatory-registration-of-prepaid-sims/; https://privacyinternational.org/learn/sim-card-registration,2.0,2.0,2.0,1.0,2.0,1.0,2.0,1.0,1.0,2.0,,,,20,,,,,,
28,Burkina Faso,Africa,ECOWAS,In force (Law No. 001-2021/AN on Personal Data Protection),https://unctad.org/page/data-protection-and-privacy-legislation-worldwide,Moderate (CIL created as independent authority),https://unctad.org/page/data-protection-and-privacy-legislation-worldwide,Partial (Child Protection Code; no COP strategy),https://unctad.org/page/data-protection-and-privacy-legislation-worldwide; https://www.unicef.org/burkina-faso/,No,https://www.unicef.org/burkina-faso/,No,https://unctad.org/page/data-protection-and-privacy-legislation-worldwide,Legal (same-sex relations not criminalised; no recognition),https://www.humandignitytrust.org/country-profile/burkina-faso/; https://ilga.org/ilga-world-maps/,No/Annulled,https://ilga.org/ilga-world-maps/,None (no AI strategy identified),https://en.unesco.org/artificial-intelligence/observatory/policies?country=BF; https://www.unesco.org/ethics-ai/en/global-hub,No,https://unctad.org/page/data-protection-and-privacy-legislation-worldwide,Yes (SIM biometric registration mandatory),https://www.gsma.com/solutions-and-impact/connectivity-for-good/public-policy/mobile-policy-handbook/consumer-protection/mandatory-registration-of-prepaid-sims/; https://privacyinternational.org/learn/sim-card-registration,2.0,2.0,2.0,1.0,2.0,1.0,2.0,1.0,1.0,2.0,,,,28,,,,,,
30,Cabo Verde,Africa,ECOWAS,"In force — Law No. 133/V/2001 on Personal Data Protection (2001, amended 2013, updated 2021)","UNCTAD Data Protection Tracker, accessed 2026-01-25",Moderate (CNPD created as authority),https://unctad.org/page/data-protection-and-privacy-legislation-worldwide,Partial (Child and Adolescent Code; no COP strategy),https://unctad.org/page/data-protection-and-privacy-legislation-worldwide; https://www.unicef.org/cabo-verde/,No,https://www.unicef.org/cabo-verde/,No (not explicitly in law),https://unctad.org/page/data-protection-and-privacy-legislation-worldwide,"Legal — decriminalised 2004, anti-discrimination protections added 2008, no marriage recognition","ILGA World Maps, accessed 2026-01-25",No/Annulled,https://ilga.org/ilga-world-maps/,Draft/Early (AI elements in Digital Strategy 2021–2030),https://en.unesco.org/artificial-intelligence/observatory/policies?country=CV; https://www.unesco.org/ethics-ai/en/global-hub,No,https://unctad.org/page/data-protection-and-privacy-legislation-worldwide,Yes (SIM registration with ID and biometric data required),https://www.gsma.com/solutions-and-impact/connectivity-for-good/public-policy/mobile-policy-handbook/consumer-protection/mandatory-registration-of-prepaid-sims/; https://privacyinternational.org/learn/sim-card-registration,2.0,2.0,2.0,1.0,2.0,1.0,2.0,1.0,1.0,2.0,,,,30,,,,,,
46,Côte d’Ivoire,Africa,ECOWAS,In force (Law No. 2013-450; ARTCI regulator),https://unctad.org/page/data-protection-and-privacy-legislation-worldwide,Moderate (ARTCI operational),https://unctad.org/page/data-protection-and-privacy-legislation-worldwide,Partial (laws exist; no national COP strategy),https://unctad.org/page/data-protection-and-privacy-legislation-worldwide; https://www.unicef.org/cote-divoire/,No,https://www.unicef.org/cote-divoire/,No,https://unctad.org/page/data-protection-and-privacy-legislation-worldwide,Criminalised,https://www.humandignitytrust.org/country-profile/cote-divoire/; https://ilga.org/ilga-world-maps/,Yes (morality-based restrictions),https://ilga.org/ilga-world-maps/,Draft/Early (AI in Digital Plan 2021–2025),https://www.unesco.org/ethics-ai/en/global-hub,No,https://unctad.org/page/data-protection-and-privacy-legislation-worldwide,Yes (mandatory biometric SIM registration),https://www.gsma.com/solutions-and-impact/connectivity-for-good/public-policy/mobile-policy-handbook/consumer-protection/mandatory-registration-of-prepaid-sims/; https://privacyinternational.org/learn/sim-card-registration,2.0,2.0,2.0,1.0,2.0,1.0,2.0,1.0,1.0,2.0,,,,46,,,,,,
65,Gambia,Africa,ECOWAS,Draft (bill pending),https://unctad.org/page/data-protection-and-privacy-legislation-worldwide,,https://unctad.org/page/data-protection-and-privacy-legislation-worldwide,No,https://www.unicef.org/gambia/,No,https://www.unicef.org/gambia/,No,https://unctad.org/page/data-protection-and-privacy-legislation-worldwide,Criminalised,https://www.humandignitytrust.org/country-profile/gambia/; https://ilga.org/ilga-world-maps/,Yes (restrictions on LGBTQ expression),https://ilga.org/ilga-world-maps/,,https://en.unesco.org/artificial-intelligence/observatory/policies?country=GM; https://www.unesco.org/ethics-ai/en/global-hub,No,https://unctad.org/page/data-protection-and-privacy-legislation-worldwide,Yes (mandatory biometric SIM registration),https://www.gsma.com/solutions-and-impact/connectivity-for-good/public-policy/mobile-policy-handbook/consumer-protection/mandatory-registration-of-prepaid-sims/; https://privacyinternational.org/learn/sim-card-registration,2.0,2.0,2.0,1.0,2.0,1.0,2.0,1.0,1.0,2.0,,,,65,,,,,,
68,Ghana,Africa,ECOWAS,"In force (Data Protection Act, 2012)",https://unctad.org/page/data-protection-and-privacy-legislation-worldwide,Moderate (Data Protection Commission; limited capacity),https://unctad.org/page/data-protection-and-privacy-legislation-worldwide,Partial (general child rights; no COP framework),https://unctad.org/page/data-protection-and-privacy-legislation-worldwide; https://www.unicef.org/ghana/,Partial (digital literacy programs),https://www.unicef.org/ghana/,No,https://unctad.org/page/data-protection-and-privacy-legislation-worldwide,Criminalised,https://www.humandignitytrust.org/country-profile/ghana/; https://ilga.org/ilga-world-maps/,Proposed/Unclear (2021 anti-LGBTQ bill pending),https://ilga.org/ilga-world-maps/,Draft/Early (digital transformation program; no standalone AI strategy),https://en.unesco.org/artificial-intelligence/observatory/policies?country=GH; https://www.unesco.org/ethics-ai/en/global-hub,No,https://unctad.org/page/data-protection-and-privacy-legislation-worldwide,Yes (mandatory biometric SIM registration since 2021),https://www.gsma.com/solutions-and-impact/connectivity-for-good/public-policy/mobile-policy-handbook/consumer-protection/mandatory-registration-of-prepaid-sims/; https://privacyinternational.org/learn/sim-card-registration,2.0,2.0,2.0,1.0,2.0,1.0,2.0,1.0,1.0,2.0,,,,68,,,,,,
72,Guinea,Africa,ECOWAS,In force (Law L/2016/037/AN on Personal Data Protection),https://unctad.org/page/data-protection-and-privacy-legislation-worldwide,"Weak (authority exists, limited independence)",https://unctad.org/page/data-protection-and-privacy-legislation-worldwide,Partial (general child protections),https://unctad.org/page/data-protection-and-privacy-legislation-worldwide; https://www.unicef.org/guinea/,No,https://www.unicef.org/guinea/,No,https://unctad.org/page/data-protection-and-privacy-legislation-worldwide,Criminalised,https://www.humandignitytrust.org/country-profile/guinea/; https://ilga.org/ilga-world-maps/,Yes,https://ilga.org/ilga-world-maps/,,https://en.unesco.org/artificial-intelligence/observatory/policies?country=GN; https://www.unesco.org/ethics-ai/en/global-hub,No,https://unctad.org/page/data-protection-and-privacy-legislation-worldwide,Yes (biometric SIM registration required),https://www.gsma.com/solutions-and-impact/connectivity-for-good/public-policy/mobile-policy-handbook/consumer-protection/mandatory-registration-of-prepaid-sims/; https://privacyinternational.org/learn/sim-card-registration,2.0,2.0,2.0,1.0,2.0,1.0,2.0,1.0,1.0,2.0,,,,72,,,,,,
73,Guinea-Bissau,Africa,ECOWAS,,https://unctad.org/page/data-protection-and-privacy-legislation-worldwide,,https://unctad.org/page/data-protection-and-privacy-legislation-worldwide,No,https://www.unicef.org/guinea-bissau/,No,https://www.unicef.org/guinea-bissau/,No,https://unctad.org/page/data-protection-and-privacy-legislation-worldwide,Criminalised,https://www.humandignitytrust.org/country-profile/guinea-bissau/; https://ilga.org/ilga-world-maps/,Yes,https://ilga.org/ilga-world-maps/,,https://en.unesco.org/artificial-intelligence/observatory/policies?country=GW; https://www.unesco.org/ethics-ai/en/global-hub,No,https://unctad.org/page/data-protection-and-privacy-legislation-worldwide,Yes (mandatory SIM registration with ID),https://www.gsma.com/solutions-and-impact/connectivity-for-good/public-policy/mobile-policy-handbook/consumer-protection/mandatory-registration-of-prepaid-sims/,2.0,2.0,2.0,1.0,2.0,1.0,2.0,1.0,1.0,2.0,,,,73,,,,,,
98,Liberia,Africa,ECOWAS,,https://unctad.org/page/data-protection-and-privacy-legislation-worldwide,,https://unctad.org/page/data-protection-and-privacy-legislation-worldwide,No,https://www.unicef.org/liberia/,No,https://www.unicef.org/liberia/,No,https://unctad.org/page/data-protection-and-privacy-legislation-worldwide,Criminalised (Penal Code Article 14.74),https://www.humandignitytrust.org/country-profile/liberia/; https://ilga.org/ilga-world-maps/,Yes,https://ilga.org/ilga-world-maps/,,https://en.unesco.org/artificial-intelligence/observatory/policies?country=LR; https://www.unesco.org/ethics-ai/en/global-hub,No,https://unctad.org/page/data-protection-and-privacy-legislation-worldwide,Yes (mandatory SIM ID registration),https://www.gsma.com/solutions-and-impact/connectivity-for-good/public-policy/mobile-policy-handbook/consumer-protection/mandatory-registration-of-prepaid-sims/,2.0,2.0,2.0,1.0,2.0,1.0,2.0,1.0,1.0,2.0,,,,98,,,,,,
107,Mali,Africa,ECOWAS,In force (Law No. 2013-015 on Personal Data Protection),https://unctad.org/page/data-protection-and-privacy-legislation-worldwide,Moderate (Malian DPA established),https://unctad.org/page/data-protection-and-privacy-legislation-worldwide,No,https://www.unicef.org/mali/,No,https://www.unicef.org/mali/,No,https://unctad.org/page/data-protection-and-privacy-legislation-worldwide,Criminalised (Penal Code provisions),https://www.humandignitytrust.org/country-profile/mali/; https://ilga.org/ilga-world-maps/,Yes,https://ilga.org/ilga-world-maps/,,https://en.unesco.org/artificial-intelligence/observatory/policies?country=ML; https://www.unesco.org/ethics-ai/en/global-hub,No,https://unctad.org/page/data-protection-and-privacy-legislation-worldwide,Yes (biometric SIM registration mandatory),https://www.gsma.com/solutions-and-impact/connectivity-for-good/public-policy/mobile-policy-handbook/consumer-protection/mandatory-registration-of-prepaid-sims/; https://privacyinternational.org/learn/sim-card-registration,,,,,,,,,,,,,,107,,,,,,
126,Niger,Africa,ECOWAS,Draft — no comprehensive law,https://unctad.org/page/data-protection-and-privacy-legislation-worldwide,,https://unctad.org/page/data-protection-and-privacy-legislation-worldwide,No,https://www.unicef.org/niger/,No,https://www.unicef.org/niger/,No,https://unctad.org/page/data-protection-and-privacy-legislation-worldwide,Criminalised (Penal Code Art. 282),https://www.humandignitytrust.org/country-profile/niger/; https://ilga.org/ilga-world-maps/,Yes,https://ilga.org/ilga-world-maps/,,https://en.unesco.org/artificial-intelligence/observatory/policies?country=NE; https://www.unesco.org/ethics-ai/en/global-hub,No,https://unctad.org/page/data-protection-and-privacy-legislation-worldwide,Yes — biometric SIM registration mandatory,https://www.gsma.com/solutions-and-impact/connectivity-for-good/public-policy/mobile-policy-handbook/consumer-protection/mandatory-registration-of-prepaid-sims/; https://privacyinternational.org/learn/sim-card-registration,,,,,,,,,,,,,,126,,,,,,
127,Nigeria,Africa,ECOWAS,In force — Nigeria Data Protection Act (2023),https://unctad.org/page/data-protection-and-privacy-legislation-worldwide,Moderate — NDPB (2022) under Ministry,https://unctad.org/page/data-protection-and-privacy-legislation-worldwide,Partial,https://unctad.org/page/data-protection-and-privacy-legislation-worldwide; https://www.unicef.org/nigeria/,No,https://www.unicef.org/nigeria/,No,https://unctad.org/page/data-protection-and-privacy-legislation-worldwide,Criminalised — Same-Sex Marriage (Prohibition) Act (2014),https://www.humandignitytrust.org/country-profile/nigeria/; https://ilga.org/ilga-world-maps/,Yes,https://ilga.org/ilga-world-maps/,Draft/Early — National AI Strategy in development (2023),https://en.unesco.org/artificial-intelligence/observatory/policies?country=NG; https://www.unesco.org/ethics-ai/en/global-hub,No,https://unctad.org/page/data-protection-and-privacy-legislation-worldwide,Yes — SIM-NIN biometric linkage mandatory,https://www.gsma.com/solutions-and-impact/connectivity-for-good/public-policy/mobile-policy-handbook/consumer-protection/mandatory-registration-of-prepaid-sims/; https://privacyinternational.org/learn/sim-card-registration,2.0,2.0,2.0,1.0,2.0,1.0,2.0,1.0,1.0,2.0,,,,127,,,,,,
153,Senegal,Africa,ECOWAS,"In force — Law 2008-12 on Personal Data Protection (2008), enforced by CDP","UNCTAD Data Protection Tracker, accessed 2026-01-25",Moderate — CDP,https://unctad.org/page/data-protection-and-privacy-legislation-worldwide,Partial,https://unctad.org/page/data-protection-and-privacy-legislation-worldwide; https://www.unicef.org/senegal/,Partial,https://www.unicef.org/senegal/,No,https://unctad.org/page/data-protection-and-privacy-legislation-worldwide,Criminalised — Penal Code Art. 319,https://www.humandignitytrust.org/country-profile/senegal/; https://ilga.org/ilga-world-maps/,Yes,https://ilga.org/ilga-world-maps/,Draft/Early — AI included in Digital Senegal Strategy 2025,https://en.unesco.org/artificial-intelligence/observatory/policies?country=SN; https://www.unesco.org/ethics-ai/en/global-hub,No,https://unctad.org/page/data-protection-and-privacy-legislation-worldwide,Yes,https://www.gsma.com/solutions-and-impact/connectivity-for-good/public-policy/mobile-policy-handbook/consumer-protection/mandatory-registration-of-prepaid-sims/,2.0,2.0,2.0,1.0,2.0,1.0,2.0,1.0,1.0,2.0,,,,153,,,,,,
156,Sierra Leone,Africa,ECOWAS,In force — Data Protection Act 2023,https://unctad.org/page/data-protection-and-privacy-legislation-worldwide,Moderate — Data Protection Commission (new),https://unctad.org/page/data-protection-and-privacy-legislation-worldwide,Partial — provisions under Child Rights Act,https://unctad.org/page/data-protection-and-privacy-legislation-worldwide; https://www.unicef.org/sierra-leone/,No,https://www.unicef.org/sierra-leone/,No,https://unctad.org/page/data-protection-and-privacy-legislation-worldwide,Criminalised — colonial-era sodomy laws remain,https://www.humandignitytrust.org/country-profile/sierra-leone/; https://ilga.org/ilga-world-maps/,Yes,https://ilga.org/ilga-world-maps/,,https://en.unesco.org/artificial-intelligence/observatory/policies?country=SL; https://www.unesco.org/ethics-ai/en/global-hub,No,https://unctad.org/page/data-protection-and-privacy-legislation-worldwide,Yes,https://www.gsma.com/solutions-and-impact/connectivity-for-good/public-policy/mobile-policy-handbook/consumer-protection/mandatory-registration-of-prepaid-sims/,2.0,2.0,2.0,1.0,2.0,1.0,2.0,1.0,1.0,2.0,,,,156,,,,,,
176,Togo,Africa,ECOWAS,In force — Law No. 2019-014 on Personal Data Protection,https://unctad.org/page/data-protection-and-privacy-legislation-worldwide,Moderate — Autorité de Protection des Données Personnelles (APDP),https://unctad.org/page/data-protection-and-privacy-legislation-worldwide,Partial,https://unctad.org/page/data-protection-and-privacy-legislation-worldwide; https://www.unicef.org/togo/,No,https://www.unicef.org/togo/,No,https://unctad.org/page/data-protection-and-privacy-legislation-worldwide,"Criminalised — Penal Code 1980, Sec. 88",https://www.humandignitytrust.org/country-profile/togo/; https://ilga.org/ilga-world-maps/,Yes,https://ilga.org/ilga-world-maps/,,https://en.unesco.org/artificial-intelligence/observatory/policies?country=TG; https://www.unesco.org/ethics-ai/en/global-hub,No,https://unctad.org/page/data-protection-and-privacy-legislation-worldwide,Yes — SIMs linked to ID,https://www.gsma.com/solutions-and-impact/connectivity-for-good/public-policy/mobile-policy-handbook/consumer-protection/mandatory-registration-of-prepaid-sims/,2.0,2.0,2.0,1.0,2.0,1.0,2.0,1.0,1.0,2.0,,,,176,,,,,,
50,Djibouti,Africa,IGAD,"Draft (Law on Protection of Personal Data, not yet adopted)",https://unctad.org/page/data-protection-and-privacy-legislation-worldwide,Weak (no functioning authority),https://unctad.org/page/data-protection-and-privacy-legislation-worldwide,No,https://www.unicef.org/djibouti/,No,https://www.unicef.org/djibouti/,No,https://unctad.org/page/data-protection-and-privacy-legislation-worldwide,Criminalised,https://www.humandignitytrust.org/country-profile/djibouti/; https://ilga.org/ilga-world-maps/,Yes (morality/public decency restrictions),https://ilga.org/ilga-world-maps/,None (no AI strategy),https://en.unesco.org/artificial-intelligence/observatory/policies?country=DJ; https://www.unesco.org/ethics-ai/en/global-hub,No,https://unctad.org/page/data-protection-and-privacy-legislation-worldwide,Yes (mandatory biometric SIM registration),https://www.gsma.com/solutions-and-impact/connectivity-for-good/public-policy/mobile-policy-handbook/consumer-protection/mandatory-registration-of-prepaid-sims/; https://privacyinternational.org/learn/sim-card-registration,,,,,,,,,,,,,,50,,,,,,
57,Eritrea,Africa,IGAD,,https://unctad.org/page/data-protection-and-privacy-legislation-worldwide,,https://unctad.org/page/data-protection-and-privacy-legislation-worldwide,No,https://www.unicef.org/eritrea/,No,https://www.unicef.org/eritrea/,No,https://unctad.org/page/data-protection-and-privacy-legislation-worldwide,Criminalised,https://www.humandignitytrust.org/country-profile/eritrea/; https://ilga.org/ilga-world-maps/,Yes (morality/public decency laws),https://ilga.org/ilga-world-maps/,None (no AI strategy),https://en.unesco.org/artificial-intelligence/observatory/policies?country=ER; https://www.unesco.org/ethics-ai/en/global-hub,No,https://unctad.org/page/data-protection-and-privacy-legislation-worldwide,Yes (SIMs linked to national ID; biometric registration reported),https://www.gsma.com/solutions-and-impact/connectivity-for-good/public-policy/mobile-policy-handbook/consumer-protection/mandatory-registration-of-prepaid-sims/; https://privacyinternational.org/learn/sim-card-registration,,,,,,,,,,,,,,57,,,,,,
60,Ethiopia,Africa,IGAD,Draft (bill circulated; not yet law),https://unctad.org/page/data-protection-and-privacy-legislation-worldwide,None (draft proposes authority),https://unctad.org/page/data-protection-and-privacy-legislation-worldwide,Partial (general protections; no COP law),https://unctad.org/page/data-protection-and-privacy-legislation-worldwide; https://www.unicef.org/ethiopia/,No,https://www.unicef.org/ethiopia/,No,https://unctad.org/page/data-protection-and-privacy-legislation-worldwide,Criminalised,https://www.humandignitytrust.org/country-profile/ethiopia/; https://ilga.org/ilga-world-maps/,Yes (morality laws),https://ilga.org/ilga-world-maps/,"Adopted (National AI Strategy, 2020)",https://en.unesco.org/artificial-intelligence/observatory/policies?country=ET; https://www.unesco.org/ethics-ai/en/global-hub,No,https://unctad.org/page/data-protection-and-privacy-legislation-worldwide,Yes (biometric SIM registration mandatory),https://www.gsma.com/solutions-and-impact/connectivity-for-good/public-policy/mobile-policy-handbook/consumer-protection/mandatory-registration-of-prepaid-sims/; https://privacyinternational.org/learn/sim-card-registration,,,,,,,,,,,,,,60,,,,,,
161,Somalia,Africa,IGAD,,https://unctad.org/page/data-protection-and-privacy-legislation-worldwide,,https://unctad.org/page/data-protection-and-privacy-legislation-worldwide,No,https://www.unicef.org/somalia/,No,https://www.unicef.org/somalia/,No,https://unctad.org/page/data-protection-and-privacy-legislation-worldwide,Criminalised — harsh penalties,https://www.humandignitytrust.org/country-profile/somalia/; https://ilga.org/ilga-world-maps/,Yes,https://ilga.org/ilga-world-maps/,,https://en.unesco.org/artificial-intelligence/observatory/policies?country=SO; https://www.unesco.org/ethics-ai/en/global-hub,No,https://unctad.org/page/data-protection-and-privacy-legislation-worldwide,Yes — mandatory SIM registration,https://www.gsma.com/solutions-and-impact/connectivity-for-good/public-policy/mobile-policy-handbook/consumer-protection/mandatory-registration-of-prepaid-sims/,,,,,,,,,,,,,,161,,,,,,
163,South Sudan,Africa,IGAD,,https://unctad.org/page/data-protection-and-privacy-legislation-worldwide,,https://unctad.org/page/data-protection-and-privacy-legislation-worldwide,No,https://www.unicef.org/south-sudan/,No,https://www.unicef.org/south-sudan/,No,https://unctad.org/page/data-protection-and-privacy-legislation-worldwide,Criminalised,https://www.humandignitytrust.org/country-profile/south-sudan/; https://ilga.org/ilga-world-maps/,Yes,https://ilga.org/ilga-world-maps/,,https://en.unesco.org/artificial-intelligence/observatory/policies?country=SS; https://www.unesco.org/ethics-ai/en/global-hub,No,https://unctad.org/page/data-protection-and-privacy-legislation-worldwide,Yes,https://www.gsma.com/solutions-and-impact/connectivity-for-good/public-policy/mobile-policy-handbook/consumer-protection/mandatory-registration-of-prepaid-sims/,,,,,,,,,,,,,,163,,,,,,
167,Sudan,Africa,IGAD,Draft only,https://unctad.org/page/data-protection-and-privacy-legislation-worldwide,,https://unctad.org/page/data-protection-and-privacy-legislation-worldwide,No,https://www.unicef.org/sudan/,No,https://www.unicef.org/sudan/,No,https://unctad.org/page/data-protection-and-privacy-legislation-worldwide,Criminalised — harsh penalties under Penal Code,https://www.humandignitytrust.org/country-profile/sudan/; https://ilga.org/ilga-world-maps/,Yes,https://ilga.org/ilga-world-maps/,,https://en.unesco.org/artificial-intelligence/observatory/policies?country=SD; https://www.unesco.org/ethics-ai/en/global-hub,No,https://unctad.org/page/data-protection-and-privacy-legislation-worldwide,Yes — biometric SIM registration required,https://www.gsma.com/solutions-and-impact/connectivity-for-good/public-policy/mobile-policy-handbook/consumer-protection/mandatory-registration-of-prepaid-sims/; https://privacyinternational.org/learn/sim-card-registration,,,,,,,,,,,,,,167,,,,,,
6,Angola,Africa,SADC,In force (Lei 22/11 – Protecção de Dados Pessoais; APD operational),https://unctad.org/page/data-protection-and-privacy-legislation-worldwide,Moderate,https://unctad.org/page/data-protection-and-privacy-legislation-worldwide,Yes,https://unctad.org/page/data-protection-and-privacy-legislation-worldwide; https://www.unicef.org/angola/,Partial,https://www.unicef.org/angola/,Partial/Unclear,https://unctad.org/page/data-protection-and-privacy-legislation-worldwide,Legal (no criminalisation; anti-discrimination),https://www.humandignitytrust.org/country-profile/angola/; https://ilga.org/ilga-world-maps/,"No/Annulled. No propaganda laws, no morality policing identified.",https://ilga.org/ilga-world-maps/,Draft/Early (White Paper LBTIC 2023–2027 approved Dec 2024; ENIA foreseen),https://en.unesco.org/artificial-intelligence/observatory/policies?country=AO; https://www.unesco.org/ethics-ai/en/global-hub,No,https://unctad.org/page/data-protection-and-privacy-legislation-worldwide,No biometric at SIM; ID-only,https://www.gsma.com/solutions-and-impact/connectivity-for-good/public-policy/mobile-policy-handbook/consumer-protection/mandatory-registration-of-prepaid-sims/,2.0,2.0,2.0,1.0,2.0,1.0,2.0,1.0,1.0,2.0,,,,6,,,,,1.0,
24,Botswana,Africa,SADC,"In force — Data Protection Act 2024 (Act 18 of 2024), commenced 14 Jan 2025 (S.I. 4/2025), repealing the 2018 Act.",https://unctad.org/page/data-protection-and-privacy-legislation-worldwide ; https://botswanalaws.com/StatutesAct/2024%20Data%20Protection%20Act.pdf ; https://gazettes.africa/gazettes/bw-government-gazette-dated-2025-01-14-no-4.pdf,Information and Data Protection Commission (IDPC) acts with complete operational independence; not subject to ministerial direction.,https://botswanalaws.com/StatutesAct/2024%20Data%20Protection%20Act.pdf,Children’s Act (Cap. 28:04) + Data Protection Act 2024 (s.29: parental authorization; child 16+ may consent).,https://www.unicef.org/botswana/ ; https://botswanalaws.com/StatutesAct/2024%20Data%20Protection%20Act.pdf,No dedicated COP strategy; SmartBots programme commits to a safer cyberspace.,https://www.unicef.org/botswana/ ; https://www.smartbots.gov.bw/,Yes — DPA 2024 s.30 prohibits processing data revealing sex life or sexual orientation.,https://botswanalaws.com/StatutesAct/2024%20Data%20Protection%20Act.pdf,Decriminalised — High Court (2019) and Court of Appeal (2021) struck down Penal Code provisions criminalising same-sex relations.,https://www.humandignitytrust.org/country-profile/botswana/ ; https://ilga.org/ilga-world-maps/ ; https://botswanalaws.com/case/NDBHC_2019_0001.html,"No evidence of propaganda laws or morality-based administrative censorship targeting LGBTQ expression. Decriminalised, no propaganda laws, no morality policing.",https://ilga.org/ilga-world-maps/ ; https://upr-info.org/en/review/botswana,No standalone AI law. Botswana implements SmartBots 4IR Strategy; SmartBots Lab established.,https://en.unesco.org/artificial-intelligence/observatory/policies?country=BW ; https://www.unesco.org/ethics-ai/en/global-hub ; https://www.smartbots.gov.bw/ ; https://www.gov.bw/news/smartbots-strategy,"Yes — DPA 2024 Part XII requires Data Protection Impact Assessments for high-risk processing, with prior consultation.",https://botswanalaws.com/StatutesAct/2024%20Data%20Protection%20Act.pdf,"SIM registration mandatory using Omang ID/passport. No biometric capture at point-of-sale, but Omang is biometric-backed, creating indirect linkage. Omang used but no biometric at SIM point.",https://www.gsma.com/solutions-and-impact/connectivity-for-good/public-policy/mobile-policy-handbook/consumer-protection/mandatory-registration-of-prepaid-sims/ ; https://privacyinternational.org/learn/sim-card-registration,2.0,2.0,2.0,1.0,2.0,2.0,2.0,1.0,1.0,0.0,,,,24,18.0,7.0,11.0,16.0,1.0,15.0
39,Comoros,Africa,SADC,"Law No. 18-007 (2018) on the Protection of Personal Data — in force, GDPR-inspired provisions, establishes CNPDCP.",https://afadpp.org/wp-content/uploads/2019/04/Comores-Loi-2018-007-sur-la-protection-des-donnees-personnelles.pdf ; https://unctad.org/page/data-protection-and-privacy-legislation-worldwide,Commission Nationale de Protection des Données à Caractère Personnel (CNPDCP) established as independent administrative authority.,https://afadpp.org/wp-content/uploads/2019/04/Comores-Loi-2018-007-sur-la-protection-des-donnees-personnelles.pdf,No explicit COP law. Law 18-007 (2018) provides general safeguards. Penal Code and Child Protection Law criminalise sexual exploitation and abuse.,https://unctad.org/page/data-protection-and-privacy-legislation-worldwide ; https://www.unicef.org/comoros/,No dedicated COP strategy identified. UNICEF reports initiatives on online child protection and awareness campaigns.,https://www.unicef.org/comoros/,"Yes — Law 18-007 defines “sensitive data” to include data concerning sex life, interpreted as covering sexual orientation.",https://afadpp.org/wp-content/uploads/2019/04/Comores-Loi-2018-007-sur-la-protection-des-donnees-personnelles.pdf,Criminalised — Penal Code (Art. 318) punishes same-sex relations with up to 5 years imprisonment and fines.,https://www.humandignitytrust.org/country-profile/comoros/ ; https://ilga.org/ilga-world-maps/,No specific propaganda ban. General Penal Code morality/indecency provisions may be applied against LGBTQ expression. Same-sex criminalised; morality law environment.,https://www.humandignitytrust.org/country-profile/comoros/ ; https://ilga.org/ilga-world-maps/,No dedicated AI law or national strategy. Government participates in AU and ITU AI capacity-building initiatives.,https://en.unesco.org/artificial-intelligence/observatory/policies?country=KM ; https://au.int/en/documents/20240620/continental-strategy-artificial-intelligence-africa-2024,"Law 18-007 requires prior notification/authorisation for processing sensitive data or large-scale processing, but no AI-specific DPIA.",https://afadpp.org/wp-content/uploads/2019/04/Comores-Loi-2018-007-sur-la-protection-des-donnees-personnelles.pdf,"SIM registration mandatory with ID (passport or national ID). Omnipresence of biometric-backed ID creates indirect biometric link. ID required, but no biometric",https://www.gsma.com/solutions-and-impact/connectivity-for-good/public-policy/mobile-policy-handbook/consumer-protection/mandatory-registration-of-prepaid-sims/,2.0,2.0,1.0,1.0,2.0,1.0,0.0,0.0,0.0,2.0,,,,39,18.0,7.0,11.0,16.0,1.0,15.0
48,Democratic Republic of the Congo,Africa,SADC,In force (Law No. 18/019 of 2018 on Personal Data Protection),https://unctad.org/page/data-protection-and-privacy-legislation-worldwide,Moderate (new authority; limited effectiveness),https://unctad.org/page/data-protection-and-privacy-legislation-worldwide,Partial (laws exist; no national COP strategy),https://unctad.org/page/data-protection-and-privacy-legislation-worldwide; https://www.unicef.org/democratic-republic-of-the-congo/,No,https://www.unicef.org/democratic-republic-of-the-congo/,No,https://unctad.org/page/data-protection-and-privacy-legislation-worldwide,Criminalised,https://www.humandignitytrust.org/country-profile/democratic-republic-of-the-congo/; https://ilga.org/ilga-world-maps/,Yes (restrictions in Penal Code). Indecency + CSAC sanctions used.,https://ilga.org/ilga-world-maps/,None (no AI strategy),https://www.unesco.org/ethics-ai/en/global-hub,No,https://unctad.org/page/data-protection-and-privacy-legislation-worldwide,ID-based SIM registration; no biometric capture specified,https://www.gsma.com/solutions-and-impact/connectivity-for-good/public-policy/mobile-policy-handbook/consumer-protection/mandatory-registration-of-prepaid-sims/; https://privacyinternational.org/learn/sim-card-registration,2.0,2.0,1.0,1.0,2.0,1.0,0.0,0.0,0.0,2.0,,,,48,18.0,7.0,11.0,16.0,1.0,15.0
59,Eswatini,Africa,SADC,"Data Protection Act, 2022 — in force, establishes principles for processing and creates the Data Protection Commissioner.",https://eswatinilii.org/sz/legislation/act/2022/5/ ; https://unctad.org/page/data-protection-and-privacy-legislation-worldwide,"The Act establishes a Data Protection Commissioner. While legally independent, appointment and budgetary dependence suggest moderate autonomy.",https://eswatinilii.org/sz/legislation/act/2022/5/,Data Protection Act 2022 includes child-protection provisions. Broader protections in Children’s Protection and Welfare Act 2012.,https://eswatinilii.org/sz/legislation/act/2022/5/ ; https://www.unicef.org/eswatini/child-protection,"No stand-alone COP strategy, but UNICEF and government initiatives promote online child protection.",https://www.unicef.org/eswatini/child-protection,"Law defines sensitive data, but sexual orientation is not expressly included.",https://eswatinilii.org/sz/legislation/act/2022/5/,Same-sex sexual conduct remains criminalised under Penal Code. No anti-discrimination protections for SOGI.,https://www.humandignitytrust.org/country-profile/eswatini/ ; https://ilga.org/ilga-world-maps/,"No explicit propaganda law, but Broadcasting Guidelines (2003) prohibit programmes vilifying based on “sexual preference” — indicating indirect restrictions. Broadcasting Guidelines restrict expression.",https://eswatinibroadcasting.org/ ; https://ilga.org/ilga-world-maps/,No national AI law or strategy identified. Eswatini participates in AU-level digital and AI initiatives.,https://en.unesco.org/artificial-intelligence/observatory/policies?country=SZ ; https://au.int/en/documents/20240620/continental-strategy-artificial-intelligence-africa-2024,No AI-specific DPIA regime. Data Protection Act requires certain processing notifications but not structured DPIAs.,https://eswatinilii.org/sz/legislation/act/2022/5/,"SIM registration mandatory using national ID. National ID system includes biometrics, linking SIMs indirectly to biometric data. ID-based SIM registration; biometric ID exists, but no biometric SIM reg",https://www.gsma.com/solutions-and-impact/connectivity-for-good/public-policy/mobile-policy-handbook/consumer-protection/mandatory-registration-of-prepaid-sims/,2.0,1.0,2.0,1.0,1.0,1.0,0.0,0.0,0.0,2.0,,,,59,18.0,7.0,11.0,16.0,1.0,15.0
97,Lesotho,Africa,SADC,"Data Protection Act, 2011 (Act No. 5 of 2012) — in force; establishes the Data Protection Commission.",https://lesotholii.org/akn/ls/act/2012/5/eng@2012-02-22/source.pdf ; https://unctad.org/page/data-protection-and-privacy-legislation-worldwide,"Data Protection Commission created by Act 2011; members may be terminated by PM, funds from Consolidated Fund, reporting obligations → limited independence.",https://lesotholii.org/akn/ls/act/2012/5/eng@2012-02-22/source.pdf,"Children’s Protection and Welfare Act, 2011 + DPA 2011: parental consent required for processing sensitive data of children; best-interest principle embedded.",https://lesotholii.org/akn/ls/act/2011/7/eng@2011-03-31/source.pdf ; https://lesotholii.org/akn/ls/act/2012/5/eng@2012-02-22/source.pdf,Lesotho Communications Authority issued Child Online Protection Guidelines (2020) transposing ITU standards.,https://lca.org.ls/wp-content/uploads/filr/3941/CHILD-ONLINE-PROTECTION-GUIDELINES_FINAL-2.pdf,DPA 2011 classifies “sexual life” as sensitive data (s.29(b)).,https://lesotholii.org/akn/ls/act/2012/5/eng@2012-02-22/source.pdf,"Legal status unclear: Penal Code 2010/2011 repealed, but Criminal Procedure and Evidence Act 1981 still lists “sodomy” as an arrestable offence. No anti-discrimination protections.",https://lesotholii.org/akn/ls/act/2010/6/eng@2012-06-01 ; https://lesotholii.org/akn/ls/act/1981/9/eng@1999-12-31/source.pdf ; https://www.ohchr.org/en/hr-bodies/upr/ls-index,No explicit propaganda law. General indecency/obscenity provisions could be used against LGBTQ expression.,https://lesotholii.org/akn/ls/act/2010/6/eng@2012-06-01,Draft AI Policy under consultation (validation workshop Jan 2025; Draft Implementation Plan v0.1 published). No binding law yet.,https://www.gov.ls/ai-policy-validation-workshop/ ; https://www.gov.ls/download/draft-artificial-intelligence-policy-implementation-plan-version-0-1/,DPA 2011 provides rights against automated decision-making but contains no DPIA clause.,https://lesotholii.org/akn/ls/act/2012/5/eng@2012-02-22/source.pdf,SIM registration mandatory under 2021 Regulations (in force 2022); requires NICR ID and live fingerprint verification; central database maintained by LCA.,https://archive.gazettes.africa/archive/ls/2021/ls-government-gazette-dated-2021-05-21-no-52.pdf ; https://www.lca.org.ls/sim-registration-regulations-2011-revoked-sim-registration-regulations-2021/,2.0,1.0,2.0,2.0,2.0,0.0,0.0,1.0,0.0,0.0,,,,97,18.0,7.0,11.0,16.0,1.0,15.0
103,Madagascar,Africa,SADC,Law No. 2014-038 on Protection of Personal Data (in force). Establishes the Commission Malgasy sur l’Informatique et des Libertés (CMIL).,https://unctad.org/page/data-protection-and-privacy-legislation-worldwide ; https://afapdp.org/wp-content/uploads/2015/07/Madagascar-Law-2014-038.pdf,CMIL created as an independent administrative authority under Law 2014-038.,https://afapdp.org/wp-content/uploads/2015/07/Madagascar-Law-2014-038.pdf,Law 2014-038 provides baseline protections; Penal Code criminalises child sexual exploitation online/offline. No standalone COP strategy.,https://unctad.org/page/data-protection-and-privacy-legislation-worldwide ; https://www.unicef.org/madagascar/,No standalone COP strategy. UNICEF and government initiatives target online child protection and OCSEA prevention.,https://www.unicef.org/madagascar/,"Yes — Law 2014-038 defines sensitive data to include data concerning sex life, covering sexual orientation.",https://afapdp.org/wp-content/uploads/2015/07/Madagascar-Law-2014-038.pdf,"Same-sex sexual activity is criminalised under Penal Code (Art. 331) (unequal age of consent, used to prosecute LGBTQ persons).",https://www.humandignitytrust.org/country-profile/madagascar/ ; https://ilga.org/ilga-world-maps/,No explicit propaganda laws. Penal Code indecency/morality provisions have been used restrictively against LGBTQ persons. Indecency provisions used against LGBTQ people.,https://www.humandignitytrust.org/country-profile/madagascar/,No national AI policy or law identified. Government engages in AU/UNESCO AI readiness initiatives.,https://en.unesco.org/artificial-intelligence/observatory/policies?country=MG ; https://au.int/en/documents/20240620/continental-strategy-artificial-intelligence-africa-2024,No explicit DPIA regime; law requires authorisation for sensitive/high-risk processing.,https://afapdp.org/wp-content/uploads/2015/07/Madagascar-Law-2014-038.pdf,"SIM registration is mandatory. National ID system is biometric, linking SIMs indirectly to biometric data.",https://www.gsma.com/solutions-and-impact/connectivity-for-good/public-policy/mobile-policy-handbook/consumer-protection/mandatory-registration-of-prepaid-sims/,2.0,2.0,1.0,1.0,2.0,1.0,0.0,0.0,0.0,0.0,,,,103,18.0,7.0,11.0,16.0,1.0,15.0
104,Malawi,Africa,SADC,"Data Protection Act, No. 3 of 2024 (assented Jan 31, 2024; commenced Feb 2, 2024) — in force.",https://www.mca.ac.mw/mca-siteup/uploads/Data%20Protection%20Act%202024.pdf ; https://dpa.mw/about,Malawi Communications Regulatory Authority (MACRA) designated as Data Protection Authority; Act states it acts independently (s.4).,https://www.mca.ac.mw/mca-siteup/uploads/Data%20Protection%20Act%202024.pdf,Processing children’s personal data requires parental consent and age checks (s.17). Broader protections via National Strategy on Child Protection 2022–2026.,https://www.mca.ac.mw/mca-siteup/uploads/Data%20Protection%20Act%202024.pdf ; https://www.unicef.org/malawi/media/5066/file/National%20Strategy%20on%20Child%20Protection%202022-2026.pdf,"MACRA has a Child Online Protection (COP) programme, strategy developed in 2023 with ITU, and national initiative launched in Feb 2025.",https://macra.mw/macra-appoints-child-online-protection-ambassador/ ; https://mvcernt.mw/macra-and-partners-launch-child-online-safety-for-all-initiative/,"Act defines sensitive personal data, but does not expressly list sexual orientation/gender identity.",https://www.mca.ac.mw/mca-siteup/uploads/Data%20Protection%20Act%202024.pdf,"Same-sex conduct criminalised (Penal Code ss. 153–156, 137A). In June 2024, Constitutional Court declined to strike down these provisions.",https://malawilii.org/akn/mw/act/1929/22/eng%402014-12-31 ; https://www.hrw.org/news/2024/07/11/dark-day-malawi-rights-lgbt-people ; https://upr-info.org/en/review/malawi,"No propaganda law identified, but Penal Code includes broad “gross indecency” provisions and Communications Act regulates online content.",https://malawilii.org/akn/mw/act/1929/22/eng%402014-12-31 ; https://malawilii.org/akn/mw/act/2016/33/eng%402017-12-31,"No dedicated AI law/strategy enacted. Malawi is revising its National Science, Technology and Innovation Policy (NSTIP) to integrate AI.",https://scienceforafrica.foundation/sites/default/files/2025-03/Report%20the%20Malawi%20NSTIP%20National%20Stakeholder%20Consultative%20Workshop%20v2.pdf ; https://aipolicyportal.org/states/malawi,"Act requires Data Protection Impact Assessments where processing is likely to result in high risk, including profiling/automated processing.",https://www.mca.ac.mw/mca-siteup/uploads/Data%20Protection%20Act%202024.pdf,SIM registration mandatory under 2023 Regulations; requires biometric verification against National Registration Bureau database; linkage to National ID.,https://macra.mw/wpfd_file/communications-sim-card-registration-regulations-2023-2/ ; https://www.maravipost.com/macra-calls-for-compliance-in-sim-card-registration/,2.0,2.0,2.0,2.0,1.0,2.0,1.0,0.0,0.0,0.0,,,,104,18.0,7.0,11.0,16.0,1.0,15.0
111,Mauritius,Africa,SADC,"Data Protection Act 2017 (Act 20 of 2017), in force since Jan 2018. GDPR-style framework.",https://dataprotection.govmu.org/Documents/DPA_2017.pdf,Data Protection Office acts “with complete independence and impartiality” (s.4(2)).,https://dataprotection.govmu.org/Documents/DPA_2017.pdf,DPA 2017 prohibits processing data of children <16 without parental consent (s.30). Children’s Act 2020 criminalises child grooming/pornography and protects privacy.,https://dataprotection.govmu.org/Documents/DPA_2017.pdf ; https://www.icta.mu/documents/2023/06/The_Childrens_Act_2020.pdf,CERT-MU published Child Online Protection Guide (2019). Ongoing COP actions on child online safety (2025).,https://www.cert.mu.org.ge/documents/Child_Online_Protection.pdf ; https://mitci.govmu.org/mitci/?page_id=5781,"DPA 2017 special categories include “sexual orientation, practices or preferences.”",https://dataprotection.govmu.org/Documents/DPA_2017.pdf,Supreme Court decriminalised consensual same-sex intimacy in 2023 (Ah Seek v State). Equal Opportunities Act 2008 prohibits discrimination based on sexual orientation.,https://www.undp.org/press-releases/supreme-court-mauritius-decriminalises-same-sex-relations ; https://attorneygeneral.govmu.org/Documents/Laws%20of%20Mauritius/A-Z%20Acts/E/Equal%20Opportunities%20Act-E3.pdf,No propaganda laws. Restrictions only via general indecency laws (ICT Act s.46).,https://www.icta.mu/documents/2021/11/ict_act.pdf ; https://www.icta.mu/documents/2023/06/The_Childrens_Act_2020.pdf,National Artificial Intelligence Strategy (2018) in force; government budgets (2025–2026) emphasise AI adoption; sectoral FSC guidance for AI-enabled financial services (2021).,https://mitci.govmu.org/mitci/wp-content/uploads/2025/05/Mauritius-Artificial-Intelligence-Strategy-2018.pdf ; https://edbmauritius.org/newsroom/budget-2025-2026-artificial-intelligence ; https://www.fscmauritius.org/media/85170/credit-and-artificial-intelligence-enabled-advisory.pdf,"DPA 2017 mandates DPIAs for high-risk processing, including profiling/automated decisions (s.34).",https://dataprotection.govmu.org/Documents/DPA_2017.pdf,2023 SIM Regulations mandate SIM capture and ID matching. Revoked in 2025 by GN No. 2/2025; now SIMs require ID but no biometric. Historical biometric linkage means fault remains.,https://www.icta.mu/acts-regulations/ ; https://www.icta.mu/wp-content/uploads/2025/01/Revocation_of_SIM_Registration_Regulations.pdf ; https://www.icta.mu/wp-content/uploads/2025/01/TD_1_of_2025.pdf,2.0,2.0,2.0,2.0,2.0,2.0,2.0,2.0,2.0,0.0,,,,111,18.0,7.0,11.0,16.0,1.0,15.0
118,Mozambique,Africa,SADC,No comprehensive data protection law yet. Constitution Art. 71 guarantees privacy; AU Malabo Convention ratified (2019). Draft law under preparation.,https://www.minec.gov.mz/index.php/documentos/legislacao/1-constituicao-da-republica-de-mocambique/file ; https://intic.gov.mz/wp-content/uploads/2025/04/Mozambique-Data-Diagnostic-Prelim-Summary-April-2025-2.pdf,No authority yet. Draft law proposes creation of an independent National Data Protection Authority (ANPD).,https://intic.gov.mz/wp-content/uploads/2025/04/Mozambique-Data-Diagnostic-Prelim-Summary-April-2025-2.pdf,Law No. 7/2008 on Rights of the Child: IT use in best interests of the child (Art. 52). UNICEF Disrupting Harm (2022) highlights gaps in OCSEA response.,https://www.africanchildforum.org/clr/Legislation%20Per%20Country/Mozambique/mozambique_children_2008_por.pdf ; https://www.unicef.org/innocenti/innocenti/media/4116/file/DH-Mozambique-Report-2022.pdf,No national COP strategy. UNICEF Disrupting Harm (2022) notes no COP programmes in place.,https://www.unicef.org/innocenti/innocenti/media/4116/file/DH-Mozambique-Report-2022.pdf,"No general data law, but Constitution protects privacy. Prior labour law (2007) included sex life in data protection. Current framework incomplete.",https://www.minec.gov.mz/index.php/documentos/legislacao/1-constituicao-da-republica-de-mocambique/file ; https://www.clr.africanchildforum.org/mozambique/mozambique_labour_2007_en.pdf,Same-sex conduct decriminalised under Penal Code 2014 (Law 35/2014).,https://reformar.co.mz/documentos-diversos/lei-35-2014-reforma-penal-1.pdf/view ; https://www.ohchr.org/en/documents/country-reports/ahrc41add2-visit-mozambique-report-independent-expert-protection,No provisions criminalising “promotion/propaganda.” Penal Code 2014 approved prior restrictions.,https://reformar.co.mz/documentos-diversos/lei-35-2014-reforma-penal-1.pdf/view ; https://www.ohchr.org/en/hr-bodies/upr/mz-index,"No AI-specific law adopted. Work underway on a National Artificial Intelligence Strategy, as part of digital transformation (INTIC Data Diagnostic 2025; ITU–EU “VaMoz Digital!” project).",https://intic.gov.mz/wp-content/uploads/2025/04/Mozambique-Data-Diagnostic-Prelim-Summary-April-2025-2.pdf ; https://www.itu.int/en/ITU-D/Regional-Presence/Africa/Pages/projects/2023/mozambique-vamoz-digital.aspx,No DPIA regime yet. Future draft law expected to include provisions.,https://intic.gov.mz/wp-content/uploads/2025/04/Mozambique-Data-Diagnostic-Prelim-Summary-April-2025-2.pdf,"Decree No. 13/2023 requires biometric SIM registration, with centralised back office centre and ID verification (fingerprint/face).",https://www.incm.gov.mz/index.php/legislacao/legislacao-telemoveis/266-decreto-n-13-2023-regulamento-sobre-registo-dos-subscritores-dos-servicos-de-telecomunicacoes/file,0.0,0.0,2.0,0.0,1.0,0.0,2.0,1.0,1.0,0.0,,,,118,18.0,7.0,11.0,16.0,1.0,15.0
120,Namibia,Africa,SADC,No law yet. Draft Data Protection Bill (2022) under consultation; government to table in Sept 2025.,https://digitalpolicyalert.org/event/7358-mict-opens-public-consultation-on-draft-data-protection-bill-including-establishment-of-data-protection-supervisory-authority ; https://thebrief.com.na/2025/08/namibias-data-protection-bill-to-be-tabled-in-september/,No DPA exists yet. Draft Bill establishes a Supervisory Authority that is notionally independent.,https://action-namibia.org/wp-content/uploads/2022/10/Data-Protection-Bill-March-2022.pdf,Draft Bill: parental/guardian consent required for processing child data; best interests principle. Child Care and Protection Act 2015 prohibits disclosure of child’s identity in legal/HIV contexts.,https://action-namibia.org/wp-content/uploads/2022/10/Data-Protection-Bill-March-2022.pdf ; https://namblii.org/akn/na/act/2015/3/eng@2019-11-14/source.pdf,National COP Task Force established with UNICEF support; research project into online grooming (2019–2022).,https://www.unicef.org/namibia/media/1641/file/An%20exploratory%20into%20the%20nature%20and%20dynamics%20of%20online%20grooming%20in%20Namibia.pdf ; https://www.itu.int/en/cop/Documents/profiles/namibia.pdf,Draft Bill defines sexual orientation as a “special category” of data (with heightened safeguards).,https://action-namibia.org/wp-content/uploads/2022/10/Data-Protection-Bill-March-2022.pdf,Consensual same-sex intimacy decriminalised in 2024 (Supreme Court ruling). Marriage Act 2024 excludes same-sex marriages (not commenced).,https://namblii.org/akn/na/judgment/naclhc/2024/33 ; https://namblii.org/akn/na/act/2024/14/eng@2024-12-30,No propaganda bans. Broadcasting Code (2018) prohibits hate speech (including on sexual orientation) but does not restrict LGBTQ expression.,https://gazettes.africa/akn/na/officialGazette/government-gazette/2018-10-31/6750/eng@2018-10-31/source ; https://www.cran.na/download/broadcasting-code-for-broadcasting-licensees-6750-602-31october-2018/,No AI-specific Act. Namibia joined UNESCO AI Readiness (Aug 2025) and launched National Digital Strategy 2025–2028. AI governance groundwork linked to pending Data Protection Bill.,https://www.unesco.org/en/artificial-intelligence/ram/namibia ; https://www.mict.gov.na/policies/downloads ; https://thebrief.com.na/2025/08/namibias-data-protection-bill-to-be-tabled-in-september/,"Draft Bill requires DPIAs for high-risk processing (extensive profiling, large-scale sensitive data, public monitoring).",https://action-namibia.org/wp-content/uploads/2022/10/Data-Protection-Bill-March-2022.pdf,"SIM registration mandatory (since 2023). Requires government photo ID and proof of address. Civil Registration and Identification Act 2024 provides for biometric ID, but not yet in force.",https://namibiafactcheck.org.na/news-item/explainer-what-information-should-be-collected-during-sim-card-registration/ ; https://namblii.org/akn/na/act/2024/13/eng@2024-10-25/source.pdf,0.0,1.0,2.0,2.0,2.0,2.0,2.0,1.0,1.0,2.0,,,,120,18.0,7.0,11.0,16.0,1.0,15.0
155,Seychelles,Africa,SADC,"Data Protection Act 2023 (Act 24 of 2023) — repealed 2003 law; commenced Dec 22, 2023.",https://seylii.org/akn/sc/act/2023/24/eng%402023-12-22 ; https://globalcompliancenews.com/publications/data-protection-law-now-in-force-in-seychelles/,"Oversight by Information Commission, established under ATI Act 2018, independent authority.",https://seylii.org/akn/sc/act/2018/4/eng%402018-07-24/source.pdf ; https://seylii.org/akn/sc/act/2023/24/eng%402023-12-22,DPA 2023 s.23: special safeguards for minors. Children’s (Amendment) Act 2020 strengthened protections.,https://seylii.org/akn/sc/act/2023/24/eng%402023-12-22 ; https://seylii.org/akn/sc/act/2020/18,"No national COP strategy, but cybersecurity strategy (2019–2020) created child protection unit, and ITU/Commonwealth initiatives in place.",https://ict.gov.sc/documents/Policies/Seychelles%20National%20Cybersecurity%20Policy%202019.pdf ; https://police.gov.sc/about-us/roles-and-functions/child-protection-unit,DPA 2023 defines “sensitive data” including sexual orientation/sex life.,https://seylii.org/akn/sc/act/2023/24/eng%402023-12-22,Same-sex relations decriminalised by Penal Code (Amendment) Act 2016. No recognition of same-sex marriage.,https://seylii.org/akn/sc/act/2016/11 ; https://www.humandignitytrust.org/news/seychelles-decriminalises-consensual-same-sex-sexual-relations/,No propaganda or morality-based restrictions identified.,https://seylii.org/akn/sc/act/2010/11 ; https://seylii.org/akn/sc/act/1952/1/eng%402020-06-01,No dedicated AI law or strategy. Tech governance handled through Data Protection Act 2023 and digital/cyber policies.,https://seylii.org/akn/sc/act/2023/24/eng%402023-12-22 ; https://ict.gov.sc/documents/Policies/Seychelles%20National%20Cybersecurity%20Policy%202019.pdf,DPA 2023 requires DPIAs for processing likely to result in high risk (s.48(4)).,https://seylii.org/akn/sc/act/2023/24/eng%402023-12-22,SIM registration mandatory (2020–2021) using national ID. No biometric capture required; SeyID (digital ID) includes biometrics but not used for SIM.,https://www.nation.sc/articles/7243/stricter-sim-card-registration-to-curb-criminality ; https://www.ics.gov.sc/civil-status/national-identity-card,2.0,2.0,2.0,1.0,2.0,2.0,2.0,0.0,1.0,2.0,,,,155,18.0,7.0,11.0,16.0,1.0,15.0
162,South Africa,Africa,SADC,"Protection of Personal Information Act (POPIA), 2013 — in force.",https://lawlibrary.org.za/akn/za/act/2013/4/eng,"Information Regulator established under POPIA; independent, impartial, accountable to Parliament (s.39).",https://lawlibrary.org.za/akn/za/act/2013/4/eng%402013-11-26/provision/chp_5_part_A_sec_39 ; https://inforegulator.org.za/about/,POPIA prohibits processing children’s personal data unless narrow exceptions apply (ss.34–35).,https://lawlibrary.org.za/akn/za/act/2013/4/eng%402013-11-26/provision/chp_3_part_B_sec_34,National Child Protection (COP) programmes in place. POPIA + Films and Publications and Digital Technologies; supported by Films and Publications Amendment Act 2019 and Cybercrimes Act 2020.,https://www.ddct.gov.za/sa-national-ai-policy-framework-file/338-sa-national-ai-policy-framework.html ; https://www.gov.za/documents/films-and-publications-amendment-act-11-2019-0 ; https://www.justice.gov.za/legislation/acts/2020-019.pdf,POPIA defines “special personal information” including sexual orientation and sex life.,https://lawlibrary.org.za/akn/za/act/2013/4/eng%402013-11-26/provision/chp_3_part_A_sec_26,Constitutional equality clause (s.9) prohibits discrimination on sexual orientation. Civil Union Act 2006 allows same-sex marriage.,https://www.concourt.org.za/images/phocadownload/tet_english-2003.pdf ; https://lawlibrary.org.za/akn/za/act/2006/17/eng%402006-11-30/source,No propaganda bans or morality policing restricting LGBTQ expression.,https://www.gov.za/documents/promotion-equality-and-prevention-unfair-discrimination-act ; https://www.sahrc.org.za/home/21/files/Hate%20Speech%20Information%20Sheet-%20print%20ready-.pdf,National AI Policy Framework published (Oct 2024) for consultation. AI Institute of South Africa launched Nov 2022 (UJ/TUT hubs). No binding AI Act.,https://www.ddct.gov.za/sa-national-ai-policy-framework-file/338-sa-national-ai-policy-framework.html ; https://www.gov.za/news/media-advisories/minister-khumbudzo-ntshavheni-launches-artificial ; https://www.ddct.gov.za/minister-s-speeches/534-south-africa-s-digital-transformation-infrastructure-roadmap.html,POPIA Regulations (2018) require information officers to perform DPIAs. Regulator may require prior authorisation for high-risk processing (s.57).,https://www.gov.za/sites/default/files/gcis_document/201805/41726gon1383.pdf ; https://inforegulator.org.za/wp-content/uploads/2021/06/Guidance-Note-on-Applications-for-Prior-Authorization-Section-57-and-58.pdf,"SIM registration mandated by RICA 2002. Requires ID and proof of address, but no biometric requirement (biometric proposals not enacted).",https://www.gov.za/documents/regulation-interception-communications-and-provision-communication-related-information-act ; https://www.icasa.org.za/uploads/files/Gen-900-of-2022-Numbering-Plan-Regs-Amendments-Draft.pdf,2.0,2.0,2.0,2.0,2.0,1.0,2.0,1.0,2.0,2.0,,,,162,18.0,7.0,11.0,16.0,1.0,15.0
173,Tanzania,Africa,SADC,Personal Data Protection Act 2022 (Act 11/2022) in force; operationalised by 2023 Regulations. Establishes the Personal Data Protection Commission (PDPC).,https://elibrary.osg.go.tz/items/7fab6bda-5f8b-4923-a4aa-981c98c15806 ; https://tanzlii.org/akn/tz/act/gn/2023/449c/eng%402023-07-04,"PDPC established with legal personality, but appointment/budget controlled by President/Minister → limited independence.",https://elibrary.osg.go.tz/items/7fab6bda-5f8b-4923-a4aa-981c98c15806,PDPA 2022 defines sensitive data to include children’s data; requires DPIAs for processing involving children or vulnerable groups.,https://www.mawasiliano.go.tz/uploads/documents/sw-1691159153-GN%20NO.%20449C%20OF%202023.pdf ; https://tanzlii.org/akn/tz/act/2009/21/eng%402019-12-31,No stand-alone COP strategy. TCRA runs COP programme and reporting support; included in national plans on ending violence against children.,https://tcra.go.tz/pages/child-online-protection-cop ; https://www.itu.int/en/cop/Documents/tanzania/what-we-do-child-protection,"PDPA defines sensitive data to include “gender” and “sex life,” capturing SOGI attributes.",https://elibrary.osg.go.tz/items/7fab6bda-5f8b-4923-a4aa-981c98c15806,Same-sex conduct criminalised under Penal Code (Mainland) and Penal Decree 2004 (Zanzibar).,https://tanzlii.org/akn/tz/act/gn/2002/na-1/eng%402002-06-15 ; http://www.zanzibarassembly.go.tz/uploads/acts/2018_1535622805.pdf,"No propaganda law. But Online Content Regulations (2020/2022) allow takedown of “obscene/indecent” content, used to restrict LGBTQ expression.",https://www.tcra.go.tz/documents/regulations,"No binding AI Act. In 2025, Ministry of Education issued “Guidelines for the Use of Generative AI in Education.” Draft National AI Strategy under preparation with UNESCO/AU support.",https://www.education.go.tz/uploads/publications/en-1734439976-Guidelines%20for%20the%20Use%20of%20Generative%20AI%20in%20the%20Education%20Sector%202025-2028.pdf ; https://tanzania.un.org/sites/default/files/2025-07/National%20AI%20Readiness%20Report.pdf,"2023 Regulations require DPIAs for automated decision-making, profiling, biometric/genetic data, and child data.",https://www.mawasiliano.go.tz/uploads/documents/sw-1691159153-GN%20NO.%20449C%20OF%202023.pdf,SIM registration mandatory under 2020 Regulations. Anchored to National ID (NIN) with biometric fingerprint verification.,https://tanzlii.org/akn/tz/act/gn/2020/112/eng%402020-02-07 ; https://tcra.go.tz/uploads/documents/sw-1619088062-The%20Electronic%20and%20Postal%20Communications%20%28SIM%20Card%20Registration%29%20Regulations%202020.pdf,2.0,1.0,2.0,1.0,2.0,2.0,0.0,1.0,0.0,0.0,,,,173,18.0,7.0,11.0,16.0,1.0,15.0
194,Zambia,Africa,SADC,"Data Protection Act No. 3 of 2021, in force. Establishes the Office of the Data Protection Commissioner.",https://zambialii.org/zm/legislation/act/2021/3/ ; https://unctad.org/page/data-protection-and-privacy-legislation-worldwide,"Office of the Data Protection Commissioner established as independent authority, though appointments made by President.",https://zambialii.org/zm/legislation/act/2021/3/,"Data Protection Act 2021 includes children’s data as sensitive (s.2, s.6). ICT Policy (2023) recognises child online safety.",https://zambialii.org/zm/legislation/act/2021/3/ ; https://www.smartzambia.gov.zm/download/national-digital-transformation-strategy-2023-2027/,No standalone COP strategy. Digital Transformation Strategy 2023–2027 references online child safety.,https://www.smartzambia.gov.zm/download/national-digital-transformation-strategy-2023-2027/,"Act defines “sensitive personal data” to include sex life (s.2), covering sexual orientation.",https://zambialii.org/zm/legislation/act/2021/3/,Same-sex conduct criminalised under Penal Code (ss.155–158). No anti-discrimination protections.,https://www.humandignitytrust.org/country-profile/zambia/ ; https://ilga.org/ilga-world-maps/,"No explicit propaganda bans, but Penal Code morality/indecency provisions restrict LGBTQ expression.",https://www.humandignitytrust.org/country-profile/zambia/,No AI-specific law. National Digital Transformation Strategy 2023–2027 references AI. Zambia also endorsed the AU Continental AI Strategy (2024).,https://www.smartzambia.gov.zm/download/national-digital-transformation-strategy-2023-2027/ ; https://au.int/en/documents/20240620/continental-strategy-artificial-intelligence-africa-2024,"Act requires DPIAs for high-risk processing, including profiling and automated decisions.",https://zambialii.org/zm/legislation/act/2021/3/,SIM registration mandatory since 2012; updated directives (2019) require biometric capture (fingerprint/photo) for SIM activation.,https://www.zicta.zm/storage/posts/attachments/vm2jMl0bxTm9K0F2jB0uCzY0g1nB1RCsbi2a.pdf ; https://www.gsma.com/solutions-and-impact/connectivity-for-good/public-policy/mobile-policy-handbook/consumer-protection/mandatory-registration-of-prepaid-sims/,2.0,1.0,2.0,1.0,2.0,2.0,0.0,1.0,0.0,0.0,,,,194,18.0,7.0,11.0,16.0,1.0,15.0
195,Zimbabwe,Africa,SADC,"Cybersecurity and Data Protection Act, 2021 (Act 5/2021) — in force, GDPR-inspired. Creates Cybersecurity and Monitoring Centre and Data Protection Authority.",https://www.veritaszim.net/node/5577 ; https://unctad.org/page/data-protection-and-privacy-legislation-worldwide,"Data Protection Authority located within POTRAZ (telecom regulator), limiting independence.",https://www.veritaszim.net/node/5577,"2021 Act defines “child” as under 18, requires parental consent for processing minors’ data. Child Protection and Welfare Act 2022 strengthens safeguards.",https://www.veritaszim.net/node/5577 ; https://www.veritaszim.net/node/6289,No stand-alone COP strategy. 2023 Child Online Protection Framework developed by Ministry of ICT and Cyber Security.,https://www.postzim.co.zw/2023/10/child-online-protection-framework-launched/ ; https://www.veritaszim.net/node/6289,"2021 Act defines “sensitive data” including sex life, covering sexual orientation.",https://www.veritaszim.net/node/5577,Same-sex conduct criminalised under Criminal Law (Codification and Reform) Act (ss.73). No protections against SOGI discrimination.,https://www.humandignitytrust.org/country-profile/zimbabwe/ ; https://ilga.org/ilga-world-maps/,"No propaganda laws, but broad morality/indecency provisions in Criminal Law Act enable restrictions against LGBTQ expression.",https://www.humandignitytrust.org/country-profile/zimbabwe/,"No binding AI Act. Government references AI in National ICT Policy (2016, updated 2020) and Digital Economy Blueprint (2020). Draft AI/Big Data strategy under preparation (2024–2025).",https://aipolicyportal.org/states/zimbabwe ; https://www.techzim.co.zw/2024/06/zimbabwes-ministry-of-ict-drafting-ai-and-big-data-strategy/,"2021 Act requires Data Protection Impact Assessments for high-risk processing (sensitive data, profiling, cross-border transfers).",https://www.veritaszim.net/node/5577,SIM registration mandatory since 2011 (Regulations SI 95/2014). Requires ID; biometric SIM registration introduced in 2022 directive (face/photo capture).,https://www.techzim.co.zw/2022/03/potraz-now-requiring-biometric-registration-for-sim-cards/ ; https://www.gsma.com/solutions-and-impact/connectivity-for-good/public-policy/mobile-policy-handbook/consumer-protection/mandatory-registration-of-prepaid-sims/,2.0,1.0,2.0,2.0,2.0,2.0,0.0,1.0,0.0,0.0,,,,195,18.0,7.0,11.0,16.0,1.0,15.0
22,Bolivia (Plurinational State of),Americas,Andean Community,Draft (Personal Data Protection Bill 2021; not yet enacted),https://unctad.org/page/data-protection-and-privacy-legislation-worldwide,Weak (no operational DPA),https://unctad.org/page/data-protection-and-privacy-legislation-worldwide,Partial (Child Code; no COP strategy),https://unctad.org/page/data-protection-and-privacy-legislation-worldwide; https://www.unicef.org/bolivia-plurinational-state-of/,No,https://www.unicef.org/bolivia-plurinational-state-of/,No,https://unctad.org/page/data-protection-and-privacy-legislation-worldwide,Legal (same-sex sexual acts legal; no recognition of unions),https://www.humandignitytrust.org/country-profile/bolivia-plurinational-state-of/; https://ilga.org/ilga-world-maps/,No/Annulled,https://ilga.org/ilga-world-maps/,Draft/Early (AI mentioned in national digital economy agendas; no standalone strategy),https://www.unesco.org/ethics-ai/en/global-hub,No,https://unctad.org/page/data-protection-and-privacy-legislation-worldwide,Yes (biometric SIM registration required),https://www.gsma.com/solutions-and-impact/connectivity-for-good/public-policy/mobile-policy-handbook/consumer-protection/mandatory-registration-of-prepaid-sims/; https://privacyinternational.org/learn/sim-card-registration,,,,,,,,,,,,,,22,,,,,,
53,Ecuador,Americas,Andean Community,"In force (Organic Law on Protection of Personal Data, 2021)",https://unctad.org/page/data-protection-and-privacy-legislation-worldwide,Strong/Independent (Superintendence established),https://unctad.org/page/data-protection-and-privacy-legislation-worldwide,Yes (explicit COP safeguards in law),https://unctad.org/page/data-protection-and-privacy-legislation-worldwide; https://www.unicef.org/ecuador/,Partial (child digital safety initiatives),https://www.unicef.org/ecuador/,Yes (sexual orientation listed as sensitive data),https://unctad.org/page/data-protection-and-privacy-legislation-worldwide,Equality/Marriage (2019 ruling),https://www.humandignitytrust.org/country-profile/ecuador/; https://ilga.org/ilga-world-maps/,No/Annulled,https://ilga.org/ilga-world-maps/,Draft/Early (national digital agenda; no standalone AI strategy),https://en.unesco.org/artificial-intelligence/observatory/policies?country=EC; https://www.unesco.org/ethics-ai/en/global-hub,Yes (DPIAs required under law),https://unctad.org/page/data-protection-and-privacy-legislation-worldwide,Yes (SIM registration tied to national ID),https://www.gsma.com/solutions-and-impact/connectivity-for-good/public-policy/mobile-policy-handbook/consumer-protection/mandatory-registration-of-prepaid-sims/,,,,,,,,,,,,,,53,,,,,,
136,Peru,Americas,Andean Community,In force — Law No. 29733 (2011),https://unctad.org/page/data-protection-and-privacy-legislation-worldwide,Moderate — authority under Ministry of Justice,https://unctad.org/page/data-protection-and-privacy-legislation-worldwide,Partial,https://unctad.org/page/data-protection-and-privacy-legislation-worldwide; https://www.unicef.org/peru/,Partial,https://www.unicef.org/peru/,No,https://unctad.org/page/data-protection-and-privacy-legislation-worldwide,Legal — no recognition,https://www.humandignitytrust.org/country-profile/peru/; https://ilga.org/ilga-world-maps/,No,https://ilga.org/ilga-world-maps/,Draft/Early — AI in Digital Agenda 2.0,https://en.unesco.org/artificial-intelligence/observatory/policies?country=PE; https://www.unesco.org/ethics-ai/en/global-hub,No,https://unctad.org/page/data-protection-and-privacy-legislation-worldwide,Yes,https://www.gsma.com/solutions-and-impact/connectivity-for-good/public-policy/mobile-policy-handbook/consumer-protection/mandatory-registration-of-prepaid-sims/,,,,,,,,,,,,,,136,,,,,,
191,Venezuela (Bolivarian Republic of),Americas,Andean Community,,https://unctad.org/page/data-protection-and-privacy-legislation-worldwide,,https://unctad.org/page/data-protection-and-privacy-legislation-worldwide,No,https://www.unicef.org/venezuela-bolivarian-republic-of/,No,https://www.unicef.org/venezuela-bolivarian-republic-of/,No,https://unctad.org/page/data-protection-and-privacy-legislation-worldwide,Legal,https://www.humandignitytrust.org/country-profile/venezuela-bolivarian-republic-of/; https://ilga.org/ilga-world-maps/,No,https://ilga.org/ilga-world-maps/,Draft/Early — Digital Agenda 2025,https://www.unesco.org/ethics-ai/en/global-hub,No,https://unctad.org/page/data-protection-and-privacy-legislation-worldwide,Yes,https://www.gsma.com/solutions-and-impact/connectivity-for-good/public-policy/mobile-policy-handbook/consumer-protection/mandatory-registration-of-prepaid-sims/,,,,,,,,,,,,,,191,,,,,,
7,Antigua and Barbuda,Americas,CARICOM,In force (Data Protection Act 2013),https://unctad.org/page/data-protection-and-privacy-legislation-worldwide,Moderate (Office of the Data Protection Commissioner),https://unctad.org/page/data-protection-and-privacy-legislation-worldwide,Partial (child protection law; no COP strategy),https://unctad.org/page/data-protection-and-privacy-legislation-worldwide; https://www.unicef.org/antigua-and-barbuda/,No,https://www.unicef.org/antigua-and-barbuda/,No,https://unctad.org/page/data-protection-and-privacy-legislation-worldwide,Legal (sodomy law struck down 2022),https://www.humandignitytrust.org/country-profile/antigua-and-barbuda/; https://ilga.org/ilga-world-maps/,No/Annulled,https://ilga.org/ilga-world-maps/,None (no dedicated AI strategy identified),https://en.unesco.org/artificial-intelligence/observatory/policies?country=AG; https://www.unesco.org/ethics-ai/en/global-hub,No,https://unctad.org/page/data-protection-and-privacy-legislation-worldwide,No (ID required; no biometrics),https://www.gsma.com/solutions-and-impact/connectivity-for-good/public-policy/mobile-policy-handbook/consumer-protection/mandatory-registration-of-prepaid-sims/; https://privacyinternational.org/learn/sim-card-registration,,,,,,,,,,,,,,7,,,,,,
13,Bahamas,Americas,CARICOM,In force (Data Protection (Privacy of Personal Information) Act 2003),https://unctad.org/page/data-protection-and-privacy-legislation-worldwide,Moderate (Data Protection Commissioner under executive),https://unctad.org/page/data-protection-and-privacy-legislation-worldwide,Partial (Child Protection Act; no COP strategy),https://unctad.org/page/data-protection-and-privacy-legislation-worldwide; https://www.unicef.org/bahamas/,No,https://www.unicef.org/bahamas/,No,https://unctad.org/page/data-protection-and-privacy-legislation-worldwide,"Criminalised (same-sex conduct criminalised, not enforced)",https://www.humandignitytrust.org/country-profile/bahamas/; https://ilga.org/ilga-world-maps/,No/Annulled,https://ilga.org/ilga-world-maps/,None (no AI strategy identified),https://en.unesco.org/artificial-intelligence/observatory/policies?country=BS; https://www.unesco.org/ethics-ai/en/global-hub,No,https://unctad.org/page/data-protection-and-privacy-legislation-worldwide,No (ID required; no biometrics),https://www.gsma.com/solutions-and-impact/connectivity-for-good/public-policy/mobile-policy-handbook/consumer-protection/mandatory-registration-of-prepaid-sims/; https://privacyinternational.org/learn/sim-card-registration,,,,,,,,,,,,,,13,,,,,,
16,Barbados,Americas,CARICOM,"In force (Data Protection Act 2019, in force 2021)",https://unctad.org/page/data-protection-and-privacy-legislation-worldwide,Moderate (Data Protection Commissioner established),https://unctad.org/page/data-protection-and-privacy-legislation-worldwide,Partial (Child Protection Act; no national COP strategy),https://unctad.org/page/data-protection-and-privacy-legislation-worldwide; https://www.unicef.org/barbados/,No,https://www.unicef.org/barbados/,No (not explicit in law),https://unctad.org/page/data-protection-and-privacy-legislation-worldwide,Legal (High Court struck down sodomy law 2022),https://www.humandignitytrust.org/country-profile/barbados/; https://ilga.org/ilga-world-maps/,No/Annulled,https://ilga.org/ilga-world-maps/,Draft/Early (AI elements in Digital Strategy 2021–2026),https://en.unesco.org/artificial-intelligence/observatory/policies?country=BB; https://www.unesco.org/ethics-ai/en/global-hub,No,https://unctad.org/page/data-protection-and-privacy-legislation-worldwide,No (ID required; no biometrics),https://www.gsma.com/solutions-and-impact/connectivity-for-good/public-policy/mobile-policy-handbook/consumer-protection/mandatory-registration-of-prepaid-sims/; https://privacyinternational.org/learn/sim-card-registration,,,,,,,,,,,,,,16,,,,,,
19,Belize,Americas,CARICOM,Draft (Data Protection Bill pending; no enacted law),https://unctad.org/page/data-protection-and-privacy-legislation-worldwide,Weak (no independent DPA yet),https://unctad.org/page/data-protection-and-privacy-legislation-worldwide,Partial (Child Protection Act; no COP strategy),https://unctad.org/page/data-protection-and-privacy-legislation-worldwide; https://www.unicef.org/belize/,No,https://www.unicef.org/belize/,No,https://unctad.org/page/data-protection-and-privacy-legislation-worldwide,Legal (sodomy law struck down 2016),https://www.humandignitytrust.org/country-profile/belize/; https://ilga.org/ilga-world-maps/,No/Annulled,https://ilga.org/ilga-world-maps/,None (no AI strategy identified),https://en.unesco.org/artificial-intelligence/observatory/policies?country=BZ; https://www.unesco.org/ethics-ai/en/global-hub,No,https://unctad.org/page/data-protection-and-privacy-legislation-worldwide,No (ID required; no biometrics),https://www.gsma.com/solutions-and-impact/connectivity-for-good/public-policy/mobile-policy-handbook/consumer-protection/mandatory-registration-of-prepaid-sims/; https://privacyinternational.org/learn/sim-card-registration,,,,,,,,,,,,,,19,,,,,,
43,Cuba,Americas,CARICOM,Draft (no comprehensive DP law; constitutional provisions only),https://unctad.org/page/data-protection-and-privacy-legislation-worldwide,Weak (no independent DPA; state ministries oversee data),https://unctad.org/page/data-protection-and-privacy-legislation-worldwide,Partial (Child protection laws; no formal COP strategy),https://unctad.org/page/data-protection-and-privacy-legislation-worldwide; https://www.unicef.org/cuba/,No,https://www.unicef.org/cuba/,No,https://unctad.org/page/data-protection-and-privacy-legislation-worldwide,Equality/Marriage (same-sex marriage legalized in 2022 Family Code referendum),https://www.humandignitytrust.org/country-profile/cuba/; https://ilga.org/ilga-world-maps/,Yes (restrictions on online content remain),https://ilga.org/ilga-world-maps/,Draft/Early (AI mentioned in national digitalization policies; no formal strategy),https://en.unesco.org/artificial-intelligence/observatory/policies?country=CU; https://www.unesco.org/ethics-ai/en/global-hub,No,https://unctad.org/page/data-protection-and-privacy-legislation-worldwide,Yes (biometric SIM registration required),https://www.gsma.com/solutions-and-impact/connectivity-for-good/public-policy/mobile-policy-handbook/consumer-protection/mandatory-registration-of-prepaid-sims/; https://privacyinternational.org/learn/sim-card-registration,,,,,,,,,,,,,,43,,,,,,
51,Dominica,Americas,CARICOM,Draft (no comprehensive law in force),https://unctad.org/page/data-protection-and-privacy-legislation-worldwide,Weak (no dedicated DPA),https://unctad.org/page/data-protection-and-privacy-legislation-worldwide,Partial (general child rights; no COP law),https://unctad.org/page/data-protection-and-privacy-legislation-worldwide; https://www.unicef.org/dominica/,Partial (awareness programs; no national strategy),https://www.unicef.org/dominica/,No,https://unctad.org/page/data-protection-and-privacy-legislation-worldwide,"Decriminalised (High Court ruling, 2022)",https://www.humandignitytrust.org/country-profile/dominica/; https://ilga.org/ilga-world-maps/,No (no propaganda bans),https://ilga.org/ilga-world-maps/,None (no AI strategy),https://en.unesco.org/artificial-intelligence/observatory/policies?country=DM; https://www.unesco.org/ethics-ai/en/global-hub,No,https://unctad.org/page/data-protection-and-privacy-legislation-worldwide,Yes (mandatory SIM registration with ID),https://www.gsma.com/solutions-and-impact/connectivity-for-good/public-policy/mobile-policy-handbook/consumer-protection/mandatory-registration-of-prepaid-sims/,,,,,,,,,,,,,,51,,,,,,
52,Dominican Republic,Americas,CARICOM,"In force (Law No. 172-13 on Personal Data Protection, 2013)",https://unctad.org/page/data-protection-and-privacy-legislation-worldwide,Moderate (DPA exists but limited capacity),https://unctad.org/page/data-protection-and-privacy-legislation-worldwide,Partial (general child rights provisions; no dedicated COP law),https://unctad.org/page/data-protection-and-privacy-legislation-worldwide; https://www.unicef.org/dominican-republic/,No,https://www.unicef.org/dominican-republic/,No,https://unctad.org/page/data-protection-and-privacy-legislation-worldwide,Legal (no criminalisation; no recognition of partnerships),https://www.humandignitytrust.org/country-profile/dominican-republic/; https://ilga.org/ilga-world-maps/,Proposed/Unclear (morality/public decency restrictions),https://ilga.org/ilga-world-maps/,Draft/Early (elements in Agenda Digital 2030; no standalone AI strategy),https://en.unesco.org/artificial-intelligence/observatory/policies?country=DO; https://www.unesco.org/ethics-ai/en/global-hub,No,https://unctad.org/page/data-protection-and-privacy-legislation-worldwide,Yes (mandatory SIM registration; biometric ID used),https://www.gsma.com/solutions-and-impact/connectivity-for-good/public-policy/mobile-policy-handbook/consumer-protection/mandatory-registration-of-prepaid-sims/; https://privacyinternational.org/learn/sim-card-registration,,,,,,,,,,,,,,52,,,,,,
70,Grenada,Americas,CARICOM,Draft (bill under discussion),https://unctad.org/page/data-protection-and-privacy-legislation-worldwide,,https://unctad.org/page/data-protection-and-privacy-legislation-worldwide,No,https://www.unicef.org/grenada/,No,https://www.unicef.org/grenada/,No,https://unctad.org/page/data-protection-and-privacy-legislation-worldwide,Criminalised (sodomy laws in force),https://www.humandignitytrust.org/country-profile/grenada/; https://ilga.org/ilga-world-maps/,Yes (morality/public decency laws),https://ilga.org/ilga-world-maps/,,https://en.unesco.org/artificial-intelligence/observatory/policies?country=GD; https://www.unesco.org/ethics-ai/en/global-hub,No,https://unctad.org/page/data-protection-and-privacy-legislation-worldwide,Yes (SIMs linked to ID),https://www.gsma.com/solutions-and-impact/connectivity-for-good/public-policy/mobile-policy-handbook/consumer-protection/mandatory-registration-of-prepaid-sims/,,,,,,,,,,,,,,70,,,,,,
74,Guyana,Americas,CARICOM,"Draft (bills pending, no comprehensive law)",https://unctad.org/page/data-protection-and-privacy-legislation-worldwide,,https://unctad.org/page/data-protection-and-privacy-legislation-worldwide,Partial (general child rights provisions),https://unctad.org/page/data-protection-and-privacy-legislation-worldwide; https://www.unicef.org/guyana/,No,https://www.unicef.org/guyana/,No,https://unctad.org/page/data-protection-and-privacy-legislation-worldwide,"Legal (decriminalised, 2018 CCJ ruling; no partnerships)",https://www.humandignitytrust.org/country-profile/guyana/; https://ilga.org/ilga-world-maps/,No,https://ilga.org/ilga-world-maps/,,https://en.unesco.org/artificial-intelligence/observatory/policies?country=GY; https://www.unesco.org/ethics-ai/en/global-hub,No,https://unctad.org/page/data-protection-and-privacy-legislation-worldwide,Yes (mandatory SIM registration with ID),https://www.gsma.com/solutions-and-impact/connectivity-for-good/public-policy/mobile-policy-handbook/consumer-protection/mandatory-registration-of-prepaid-sims/,,,,,,,,,,,,,,74,,,,,,
75,Haiti,Americas,CARICOM,Draft (privacy bills pending),https://unctad.org/page/data-protection-and-privacy-legislation-worldwide,,https://unctad.org/page/data-protection-and-privacy-legislation-worldwide,No,https://www.unicef.org/haiti/,No,https://www.unicef.org/haiti/,No,https://unctad.org/page/data-protection-and-privacy-legislation-worldwide,Legal (no criminalisation; no marriage equality),https://www.humandignitytrust.org/country-profile/haiti/; https://ilga.org/ilga-world-maps/,Proposed/Unclear (anti-LGBTQ bills attempted),https://ilga.org/ilga-world-maps/,,https://en.unesco.org/artificial-intelligence/observatory/policies?country=HT; https://www.unesco.org/ethics-ai/en/global-hub,No,https://unctad.org/page/data-protection-and-privacy-legislation-worldwide,Yes (SIM tied to national ID),https://www.gsma.com/solutions-and-impact/connectivity-for-good/public-policy/mobile-policy-handbook/consumer-protection/mandatory-registration-of-prepaid-sims/,,,,,,,,,,,,,,75,,,,,,
86,Jamaica,Americas,CARICOM,"In force (Data Protection Act, 2020; not fully enforced)",https://unctad.org/page/data-protection-and-privacy-legislation-worldwide,Weak (Office of the Information Commissioner developing),https://unctad.org/page/data-protection-and-privacy-legislation-worldwide,Partial (general child protections; no COP-specific law),https://unctad.org/page/data-protection-and-privacy-legislation-worldwide; https://www.unicef.org/jamaica/,No,https://www.unicef.org/jamaica/,No,https://unctad.org/page/data-protection-and-privacy-legislation-worldwide,Criminalised (sodomy laws),https://www.humandignitytrust.org/country-profile/jamaica/; https://ilga.org/ilga-world-maps/,Yes (morality/public decency restrictions),https://ilga.org/ilga-world-maps/,,https://en.unesco.org/artificial-intelligence/observatory/policies?country=JM; https://www.unesco.org/ethics-ai/en/global-hub,No,https://unctad.org/page/data-protection-and-privacy-legislation-worldwide,Yes (mandatory SIM ID registration),https://www.gsma.com/solutions-and-impact/connectivity-for-good/public-policy/mobile-policy-handbook/consumer-protection/mandatory-registration-of-prepaid-sims/,,,,,,,,,,,,,,86,,,,,,
146,Saint Kitts and Nevis,Americas,CARICOM,"Draft — Data Protection Bill introduced 2018, not yet enacted",https://unctad.org/page/data-protection-and-privacy-legislation-worldwide,,https://unctad.org/page/data-protection-and-privacy-legislation-worldwide,No,https://www.unicef.org/saint-kitts-and-nevis/,No,https://www.unicef.org/saint-kitts-and-nevis/,No,https://unctad.org/page/data-protection-and-privacy-legislation-worldwide,Legal — High Court struck down sodomy law in 2022,https://www.humandignitytrust.org/country-profile/saint-kitts-and-nevis/; https://ilga.org/ilga-world-maps/,No,https://ilga.org/ilga-world-maps/,,https://en.unesco.org/artificial-intelligence/observatory/policies?country=KN; https://www.unesco.org/ethics-ai/en/global-hub,No,https://unctad.org/page/data-protection-and-privacy-legislation-worldwide,"Yes — SIM registration required, ID-based",https://www.gsma.com/solutions-and-impact/connectivity-for-good/public-policy/mobile-policy-handbook/consumer-protection/mandatory-registration-of-prepaid-sims/,,,,,,,,,,,,,,146,,,,,,
147,Saint Lucia,Americas,CARICOM,In force — Data Protection Act 2011 (not fully implemented),https://unctad.org/page/data-protection-and-privacy-legislation-worldwide,Weak — not fully operational,https://unctad.org/page/data-protection-and-privacy-legislation-worldwide,No,https://www.unicef.org/saint-lucia/,No,https://www.unicef.org/saint-lucia/,No,https://unctad.org/page/data-protection-and-privacy-legislation-worldwide,Legal — sodomy law struck down 2022,https://www.humandignitytrust.org/country-profile/saint-lucia/; https://ilga.org/ilga-world-maps/,No,https://ilga.org/ilga-world-maps/,,https://en.unesco.org/artificial-intelligence/observatory/policies?country=LC; https://www.unesco.org/ethics-ai/en/global-hub,No,https://unctad.org/page/data-protection-and-privacy-legislation-worldwide,Yes,https://www.gsma.com/solutions-and-impact/connectivity-for-good/public-policy/mobile-policy-handbook/consumer-protection/mandatory-registration-of-prepaid-sims/,,,,,,,,,,,,,,147,,,,,,
148,Saint Vincent and the Grenadines,Americas,CARICOM,,https://unctad.org/page/data-protection-and-privacy-legislation-worldwide,,https://unctad.org/page/data-protection-and-privacy-legislation-worldwide,No,https://www.unicef.org/saint-vincent-and-the-grenadines/,No,https://www.unicef.org/saint-vincent-and-the-grenadines/,No,https://unctad.org/page/data-protection-and-privacy-legislation-worldwide,Legal — sodomy law struck down 2022,https://www.humandignitytrust.org/country-profile/saint-vincent-and-the-grenadines/; https://ilga.org/ilga-world-maps/,No,https://ilga.org/ilga-world-maps/,,https://en.unesco.org/artificial-intelligence/observatory/policies?country=VC; https://www.unesco.org/ethics-ai/en/global-hub,No,https://unctad.org/page/data-protection-and-privacy-legislation-worldwide,Yes,https://www.gsma.com/solutions-and-impact/connectivity-for-good/public-policy/mobile-policy-handbook/consumer-protection/mandatory-registration-of-prepaid-sims/,,,,,,,,,,,,,,148,,,,,,
168,Suriname,Americas,CARICOM,,https://unctad.org/page/data-protection-and-privacy-legislation-worldwide,,https://unctad.org/page/data-protection-and-privacy-legislation-worldwide,No,https://www.unicef.org/suriname/,No,https://www.unicef.org/suriname/,No,https://unctad.org/page/data-protection-and-privacy-legislation-worldwide,"Legal — no criminalisation, but no recognition",https://www.humandignitytrust.org/country-profile/suriname/; https://ilga.org/ilga-world-maps/,No,https://ilga.org/ilga-world-maps/,,https://en.unesco.org/artificial-intelligence/observatory/policies?country=SR; https://www.unesco.org/ethics-ai/en/global-hub,No,https://unctad.org/page/data-protection-and-privacy-legislation-worldwide,Yes,https://www.gsma.com/solutions-and-impact/connectivity-for-good/public-policy/mobile-policy-handbook/consumer-protection/mandatory-registration-of-prepaid-sims/,,,,,,,,,,,,,,168,,,,,,
178,Trinidad and Tobago,Americas,CARICOM,Partial — Data Protection Act 2011 (not fully proclaimed),https://unctad.org/page/data-protection-and-privacy-legislation-worldwide,Weak — not fully operational,https://unctad.org/page/data-protection-and-privacy-legislation-worldwide,Partial,https://unctad.org/page/data-protection-and-privacy-legislation-worldwide; https://www.unicef.org/trinidad-and-tobago/,Partial,https://www.unicef.org/trinidad-and-tobago/,No,https://unctad.org/page/data-protection-and-privacy-legislation-worldwide,Legal — decriminalised in 2018,https://www.humandignitytrust.org/country-profile/trinidad-and-tobago/; https://ilga.org/ilga-world-maps/,No,https://ilga.org/ilga-world-maps/,Draft/Early — National ICT Plan includes AI,https://en.unesco.org/artificial-intelligence/observatory/policies?country=TT; https://www.unesco.org/ethics-ai/en/global-hub,No,https://unctad.org/page/data-protection-and-privacy-legislation-worldwide,Yes,https://www.gsma.com/solutions-and-impact/connectivity-for-good/public-policy/mobile-policy-handbook/consumer-protection/mandatory-registration-of-prepaid-sims/,,,,,,,,,,,,,,178,,,,,,
8,Argentina,Americas,MERCOSUR,"In force (Law 25.326, draft bill to align with GDPR 2022)",https://unctad.org/page/data-protection-and-privacy-legislation-worldwide,Moderate (AAIP under executive),https://unctad.org/page/data-protection-and-privacy-legislation-worldwide,Yes (Minors consent + national COP plan),https://unctad.org/page/data-protection-and-privacy-legislation-worldwide; https://www.unicef.org/argentina/,Partial (national COP initiatives with UNICEF/ITU),https://www.unicef.org/argentina/,Yes (explicit in law),https://unctad.org/page/data-protection-and-privacy-legislation-worldwide,Equality/Marriage (Equal Marriage Act 2010),https://www.humandignitytrust.org/country-profile/argentina/; https://ilga.org/ilga-world-maps/,No/Annulled,https://ilga.org/ilga-world-maps/,Draft/Early (Argentina AI Plan announced 2019; follow-up consultations),https://en.unesco.org/artificial-intelligence/observatory/policies?country=AR; https://www.unesco.org/ethics-ai/en/global-hub,No,https://unctad.org/page/data-protection-and-privacy-legislation-worldwide,No (ID required; no biometrics),https://www.gsma.com/solutions-and-impact/connectivity-for-good/public-policy/mobile-policy-handbook/consumer-protection/mandatory-registration-of-prepaid-sims/; https://privacyinternational.org/learn/sim-card-registration,,,,,,,,,,,,,,8,,,,,,
25,Brazil,Americas,MERCOSUR,"In force (Lei Geral de Proteção de Dados – LGPD, Law No. 13.709/2018)",https://unctad.org/page/data-protection-and-privacy-legislation-worldwide,"Moderate (ANPD created under Presidency, autonomy strengthened 2022)",https://unctad.org/page/data-protection-and-privacy-legislation-worldwide,Yes (LGPD + Child and Adolescent Statute protections),https://unctad.org/page/data-protection-and-privacy-legislation-worldwide; https://www.unicef.org/brazil/,Partial (programs with SaferNet and ITU; no unified COP strategy),https://www.unicef.org/brazil/,Yes (explicitly includes sexual orientation),https://unctad.org/page/data-protection-and-privacy-legislation-worldwide,Equality/Marriage (same-sex marriage legal since 2013),https://www.humandignitytrust.org/country-profile/brazil/; https://ilga.org/ilga-world-maps/,No/Annulled,https://ilga.org/ilga-world-maps/,Adopted (Brazilian AI Strategy E-Digital 2021; updated in 2022),https://en.unesco.org/artificial-intelligence/observatory/policies?country=BR; https://www.unesco.org/ethics-ai/en/global-hub,Yes (LGPD Art. 38 DPIA requirement),https://unctad.org/page/data-protection-and-privacy-legislation-worldwide,Yes (biometric SIM registration increasingly required with facial/biometric KYC),https://www.gsma.com/solutions-and-impact/connectivity-for-good/public-policy/mobile-policy-handbook/consumer-protection/mandatory-registration-of-prepaid-sims/; https://privacyinternational.org/learn/sim-card-registration,,,,,,,,,,,,,,25,,,,,,
135,Paraguay,Americas,MERCOSUR,Draft — bill pending,https://unctad.org/page/data-protection-and-privacy-legislation-worldwide,,https://unctad.org/page/data-protection-and-privacy-legislation-worldwide,No,https://www.unicef.org/paraguay/,No,https://www.unicef.org/paraguay/,No,https://unctad.org/page/data-protection-and-privacy-legislation-worldwide,"Legal — decriminalised 1989, no recognition",https://www.humandignitytrust.org/country-profile/paraguay/; https://ilga.org/ilga-world-maps/,Yes — media restrictions on LGBTQ content,https://ilga.org/ilga-world-maps/,Draft/Early — Digital Agenda 2020,https://en.unesco.org/artificial-intelligence/observatory/policies?country=PY; https://www.unesco.org/ethics-ai/en/global-hub,No,https://unctad.org/page/data-protection-and-privacy-legislation-worldwide,Yes,https://www.gsma.com/solutions-and-impact/connectivity-for-good/public-policy/mobile-policy-handbook/consumer-protection/mandatory-registration-of-prepaid-sims/,,,,,,,,,,,,,,135,,,,,,
188,Uruguay,Americas,MERCOSUR,In force — Law No. 18.331,https://unctad.org/page/data-protection-and-privacy-legislation-worldwide,Strong,https://unctad.org/page/data-protection-and-privacy-legislation-worldwide,Partial,https://unctad.org/page/data-protection-and-privacy-legislation-worldwide; https://www.unicef.org/uruguay/,Partial,https://www.unicef.org/uruguay/,Yes,https://unctad.org/page/data-protection-and-privacy-legislation-worldwide,Equality/Marriage,https://www.humandignitytrust.org/country-profile/uruguay/; https://ilga.org/ilga-world-maps/,No,https://ilga.org/ilga-world-maps/,Draft/Early — Uruguay AI plan,https://en.unesco.org/artificial-intelligence/observatory/policies?country=UY; https://www.unesco.org/ethics-ai/en/global-hub,No,https://unctad.org/page/data-protection-and-privacy-legislation-worldwide,No,https://www.gsma.com/solutions-and-impact/connectivity-for-good/public-policy/mobile-policy-handbook/consumer-protection/mandatory-registration-of-prepaid-sims/,,,,,,,,,,,,,,188,,,,,,
36,Chile,Americas,Pacific Alliance,In force (Law No. 19.628 on Protection of Private Life; reform bill pending),https://unctad.org/page/data-protection-and-privacy-legislation-worldwide,Weak (Council for Transparency has limited role; new DPA bill pending),https://unctad.org/page/data-protection-and-privacy-legislation-worldwide,"Partial (Child protection law; COP initiatives with UNICEF, but no standalone strategy)",https://unctad.org/page/data-protection-and-privacy-legislation-worldwide; https://www.unicef.org/chile/,"Partial (government COP campaigns, UNICEF cooperation)",https://www.unicef.org/chile/,"Yes (sensitive data includes sexual orientation, gender identity in reform bill)",https://unctad.org/page/data-protection-and-privacy-legislation-worldwide,Equality/Marriage (same-sex marriage legal since 2022),https://www.humandignitytrust.org/country-profile/chile/; https://ilga.org/ilga-world-maps/,No/Annulled,https://ilga.org/ilga-world-maps/,Adopted (National AI Policy 2021),https://en.unesco.org/artificial-intelligence/observatory/policies?country=CL; https://www.unesco.org/ethics-ai/en/global-hub,No (not mandated yet),https://unctad.org/page/data-protection-and-privacy-legislation-worldwide,"No (SIM requires ID, not biometrics)",https://www.gsma.com/solutions-and-impact/connectivity-for-good/public-policy/mobile-policy-handbook/consumer-protection/mandatory-registration-of-prepaid-sims/; https://privacyinternational.org/learn/sim-card-registration,,,,,,,,,,,,,,36,,,,,,
38,Colombia,Americas,Pacific Alliance,In force (Law 1581/2012; statutory law on data protection),https://unctad.org/page/data-protection-and-privacy-legislation-worldwide,Strong/Independent (Superintendency of Industry and Commerce),https://unctad.org/page/data-protection-and-privacy-legislation-worldwide,Yes (child data protected under Constitution and Law 1098/2006),https://unctad.org/page/data-protection-and-privacy-legislation-worldwide; https://www.unicef.org/colombia/,Yes (national COP initiatives + UNICEF cooperation),https://www.unicef.org/colombia/,Yes (explicitly recognised as sensitive data under Law 1581/2012),https://unctad.org/page/data-protection-and-privacy-legislation-worldwide,Equality/Marriage (same-sex marriage recognised 2016),https://www.humandignitytrust.org/country-profile/colombia/; https://ilga.org/ilga-world-maps/,No/Annulled,https://ilga.org/ilga-world-maps/,Adopted (National AI Strategy 2019),https://en.unesco.org/artificial-intelligence/observatory/policies?country=CO; https://www.unesco.org/ethics-ai/en/global-hub,No (not mandated),https://unctad.org/page/data-protection-and-privacy-legislation-worldwide,Yes (biometric SIM registration required),https://www.gsma.com/solutions-and-impact/connectivity-for-good/public-policy/mobile-policy-handbook/consumer-protection/mandatory-registration-of-prepaid-sims/; https://privacyinternational.org/learn/sim-card-registration,,,,,,,,,,,,,,38,,,,,,
41,Costa Rica,Americas,SICA,"In force (Law 8968 on Protection of Personal Data of Individuals, 2011)",https://unctad.org/page/data-protection-and-privacy-legislation-worldwide,Moderate (PRODHAB under Ministry of Justice; not fully independent),https://unctad.org/page/data-protection-and-privacy-legislation-worldwide,Yes (constitutional protections + COP initiatives),https://unctad.org/page/data-protection-and-privacy-legislation-worldwide; https://www.unicef.org/costa-rica/,Yes (national COP programs with UNICEF/ITU),https://www.unicef.org/costa-rica/,Yes (sensitive data includes sexual orientation under law),https://unctad.org/page/data-protection-and-privacy-legislation-worldwide,Equality/Marriage (same-sex marriage legal since 2020),https://www.humandignitytrust.org/country-profile/costa-rica/; https://ilga.org/ilga-world-maps/,No/Annulled,https://ilga.org/ilga-world-maps/,Draft/Early (AI referenced in National Digital Strategy 2022; AI policy in development),https://en.unesco.org/artificial-intelligence/observatory/policies?country=CR; https://www.unesco.org/ethics-ai/en/global-hub,No,https://unctad.org/page/data-protection-and-privacy-legislation-worldwide,No (ID required; no biometrics),https://www.gsma.com/solutions-and-impact/connectivity-for-good/public-policy/mobile-policy-handbook/consumer-protection/mandatory-registration-of-prepaid-sims/; https://privacyinternational.org/learn/sim-card-registration,,,,,,,,,,,,,,41,,,,,,
55,El Salvador,Americas,SICA,"Draft (bills pending, no law in force)",https://unctad.org/page/data-protection-and-privacy-legislation-worldwide,None (no DPA),https://unctad.org/page/data-protection-and-privacy-legislation-worldwide,Partial (general child protections; no COP law),https://unctad.org/page/data-protection-and-privacy-legislation-worldwide; https://www.unicef.org/el-salvador/,No,https://www.unicef.org/el-salvador/,No,https://unctad.org/page/data-protection-and-privacy-legislation-worldwide,Legal (no criminalisation; no recognition),https://www.humandignitytrust.org/country-profile/el-salvador/; https://ilga.org/ilga-world-maps/,Proposed/Unclear,https://ilga.org/ilga-world-maps/,None (no AI strategy),https://en.unesco.org/artificial-intelligence/observatory/policies?country=SV; https://www.unesco.org/ethics-ai/en/global-hub,No,https://unctad.org/page/data-protection-and-privacy-legislation-worldwide,Yes (mandatory SIM registration with ID),https://www.gsma.com/solutions-and-impact/connectivity-for-good/public-policy/mobile-policy-handbook/consumer-protection/mandatory-registration-of-prepaid-sims/,,,,,,,,,,,,,,55,,,,,,
71,Guatemala,Americas,SICA,,https://unctad.org/page/data-protection-and-privacy-legislation-worldwide,,https://unctad.org/page/data-protection-and-privacy-legislation-worldwide,No,https://www.unicef.org/guatemala/,No,https://www.unicef.org/guatemala/,No,https://unctad.org/page/data-protection-and-privacy-legislation-worldwide,Criminalised (Bill 5272 attempts),https://www.humandignitytrust.org/country-profile/guatemala/; https://ilga.org/ilga-world-maps/,Proposed/Unclear (frequent restrictions proposed),https://ilga.org/ilga-world-maps/,,https://en.unesco.org/artificial-intelligence/observatory/policies?country=GT; https://www.unesco.org/ethics-ai/en/global-hub,No,https://unctad.org/page/data-protection-and-privacy-legislation-worldwide,Yes (SIMs tied to national ID),https://www.gsma.com/solutions-and-impact/connectivity-for-good/public-policy/mobile-policy-handbook/consumer-protection/mandatory-registration-of-prepaid-sims/,,,,,,,,,,,,,,71,,,,,,
76,Honduras,Americas,SICA,Draft (bills pending),https://unctad.org/page/data-protection-and-privacy-legislation-worldwide,,https://unctad.org/page/data-protection-and-privacy-legislation-worldwide,No,https://www.unicef.org/honduras/,No,https://www.unicef.org/honduras/,No,https://unctad.org/page/data-protection-and-privacy-legislation-worldwide,Criminalised (constitutional ban on marriage/rights),https://www.humandignitytrust.org/country-profile/honduras/; https://ilga.org/ilga-world-maps/,Yes (morality-based restrictions),https://ilga.org/ilga-world-maps/,,https://en.unesco.org/artificial-intelligence/observatory/policies?country=HN; https://www.unesco.org/ethics-ai/en/global-hub,No,https://unctad.org/page/data-protection-and-privacy-legislation-worldwide,Yes (mandatory SIM registration),https://www.gsma.com/solutions-and-impact/connectivity-for-good/public-policy/mobile-policy-handbook/consumer-protection/mandatory-registration-of-prepaid-sims/,,,,,,,,,,,,,,76,,,,,,
125,Nicaragua,Americas,SICA,"In force (Law No. 787 on Personal Data Protection, 2012)",https://unctad.org/page/data-protection-and-privacy-legislation-worldwide,Weak (regulator under government control),https://unctad.org/page/data-protection-and-privacy-legislation-worldwide,No,https://www.unicef.org/nicaragua/,No,https://www.unicef.org/nicaragua/,No,https://unctad.org/page/data-protection-and-privacy-legislation-worldwide,Legal (decriminalised 2008; no recognition),https://www.humandignitytrust.org/country-profile/nicaragua/; https://ilga.org/ilga-world-maps/,Yes (censorship powers used),https://ilga.org/ilga-world-maps/,,https://en.unesco.org/artificial-intelligence/observatory/policies?country=NI; https://www.unesco.org/ethics-ai/en/global-hub,No,https://unctad.org/page/data-protection-and-privacy-legislation-worldwide,Yes,https://www.gsma.com/solutions-and-impact/connectivity-for-good/public-policy/mobile-policy-handbook/consumer-protection/mandatory-registration-of-prepaid-sims/,,,,,,,,,,,,,,125,,,,,,
133,Panama,Americas,SICA,In force — Law 81 (2019),https://unctad.org/page/data-protection-and-privacy-legislation-worldwide,Weak — regulator under Ministry,https://unctad.org/page/data-protection-and-privacy-legislation-worldwide,Partial,https://unctad.org/page/data-protection-and-privacy-legislation-worldwide; https://www.unicef.org/panama/,Partial,https://www.unicef.org/panama/,No,https://unctad.org/page/data-protection-and-privacy-legislation-worldwide,"Legal — decriminalised 2008, no marriage",https://www.humandignitytrust.org/country-profile/panama/; https://ilga.org/ilga-world-maps/,No,https://ilga.org/ilga-world-maps/,Draft/Early — Digital Agenda Panama 4.0,https://en.unesco.org/artificial-intelligence/observatory/policies?country=PA; https://www.unesco.org/ethics-ai/en/global-hub,No,https://unctad.org/page/data-protection-and-privacy-legislation-worldwide,Yes — SIM tied to ID,https://www.gsma.com/solutions-and-impact/connectivity-for-good/public-policy/mobile-policy-handbook/consumer-protection/mandatory-registration-of-prepaid-sims/,,,,,,,,,,,,,,133,,,,,,
33,Canada,Americas,USMCA,"Canada regulates federal public bodies under the Privacy Act (R.S.C., 1985, c. P-21) and private-sector organizations under the Personal Information Protection and Electronic Documents Act (PIPEDA) (S.C. 2000, c. 5). Three provinces have “substantially similar” private-sector laws—Québec’s Act respecting the protection of personal information in the private sector (modernized by 2021, c. 25 (“Law 25”)), Alberta’s Personal Information Protection Act, and British Columbia’s Personal Information Protection Act—which generally apply to provincially regulated activities in place of PIPEDA; PIPEDA still governs cross-border and federally regulated activities.",https://laws-lois.justice.gc.ca/eng/acts/p-21/ https://laws-lois.justice.gc.ca/eng/acts/p-8.6/ https://www.legisquebec.gouv.qc.ca/en/showdoc/cs/P-39.1 https://www.publicationsduquebec.gouv.qc.ca/fileadmin/Fichiers_client/lois_et_reglements/LoisAnnuelles/en/2021/2021C25A.PDF https://www.qp.alberta.ca/documents/Acts/P06P5.pdf https://www.bclaws.gov.bc.ca/civix/document/id/complete/statreg/03063_01,The Office of the Privacy Commissioner of Canada is an independent Agent of Parliament that oversees compliance with the Privacy Act and PIPEDA and reports directly to Parliament rather than to a minister.,https://www.priv.gc.ca/en/about-the-opc/who-we-are/ https://www.priv.gc.ca/en/about-the-opc/what-we-do/,"Under PIPEDA, organizations must obtain “meaningful consent,” and OPC guidance stresses heightened protections for children; consent practices must match a child’s maturity and, for young children who cannot meaningfully consent, be obtained from a parent/guardian. Québec’s Law 25 further strengthens safeguards for minors, including privacy-by-default and a requirement that the holder of parental authority consent to the collection of personal information about a child under 14, subject to the child’s best interests.",https://www.priv.gc.ca/en/privacy-topics/collecting-personal-information/consent/gl_omc_201805/ https://www.publicationsduquebec.gouv.qc.ca/fileadmin/Fichiers_client/lois_et_reglements/LoisAnnuelles/en/2021/2021C25A.PDF,"Canada maintains a National Strategy for the Protection of Children from Sexual Exploitation on the Internet led by Public Safety Canada, supporting the RCMP’s National Child Exploitation Crime Centre and the Canadian Centre for Child Protection.",https://www.publicsafety.gc.ca/cnt/rsrcs/pblctns/ntnl-strtgy-prtctn-chldrn-sexplttn/index-en.aspx https://www.rcmp-grc.gc.ca/en/national-child-exploitation-crime-centre,"OPC interpretation treats information about sexual orientation and an individual’s sex life as generally “sensitive,” typically requiring stronger safeguards and a higher threshold for collection and use under PIPEDA.",https://www.priv.gc.ca/en/privacy-topics/privacy-laws-in-canada/the-personal-information-protection-and-electronic-documents-act-pipeda/pipeda-compliance-help/pipeda-interpretation-bulletins/interpretations_10_sensible/,"Same-sex marriage has been legal nationwide since the Civil Marriage Act (S.C. 2005, c. 33). The Canadian Human Rights Act prohibits discrimination based on sexual orientation and, since 2017 (Bill C-16), expressly includes gender identity or expression. The Criminal Code’s hate-propaganda framework applies to “identifiable groups,” including sexual orientation and gender identity/expression.",https://laws-lois.justice.gc.ca/eng/acts/c-31.5/ https://laws-lois.justice.gc.ca/eng/acts/h-6/ https://www.parl.ca/DocumentViewer/en/42-1/bill/C-16/royal-assent https://laws-lois.justice.gc.ca/eng/acts/C-46/section-318.html,"Canada does not criminalize the “promotion” of LGBTQ identities; instead, the Criminal Code prohibits advocating genocide (s.318) and the public incitement or wilful promotion of hatred against an identifiable group (s.319). “Conversion therapy” is expressly criminalized by 2021, c. 24 (in force Jan. 7, 2022).",https://laws-lois.justice.gc.ca/eng/acts/C-46/section-318.html https://laws-lois.justice.gc.ca/eng/acts/C-46/section-319.html https://laws.justice.gc.ca/eng/AnnualStatutes/2021_24/FullText.html,"There is no stand-alone federal AI statute in force; federal departments are bound by the Treasury Board’s Directive on Automated Decision-Making (2019), which requires Algorithmic Impact Assessments, tiered safeguards, transparency and human oversight. The Pan-Canadian Artificial Intelligence Strategy (2017; renewed 2022) is a national funding program supporting AI research and talent (not a regulatory law).",https://www.tbs-sct.canada.ca/pol/doc-eng.aspx?id=32592 https://www.canada.ca/en/government/system/digital-government/digital-government-innovations/responsible-use-ai/algorithmic-impact-assessment.html https://www.cifar.ca/ai/pan-canadian-artificial-intelligence-strategy,"Federal institutions must conduct Privacy Impact Assessments for programs/activities that involve personal information under the Treasury Board Directive; Québec’s Law 25 requires privacy impact assessments for projects involving systems or services that process personal information, capturing many higher-risk automated/AI deployments in that province.",https://www.tbs-sct.canada.ca/pol/doc-eng.aspx?id=18308 https://www.priv.gc.ca/en/privacy-topics/privacy-impact-assessments/ https://www.publicationsduquebec.gouv.qc.ca/fileadmin/Fichiers_client/lois_et_reglements/LoisAnnuelles/en/2021/2021C25A.PDF,"No federal statute mandates SIM registration linked to a national ID or to biometrics. Wireless services are governed by the Telecommunications Act and the CRTC’s Wireless Code; carriers may verify identity for service/credit purposes, but there is no requirement to register SIMs with biometric data, and any biometric collection would be subject to PIPEDA’s consent and necessity limits.",https://laws-lois.justice.gc.ca/eng/acts/t-3.4/ https://crtc.gc.ca/eng/phone/mobile/codesimpl.htm https://laws-lois.justice.gc.ca/eng/acts/p-8.6/,,,,,,,,,,,,,,33,,,,,,
112,Mexico,Americas,USMCA,"In force (Federal Law on Protection of Personal Data Held by Private Parties, 2010)",https://unctad.org/page/data-protection-and-privacy-legislation-worldwide,Strong/Independent (INAI),https://unctad.org/page/data-protection-and-privacy-legislation-worldwide,Partial,https://unctad.org/page/data-protection-and-privacy-legislation-worldwide; https://www.unicef.org/mexico/,Partial,https://www.unicef.org/mexico/,Yes,https://unctad.org/page/data-protection-and-privacy-legislation-worldwide,Equality/Marriage (nationwide since 2022),https://www.humandignitytrust.org/country-profile/mexico/; https://ilga.org/ilga-world-maps/,No,https://ilga.org/ilga-world-maps/,Draft/Early (AI policy proposals 2018; no strategy adopted),https://en.unesco.org/artificial-intelligence/observatory/policies?country=MX; https://www.unesco.org/ethics-ai/en/global-hub,Partial (PIAs encouraged; not mandatory),https://unctad.org/page/data-protection-and-privacy-legislation-worldwide,Yes (registry created 2021; later repealed),https://www.gsma.com/solutions-and-impact/connectivity-for-good/public-policy/mobile-policy-handbook/consumer-protection/mandatory-registration-of-prepaid-sims/,,,,,,,,,,,,,,112,,,,,,
187,United States of America,Americas,USMCA,No comprehensive law,https://unctad.org/page/data-protection-and-privacy-legislation-worldwide,,https://unctad.org/page/data-protection-and-privacy-legislation-worldwide,Yes — COPPA,https://unctad.org/page/data-protection-and-privacy-legislation-worldwide; https://www.unicef.org/united-states-of-america/,Yes,https://www.unicef.org/united-states-of-america/,Partial,https://unctad.org/page/data-protection-and-privacy-legislation-worldwide,Equality/Marriage,https://www.humandignitytrust.org/country-profile/united-states-of-america/; https://ilga.org/ilga-world-maps/,No,https://ilga.org/ilga-world-maps/,Adopted — US AI Strategy 2023,https://en.unesco.org/artificial-intelligence/observatory/policies?country=US; https://www.unesco.org/ethics-ai/en/global-hub,No,https://unctad.org/page/data-protection-and-privacy-legislation-worldwide,No,https://www.gsma.com/solutions-and-impact/connectivity-for-good/public-policy/mobile-policy-handbook/consumer-protection/mandatory-registration-of-prepaid-sims/,,,,,,,,,,,,,,187,,,,,,
82,Iraq,Asia,Arab League,Draft (no comprehensive law),https://unctad.org/page/data-protection-and-privacy-legislation-worldwide,,https://unctad.org/page/data-protection-and-privacy-legislation-worldwide,No,https://www.unicef.org/iraq/,No,https://www.unicef.org/iraq/,No,https://unctad.org/page/data-protection-and-privacy-legislation-worldwide,Criminalised (morality laws applied),https://www.humandignitytrust.org/country-profile/iraq/; https://ilga.org/ilga-world-maps/,Yes,https://ilga.org/ilga-world-maps/,,https://en.unesco.org/artificial-intelligence/observatory/policies?country=IQ; https://www.unesco.org/ethics-ai/en/global-hub,No,https://unctad.org/page/data-protection-and-privacy-legislation-worldwide,Yes (biometric SIM registration mandatory),https://www.gsma.com/solutions-and-impact/connectivity-for-good/public-policy/mobile-policy-handbook/consumer-protection/mandatory-registration-of-prepaid-sims/; https://privacyinternational.org/learn/sim-card-registration,,,,,,,,,,,,,,82,,,,,,
88,Jordan,Asia,Arab League,Draft (bill pending),https://unctad.org/page/data-protection-and-privacy-legislation-worldwide,None (regulator not operational),https://unctad.org/page/data-protection-and-privacy-legislation-worldwide,No (general child protections only),https://unctad.org/page/data-protection-and-privacy-legislation-worldwide; https://www.unicef.org/jordan/,No,https://www.unicef.org/jordan/,No,https://unctad.org/page/data-protection-and-privacy-legislation-worldwide,Legal (no criminalisation; no marriage equality),https://www.humandignitytrust.org/country-profile/jordan/; https://ilga.org/ilga-world-maps/,Proposed/Unclear (morality restrictions in practice),https://ilga.org/ilga-world-maps/,Draft/Early (AI initiatives via Digital Economy Ministry; no formal strategy),https://en.unesco.org/artificial-intelligence/observatory/policies?country=JO; https://www.unesco.org/ethics-ai/en/global-hub,No,https://unctad.org/page/data-protection-and-privacy-legislation-worldwide,Yes (SIM registration tied to national ID),https://www.gsma.com/solutions-and-impact/connectivity-for-good/public-policy/mobile-policy-handbook/consumer-protection/mandatory-registration-of-prepaid-sims/,,,,,,,,,,,,,,88,,,,,,
96,Lebanon,Asia,Arab League,In force (E-Transactions and Data Protection Law No. 81/2018),https://unctad.org/page/data-protection-and-privacy-legislation-worldwide,Weak (regulator under Ministry of Economy and Trade),https://unctad.org/page/data-protection-and-privacy-legislation-worldwide,No,https://www.unicef.org/lebanon/,No,https://www.unicef.org/lebanon/,No,https://unctad.org/page/data-protection-and-privacy-legislation-worldwide,Criminalised (Penal Code Article 534),https://www.humandignitytrust.org/country-profile/lebanon/; https://ilga.org/ilga-world-maps/,Yes (morality/public decency laws),https://ilga.org/ilga-world-maps/,Draft/Early (AI innovation under Digital Transformation Strategy),https://en.unesco.org/artificial-intelligence/observatory/policies?country=LB; https://www.unesco.org/ethics-ai/en/global-hub,No,https://unctad.org/page/data-protection-and-privacy-legislation-worldwide,Yes (SIM tied to ID),https://www.gsma.com/solutions-and-impact/connectivity-for-good/public-policy/mobile-policy-handbook/consumer-protection/mandatory-registration-of-prepaid-sims/,,,,,,,,,,,,,,96,,,,,,
166,State of Palestine,Asia,Arab League,"Draft — discussions ongoing, no enacted law",https://unctad.org/page/data-protection-and-privacy-legislation-worldwide,,https://unctad.org/page/data-protection-and-privacy-legislation-worldwide,No,https://www.unicef.org/state-of-palestine/,No,https://www.unicef.org/state-of-palestine/,No,https://unctad.org/page/data-protection-and-privacy-legislation-worldwide,Criminalised — Penal Code provisions enforced in Gaza; ambiguous in West Bank,https://www.humandignitytrust.org/country-profile/state-of-palestine/; https://ilga.org/ilga-world-maps/,Yes,https://ilga.org/ilga-world-maps/,,https://www.unesco.org/ethics-ai/en/global-hub,No,https://unctad.org/page/data-protection-and-privacy-legislation-worldwide,Yes — SIMs linked to ID,https://www.gsma.com/solutions-and-impact/connectivity-for-good/public-policy/mobile-policy-handbook/consumer-protection/mandatory-registration-of-prepaid-sims/,,,,,,,,,,,,,,166,,,,,,
171,Syrian Arab Republic,Asia,Arab League,,https://unctad.org/page/data-protection-and-privacy-legislation-worldwide,,https://unctad.org/page/data-protection-and-privacy-legislation-worldwide,No,https://www.unicef.org/syrian-arab-republic/,No,https://www.unicef.org/syrian-arab-republic/,No,https://unctad.org/page/data-protection-and-privacy-legislation-worldwide,Criminalised,https://www.humandignitytrust.org/country-profile/syrian-arab-republic/; https://ilga.org/ilga-world-maps/,Yes,https://ilga.org/ilga-world-maps/,,https://en.unesco.org/artificial-intelligence/observatory/policies?country=SY; https://www.unesco.org/ethics-ai/en/global-hub,No,https://unctad.org/page/data-protection-and-privacy-legislation-worldwide,Yes,https://www.gsma.com/solutions-and-impact/connectivity-for-good/public-policy/mobile-policy-handbook/consumer-protection/mandatory-registration-of-prepaid-sims/,,,,,,,,,,,,,,171,,,,,,
193,Yemen,Asia,Arab League,,https://unctad.org/page/data-protection-and-privacy-legislation-worldwide,,https://unctad.org/page/data-protection-and-privacy-legislation-worldwide,No,https://www.unicef.org/yemen/,No,https://www.unicef.org/yemen/,No,https://unctad.org/page/data-protection-and-privacy-legislation-worldwide,Criminalised,https://www.humandignitytrust.org/country-profile/yemen/; https://ilga.org/ilga-world-maps/,Yes,https://ilga.org/ilga-world-maps/,,https://en.unesco.org/artificial-intelligence/observatory/policies?country=YE; https://www.unesco.org/ethics-ai/en/global-hub,No,https://unctad.org/page/data-protection-and-privacy-legislation-worldwide,Yes,https://www.gsma.com/solutions-and-impact/connectivity-for-good/public-policy/mobile-policy-handbook/consumer-protection/mandatory-registration-of-prepaid-sims/,,,,,,,,,,,,,,193,,,,,,
26,Brunei Darussalam,Asia,ASEAN,Draft (no comprehensive DP law; sectoral provisions only),https://unctad.org/page/data-protection-and-privacy-legislation-worldwide,Weak (no independent DPA),https://unctad.org/page/data-protection-and-privacy-legislation-worldwide,Partial (Child Online Protection Framework 2014; ICTD programs),https://unctad.org/page/data-protection-and-privacy-legislation-worldwide; https://www.unicef.org/brunei-darussalam/,Partial (COP framework with ITU/ASEAN),https://www.unicef.org/brunei-darussalam/,No,https://unctad.org/page/data-protection-and-privacy-legislation-worldwide,Criminalised (Sharia Penal Code criminalises same-sex conduct),https://www.humandignitytrust.org/country-profile/brunei-darussalam/; https://ilga.org/ilga-world-maps/,Yes (bans on LGBT promotion under morality laws),https://ilga.org/ilga-world-maps/,None (no AI strategy identified),https://en.unesco.org/artificial-intelligence/observatory/policies?country=BN; https://www.unesco.org/ethics-ai/en/global-hub,No,https://unctad.org/page/data-protection-and-privacy-legislation-worldwide,Yes (mandatory biometric SIM registration required),https://www.gsma.com/solutions-and-impact/connectivity-for-good/public-policy/mobile-policy-handbook/consumer-protection/mandatory-registration-of-prepaid-sims/; https://privacyinternational.org/learn/sim-card-registration,,,,,,,,,,,,,,26,,,,,,
31,Cambodia,Asia,ASEAN,Draft (Personal Data Protection Law under development),https://unctad.org/page/data-protection-and-privacy-legislation-worldwide,Weak (no independent DPA established yet),https://unctad.org/page/data-protection-and-privacy-legislation-worldwide,Partial (Child Protection laws; no dedicated COP strategy),https://unctad.org/page/data-protection-and-privacy-legislation-worldwide; https://www.unicef.org/cambodia/,Partial (cooperation with ITU/UNICEF on COP initiatives),https://www.unicef.org/cambodia/,No,https://unctad.org/page/data-protection-and-privacy-legislation-worldwide,Legal (same-sex sexual acts legal; no recognition of marriage),https://www.humandignitytrust.org/country-profile/cambodia/; https://ilga.org/ilga-world-maps/,No/Annulled,https://ilga.org/ilga-world-maps/,Draft/Early (AI referenced in Digital Government Policy 2022–2035; no dedicated AI strategy),https://en.unesco.org/artificial-intelligence/observatory/policies?country=KH; https://www.unesco.org/ethics-ai/en/global-hub,No,https://unctad.org/page/data-protection-and-privacy-legislation-worldwide,Yes (biometric SIM registration required),https://www.gsma.com/solutions-and-impact/connectivity-for-good/public-policy/mobile-policy-handbook/consumer-protection/mandatory-registration-of-prepaid-sims/; https://privacyinternational.org/learn/sim-card-registration,,,,,,,,,,,,,,31,,,,,,
80,Indonesia,Asia,ASEAN,"In force (Personal Data Protection Law, 2022)",https://unctad.org/page/data-protection-and-privacy-legislation-worldwide,Weak (regulator under Ministry of Communication),https://unctad.org/page/data-protection-and-privacy-legislation-worldwide,Partial (general child rights; no COP-specific regime),https://unctad.org/page/data-protection-and-privacy-legislation-worldwide; https://www.unicef.org/indonesia/,Partial (national ICT & child online campaigns),https://www.unicef.org/indonesia/,No,https://unctad.org/page/data-protection-and-privacy-legislation-worldwide,Criminalised (discriminatory laws; no recognition),https://www.humandignitytrust.org/country-profile/indonesia/; https://ilga.org/ilga-world-maps/,Yes (morality/decency laws),https://ilga.org/ilga-world-maps/,Adopted (National AI Strategy 2020–2045),https://en.unesco.org/artificial-intelligence/observatory/policies?country=ID; https://www.unesco.org/ethics-ai/en/global-hub,No,https://unctad.org/page/data-protection-and-privacy-legislation-worldwide,Yes (mandatory SIM registration with ID),https://www.gsma.com/solutions-and-impact/connectivity-for-good/public-policy/mobile-policy-handbook/consumer-protection/mandatory-registration-of-prepaid-sims/,,,,,,,,,,,,,,80,,,,,,
94,Lao People's Democratic Republic,Asia,ASEAN,"In force (Law on Electronic Data Protection, 2017)",https://unctad.org/page/data-protection-and-privacy-legislation-worldwide,Weak (regulator under Ministry of Posts/Telecoms),https://unctad.org/page/data-protection-and-privacy-legislation-worldwide,No,https://www.unicef.org/lao-peoples-democratic-republic/,No,https://www.unicef.org/lao-peoples-democratic-republic/,No,https://unctad.org/page/data-protection-and-privacy-legislation-worldwide,Legal (no criminalisation; no partnerships),https://www.humandignitytrust.org/country-profile/lao-peoples-democratic-republic/; https://ilga.org/ilga-world-maps/,Yes (morality/public order laws),https://ilga.org/ilga-world-maps/,,https://en.unesco.org/artificial-intelligence/observatory/policies?country=LA; https://www.unesco.org/ethics-ai/en/global-hub,No,https://unctad.org/page/data-protection-and-privacy-legislation-worldwide,Yes (SIM registration tied to national ID),https://www.gsma.com/solutions-and-impact/connectivity-for-good/public-policy/mobile-policy-handbook/consumer-protection/mandatory-registration-of-prepaid-sims/,,,,,,,,,,,,,,94,,,,,,
105,Malaysia,Asia,ASEAN,"In force (Personal Data Protection Act, 2010)",https://unctad.org/page/data-protection-and-privacy-legislation-worldwide,Weak (commissioner under Ministry of Communications),https://unctad.org/page/data-protection-and-privacy-legislation-worldwide,Partial (no COP-specific law; consumer protections exist),https://unctad.org/page/data-protection-and-privacy-legislation-worldwide; https://www.unicef.org/malaysia/,Partial (awareness programs; no framework),https://www.unicef.org/malaysia/,No,https://unctad.org/page/data-protection-and-privacy-legislation-worldwide,Criminalised (Penal Code Sections 377A/B),https://www.humandignitytrust.org/country-profile/malaysia/; https://ilga.org/ilga-world-maps/,Yes (censorship against LGBTQ content),https://ilga.org/ilga-world-maps/,Adopted (National AI Roadmap 2021–2025),https://en.unesco.org/artificial-intelligence/observatory/policies?country=MY; https://www.unesco.org/ethics-ai/en/global-hub,No,https://unctad.org/page/data-protection-and-privacy-legislation-worldwide,Yes (SIM tied to ID; biometric capture common),https://www.gsma.com/solutions-and-impact/connectivity-for-good/public-policy/mobile-policy-handbook/consumer-protection/mandatory-registration-of-prepaid-sims/; https://privacyinternational.org/learn/sim-card-registration,,,,,,,,,,,,,,105,,,,,,
119,Myanmar,Asia,ASEAN,,https://unctad.org/page/data-protection-and-privacy-legislation-worldwide,,https://unctad.org/page/data-protection-and-privacy-legislation-worldwide,No,https://www.unicef.org/myanmar/,No,https://www.unicef.org/myanmar/,No,https://unctad.org/page/data-protection-and-privacy-legislation-worldwide,Criminalised (Penal Code Section 377),https://www.humandignitytrust.org/country-profile/myanmar/; https://ilga.org/ilga-world-maps/,Yes,https://ilga.org/ilga-world-maps/,,https://en.unesco.org/artificial-intelligence/observatory/policies?country=MM; https://www.unesco.org/ethics-ai/en/global-hub,No,https://unctad.org/page/data-protection-and-privacy-legislation-worldwide,Yes (SIM registration tied to biometric ID),https://www.gsma.com/solutions-and-impact/connectivity-for-good/public-policy/mobile-policy-handbook/consumer-protection/mandatory-registration-of-prepaid-sims/; https://privacyinternational.org/learn/sim-card-registration,,,,,,,,,,,,,,119,,,,,,
137,Philippines,Asia,ASEAN,In force — Data Privacy Act (2012),https://unctad.org/page/data-protection-and-privacy-legislation-worldwide,Moderate — National Privacy Commission,https://unctad.org/page/data-protection-and-privacy-legislation-worldwide,Partial,https://unctad.org/page/data-protection-and-privacy-legislation-worldwide; https://www.unicef.org/philippines/,Partial,https://www.unicef.org/philippines/,No,https://unctad.org/page/data-protection-and-privacy-legislation-worldwide,Legal — no recognition,https://www.humandignitytrust.org/country-profile/philippines/; https://ilga.org/ilga-world-maps/,No,https://ilga.org/ilga-world-maps/,Draft/Early — AI Roadmap 2021,https://en.unesco.org/artificial-intelligence/observatory/policies?country=PH; https://www.unesco.org/ethics-ai/en/global-hub,No,https://unctad.org/page/data-protection-and-privacy-legislation-worldwide,Yes — SIM Registration Act 2022,https://www.gsma.com/solutions-and-impact/connectivity-for-good/public-policy/mobile-policy-handbook/consumer-protection/mandatory-registration-of-prepaid-sims/,,,,,,,,,,,,,,137,,,,,,
157,Singapore,Asia,ASEAN,"In force — Personal Data Protection Act (PDPA, 2012)",https://unctad.org/page/data-protection-and-privacy-legislation-worldwide,Moderate — PDPC within IMDA,https://unctad.org/page/data-protection-and-privacy-legislation-worldwide,Partial,https://unctad.org/page/data-protection-and-privacy-legislation-worldwide; https://www.unicef.org/singapore/,Yes — cyber wellness programs,https://www.unicef.org/singapore/,No explicit recognition,https://unctad.org/page/data-protection-and-privacy-legislation-worldwide,"Legal — Section 377A repealed in 2022, no marriage",https://www.humandignitytrust.org/country-profile/singapore/; https://ilga.org/ilga-world-maps/,No,https://ilga.org/ilga-world-maps/,Adopted — National AI Strategy (2019),https://en.unesco.org/artificial-intelligence/observatory/policies?country=SG; https://www.unesco.org/ethics-ai/en/global-hub,No,https://unctad.org/page/data-protection-and-privacy-legislation-worldwide,Yes — SIM tied to NRIC/ID,https://www.gsma.com/solutions-and-impact/connectivity-for-good/public-policy/mobile-policy-handbook/consumer-protection/mandatory-registration-of-prepaid-sims/,,,,,,,,,,,,,,157,,,,,,
174,Thailand,Asia,ASEAN,In force — PDPA (2022),https://unctad.org/page/data-protection-and-privacy-legislation-worldwide,Moderate — regulator under Ministry,https://unctad.org/page/data-protection-and-privacy-legislation-worldwide,Partial,https://unctad.org/page/data-protection-and-privacy-legislation-worldwide; https://www.unicef.org/thailand/,Partial,https://www.unicef.org/thailand/,Partial — gender identity protections debated,https://unctad.org/page/data-protection-and-privacy-legislation-worldwide,Legal — Civil Partnership Bill pending,https://www.humandignitytrust.org/country-profile/thailand/; https://ilga.org/ilga-world-maps/,No,https://ilga.org/ilga-world-maps/,Adopted — Thailand National AI Strategy 2022,https://en.unesco.org/artificial-intelligence/observatory/policies?country=TH; https://www.unesco.org/ethics-ai/en/global-hub,Yes,https://unctad.org/page/data-protection-and-privacy-legislation-worldwide,Yes — SIM linked to ID,https://www.gsma.com/solutions-and-impact/connectivity-for-good/public-policy/mobile-policy-handbook/consumer-protection/mandatory-registration-of-prepaid-sims/,,,,,,,,,,,,,,174,,,,,,
175,Timor-Leste,Asia,ASEAN,,https://unctad.org/page/data-protection-and-privacy-legislation-worldwide,,https://unctad.org/page/data-protection-and-privacy-legislation-worldwide,No,https://www.unicef.org/timor-leste/,No,https://www.unicef.org/timor-leste/,No,https://unctad.org/page/data-protection-and-privacy-legislation-worldwide,Legal — no criminalisation,https://www.humandignitytrust.org/country-profile/timor-leste/; https://ilga.org/ilga-world-maps/,No,https://ilga.org/ilga-world-maps/,,https://en.unesco.org/artificial-intelligence/observatory/policies?country=TL; https://www.unesco.org/ethics-ai/en/global-hub,No,https://unctad.org/page/data-protection-and-privacy-legislation-worldwide,Yes — SIM ID-linked,https://www.gsma.com/solutions-and-impact/connectivity-for-good/public-policy/mobile-policy-handbook/consumer-protection/mandatory-registration-of-prepaid-sims/,,,,,,,,,,,,,,175,,,,,,
192,Viet Nam,Asia,ASEAN,In force — Decree No. 13/2023,https://unctad.org/page/data-protection-and-privacy-legislation-worldwide,Weak,https://unctad.org/page/data-protection-and-privacy-legislation-worldwide,Partial,https://unctad.org/page/data-protection-and-privacy-legislation-worldwide; https://www.unicef.org/viet-nam/,Partial,https://www.unicef.org/viet-nam/,No,https://unctad.org/page/data-protection-and-privacy-legislation-worldwide,Legal,https://www.humandignitytrust.org/country-profile/viet-nam/; https://ilga.org/ilga-world-maps/,Yes,https://ilga.org/ilga-world-maps/,Adopted — Vietnam AI Strategy 2021–2030,https://en.unesco.org/artificial-intelligence/observatory/policies?country=VN; https://www.unesco.org/ethics-ai/en/global-hub,No,https://unctad.org/page/data-protection-and-privacy-legislation-worldwide,Yes,https://www.gsma.com/solutions-and-impact/connectivity-for-good/public-policy/mobile-policy-handbook/consumer-protection/mandatory-registration-of-prepaid-sims/,,,,,,,,,,,,,,192,,,,,,
9,Armenia,Asia,CIS,In force (Law on Personal Data Protection 2015),https://unctad.org/page/data-protection-and-privacy-legislation-worldwide,Weak (Commissioner under Ministry of Justice),https://unctad.org/page/data-protection-and-privacy-legislation-worldwide,Partial (general child protection; no explicit COP),https://unctad.org/page/data-protection-and-privacy-legislation-worldwide; https://www.unicef.org/armenia/,No,https://www.unicef.org/armenia/,No (sexual orientation not in sensitive categories),https://unctad.org/page/data-protection-and-privacy-legislation-worldwide,Legal (no criminalisation; no recognition),https://www.humandignitytrust.org/country-profile/armenia/; https://ilga.org/ilga-world-maps/,No/Annulled,https://ilga.org/ilga-world-maps/,Draft/Early (AI strategy development ongoing 2022–2024),https://en.unesco.org/artificial-intelligence/observatory/policies?country=AM; https://www.unesco.org/ethics-ai/en/global-hub,No,https://unctad.org/page/data-protection-and-privacy-legislation-worldwide,"No (passport/ID for SIM, no biometrics)",https://www.gsma.com/solutions-and-impact/connectivity-for-good/public-policy/mobile-policy-handbook/consumer-protection/mandatory-registration-of-prepaid-sims/; https://privacyinternational.org/learn/sim-card-registration,,,,,,,,,,,,,,9,,,,,,
12,Azerbaijan,Asia,CIS,In force (Law on Personal Data 2010; amendments 2021),https://unctad.org/page/data-protection-and-privacy-legislation-worldwide,Weak (supervision under executive ministry),https://unctad.org/page/data-protection-and-privacy-legislation-worldwide,"Partial (general child rights code, no COP strategy)",https://unctad.org/page/data-protection-and-privacy-legislation-worldwide; https://www.unicef.org/azerbaijan/,No,https://www.unicef.org/azerbaijan/,No (orientation not in sensitive categories),https://unctad.org/page/data-protection-and-privacy-legislation-worldwide,Legal (no criminalisation; no recognition),https://www.humandignitytrust.org/country-profile/azerbaijan/; https://ilga.org/ilga-world-maps/,No/Annulled,https://ilga.org/ilga-world-maps/,"Draft/Early (AI strategy under preparation, ICT strategy 2021 references AI)",https://en.unesco.org/artificial-intelligence/observatory/policies?country=AZ; https://www.unesco.org/ethics-ai/en/global-hub,No,https://unctad.org/page/data-protection-and-privacy-legislation-worldwide,Yes (mandatory SIM registration with ID and biometric linkage in practice),https://www.gsma.com/solutions-and-impact/connectivity-for-good/public-policy/mobile-policy-handbook/consumer-protection/mandatory-registration-of-prepaid-sims/; https://privacyinternational.org/learn/sim-card-registration,,,,,,,,,,,,,,12,,,,,,
66,Georgia,Asia,Council of Europe,"In force (Law on Personal Data Protection, 2012; amended 2021)",https://unctad.org/page/data-protection-and-privacy-legislation-worldwide,Strong/Independent (State Inspector’s Service until 2022; restructured),https://unctad.org/page/data-protection-and-privacy-legislation-worldwide,Partial (general child rights; no COP law),https://unctad.org/page/data-protection-and-privacy-legislation-worldwide; https://www.unicef.org/georgia/,No,https://www.unicef.org/georgia/,Yes (protected under law),https://unctad.org/page/data-protection-and-privacy-legislation-worldwide,Legal (no criminalisation; no marriage equality),https://www.humandignitytrust.org/country-profile/georgia/; https://ilga.org/ilga-world-maps/,No,https://ilga.org/ilga-world-maps/,Draft/Early (digital agenda; EU alignment),https://en.unesco.org/artificial-intelligence/observatory/policies?country=GE; https://www.unesco.org/ethics-ai/en/global-hub,No,https://unctad.org/page/data-protection-and-privacy-legislation-worldwide,Yes (SIM registration with ID; biometric linkage expanding),https://www.gsma.com/solutions-and-impact/connectivity-for-good/public-policy/mobile-policy-handbook/consumer-protection/mandatory-registration-of-prepaid-sims/; https://privacyinternational.org/learn/sim-card-registration,,,,,,,,,,,,,,66,,,,,,
87,Japan,Asia,G7,"In force (APPI, amended 2022)",https://unctad.org/page/data-protection-and-privacy-legislation-worldwide,Strong/Independent (PPC Japan),https://unctad.org/page/data-protection-and-privacy-legislation-worldwide,Yes (APPI covers minors; national COP efforts),https://unctad.org/page/data-protection-and-privacy-legislation-worldwide; https://www.unicef.org/japan/,Yes (government COP initiatives),https://www.unicef.org/japan/,Partial (covered via interpretation; not explicit),https://unctad.org/page/data-protection-and-privacy-legislation-worldwide,Legal (decriminalised; no marriage equality),https://www.humandignitytrust.org/country-profile/japan/; https://ilga.org/ilga-world-maps/,No,https://ilga.org/ilga-world-maps/,Adopted (AI Strategy 2019; Society 5.0),https://en.unesco.org/artificial-intelligence/observatory/policies?country=JP; https://www.unesco.org/ethics-ai/en/global-hub,No,https://unctad.org/page/data-protection-and-privacy-legislation-worldwide,No (ID required; no biometrics),https://www.gsma.com/solutions-and-impact/connectivity-for-good/public-policy/mobile-policy-handbook/consumer-protection/mandatory-registration-of-prepaid-sims/; https://privacyinternational.org/learn/sim-card-registration,,,,,,,,,,,,,,87,,,,,,
14,Bahrain,Asia,GCC,In force (Law No. 30 of 2018 on Personal Data Protection),https://unctad.org/page/data-protection-and-privacy-legislation-worldwide,Moderate (Personal Data Protection Authority under Ministry of Justice),https://unctad.org/page/data-protection-and-privacy-legislation-worldwide,Partial (general child protection law; no COP strategy),https://unctad.org/page/data-protection-and-privacy-legislation-worldwide; https://www.unicef.org/bahrain/,No,https://www.unicef.org/bahrain/,No,https://unctad.org/page/data-protection-and-privacy-legislation-worldwide,Criminalised,https://www.humandignitytrust.org/country-profile/bahrain/; https://ilga.org/ilga-world-maps/,Yes (penal code provisions criminalising promotion of homosexuality),https://ilga.org/ilga-world-maps/,Draft/Early (AI initiatives in ICT strategy; no standalone AI strategy),https://en.unesco.org/artificial-intelligence/observatory/policies?country=BH; https://www.unesco.org/ethics-ai/en/global-hub,No,https://unctad.org/page/data-protection-and-privacy-legislation-worldwide,Yes (mandatory biometric SIM registration),https://www.gsma.com/solutions-and-impact/connectivity-for-good/public-policy/mobile-policy-handbook/consumer-protection/mandatory-registration-of-prepaid-sims/; https://privacyinternational.org/learn/sim-card-registration,,,,,,,,,,,,,,14,,,,,,
92,Kuwait,Asia,GCC,"In force (Law No. 20 of 2014 on IT Crimes, limited protections)",https://unctad.org/page/data-protection-and-privacy-legislation-worldwide,,https://unctad.org/page/data-protection-and-privacy-legislation-worldwide,No,https://www.unicef.org/kuwait/,No,https://www.unicef.org/kuwait/,No,https://unctad.org/page/data-protection-and-privacy-legislation-worldwide,Criminalised (Penal Code Articles 193/198),https://www.humandignitytrust.org/country-profile/kuwait/; https://ilga.org/ilga-world-maps/,Yes (strict morality censorship),https://ilga.org/ilga-world-maps/,Draft/Early (Vision 2035 programmes; no formal AI strategy),https://en.unesco.org/artificial-intelligence/observatory/policies?country=KW; https://www.unesco.org/ethics-ai/en/global-hub,No,https://unctad.org/page/data-protection-and-privacy-legislation-worldwide,Yes (SIM registration with biometric ID),https://www.gsma.com/solutions-and-impact/connectivity-for-good/public-policy/mobile-policy-handbook/consumer-protection/mandatory-registration-of-prepaid-sims/; https://privacyinternational.org/learn/sim-card-registration,,,,,,,,,,,,,,92,,,,,,
130,Oman,Asia,GCC,In force — PDPL 2022,https://unctad.org/page/data-protection-and-privacy-legislation-worldwide,Weak — regulator under Ministry,https://unctad.org/page/data-protection-and-privacy-legislation-worldwide,No,https://www.unicef.org/oman/,No,https://www.unicef.org/oman/,No,https://unctad.org/page/data-protection-and-privacy-legislation-worldwide,Criminalised,https://www.humandignitytrust.org/country-profile/oman/; https://ilga.org/ilga-world-maps/,Yes,https://ilga.org/ilga-world-maps/,Draft/Early — Vision 2040,https://en.unesco.org/artificial-intelligence/observatory/policies?country=OM; https://www.unesco.org/ethics-ai/en/global-hub,No,https://unctad.org/page/data-protection-and-privacy-legislation-worldwide,Yes,https://www.gsma.com/solutions-and-impact/connectivity-for-good/public-policy/mobile-policy-handbook/consumer-protection/mandatory-registration-of-prepaid-sims/,,,,,,,,,,,,,,130,,,,,,
140,Qatar,Asia,GCC,In force — Law No. 13/2016,https://unctad.org/page/data-protection-and-privacy-legislation-worldwide,Weak — regulator in Ministry,https://unctad.org/page/data-protection-and-privacy-legislation-worldwide,No,https://www.unicef.org/qatar/,No,https://www.unicef.org/qatar/,No,https://unctad.org/page/data-protection-and-privacy-legislation-worldwide,Criminalised,https://www.humandignitytrust.org/country-profile/qatar/; https://ilga.org/ilga-world-maps/,Yes,https://ilga.org/ilga-world-maps/,Draft/Early — AI Strategy 2019,https://en.unesco.org/artificial-intelligence/observatory/policies?country=QA; https://www.unesco.org/ethics-ai/en/global-hub,No,https://unctad.org/page/data-protection-and-privacy-legislation-worldwide,Yes,https://www.gsma.com/solutions-and-impact/connectivity-for-good/public-policy/mobile-policy-handbook/consumer-protection/mandatory-registration-of-prepaid-sims/,,,,,,,,,,,,,,140,,,,,,
152,Saudi Arabia,Asia,GCC,In force — Personal Data Protection Law 2021,https://unctad.org/page/data-protection-and-privacy-legislation-worldwide,Weak — regulator under executive,https://unctad.org/page/data-protection-and-privacy-legislation-worldwide,No,https://www.unicef.org/saudi-arabia/,No,https://www.unicef.org/saudi-arabia/,No,https://unctad.org/page/data-protection-and-privacy-legislation-worldwide,Criminalised — severe penalties,https://www.humandignitytrust.org/country-profile/saudi-arabia/; https://ilga.org/ilga-world-maps/,Yes,https://ilga.org/ilga-world-maps/,Adopted — Saudi Data & AI Authority (SDAIA) Strategy 2020,https://en.unesco.org/artificial-intelligence/observatory/policies?country=SA; https://www.unesco.org/ethics-ai/en/global-hub,No,https://unctad.org/page/data-protection-and-privacy-legislation-worldwide,Yes,https://www.gsma.com/solutions-and-impact/connectivity-for-good/public-policy/mobile-policy-handbook/consumer-protection/mandatory-registration-of-prepaid-sims/,,,,,,,,,,,,,,152,,,,,,
185,United Arab Emirates,Asia,GCC,In force — Federal Data Protection Law (2021),https://unctad.org/page/data-protection-and-privacy-legislation-worldwide,Weak — under government ministry,https://unctad.org/page/data-protection-and-privacy-legislation-worldwide,Partial,https://unctad.org/page/data-protection-and-privacy-legislation-worldwide; https://www.unicef.org/united-arab-emirates/,Yes — national programs,https://www.unicef.org/united-arab-emirates/,No,https://unctad.org/page/data-protection-and-privacy-legislation-worldwide,"Criminalised — Sharia provisions, Penal Code",https://www.humandignitytrust.org/country-profile/united-arab-emirates/; https://ilga.org/ilga-world-maps/,Yes,https://ilga.org/ilga-world-maps/,Adopted — UAE AI Strategy 2031,https://en.unesco.org/artificial-intelligence/observatory/policies?country=AE; https://www.unesco.org/ethics-ai/en/global-hub,No,https://unctad.org/page/data-protection-and-privacy-legislation-worldwide,"Yes — Emirates ID required, biometric enabled",https://www.gsma.com/solutions-and-impact/connectivity-for-good/public-policy/mobile-policy-handbook/consumer-protection/mandatory-registration-of-prepaid-sims/; https://privacyinternational.org/learn/sim-card-registration,,,,,,,,,,,,,,185,,,,,,
84,Israel,Asia,OECD,"In force (Privacy Protection Law, 1981; amended)",https://unctad.org/page/data-protection-and-privacy-legislation-worldwide,Moderate (Privacy Protection Authority under Ministry of Justice),https://unctad.org/page/data-protection-and-privacy-legislation-worldwide,Partial (general child protections; no standalone COP law),https://unctad.org/page/data-protection-and-privacy-legislation-worldwide; https://www.unicef.org/israel/,Partial (programmes on online child safety),https://www.unicef.org/israel/,Yes (equality and data protection provisions),https://unctad.org/page/data-protection-and-privacy-legislation-worldwide,Legal (foreign marriages recognised; no local marriage equality),https://www.humandignitytrust.org/country-profile/israel/; https://ilga.org/ilga-world-maps/,No,https://ilga.org/ilga-world-maps/,Adopted (National AI Program 2020),https://en.unesco.org/artificial-intelligence/observatory/policies?country=IL; https://www.unesco.org/ethics-ai/en/global-hub,No,https://unctad.org/page/data-protection-and-privacy-legislation-worldwide,Yes (SIM tied to biometric national ID),https://www.gsma.com/solutions-and-impact/connectivity-for-good/public-policy/mobile-policy-handbook/consumer-protection/mandatory-registration-of-prepaid-sims/; https://privacyinternational.org/learn/sim-card-registration,,,,,,,,,,,,,,84,,,,,,
141,Republic of Korea,Asia,OECD,In force — PIPA (2011),https://unctad.org/page/data-protection-and-privacy-legislation-worldwide,Strong — PIPC,https://unctad.org/page/data-protection-and-privacy-legislation-worldwide,Yes,https://unctad.org/page/data-protection-and-privacy-legislation-worldwide; https://www.unicef.org/republic-of-korea/,Yes,https://www.unicef.org/republic-of-korea/,No explicit protection,https://unctad.org/page/data-protection-and-privacy-legislation-worldwide,Legal — no marriage equality,https://www.humandignitytrust.org/country-profile/republic-of-korea/; https://ilga.org/ilga-world-maps/,No,https://ilga.org/ilga-world-maps/,Adopted — AI National Strategy 2019,https://www.unesco.org/ethics-ai/en/global-hub,Yes,https://unctad.org/page/data-protection-and-privacy-legislation-worldwide,"Yes — tied to ID, not biometrics",https://www.gsma.com/solutions-and-impact/connectivity-for-good/public-policy/mobile-policy-handbook/consumer-protection/mandatory-registration-of-prepaid-sims/; https://privacyinternational.org/learn/sim-card-registration,,,,,,,,,,,,,,141,,,,,,
2,Afghanistan,Asia,SAARC,None – No comprehensive data protection law; minor privacy in Electronic Transactions and Signatures Law 2017,https://unctad.org/page/data-protection-and-privacy-legislation-worldwide; https://www.refworld.org/legal/legislation/natleglaws/2017/afg-2017-01.html,No DPA – No data protection authority (2024),https://unctad.org/page/data-protection-and-privacy-legislation-worldwide,None – No child data or online safety law; general privacy weakly addressed,https://www.unicef.org/afghanistan/reports/child-protection-afghanistan-2023,No – No national COP or child online protection strategy (2024),https://www.unicef.org/afghanistan/reports/child-protection-afghanistan-2023,No – SOGI not listed; privacy law does not mention sensitive data (ETSL 2017),https://www.refworld.org/legal/legislation/natleglaws/2017/afg-2017-01.html; https://unctad.org/page/data-protection-and-privacy-legislation-worldwide,"Criminalized – Same-sex acts illegal; harsh penalties including death risk under Taliban (Sharia, post-2021)",https://www.humandignitytrust.org/country-profile/afghanistan/; https://ilga.org/maps-sexual-orientation-laws,"Yes – Broad morality laws, Taliban restrictions (2021–) prohibit LGBTQ+ expression",https://www.hrw.org/news/2023/08/30/afghanistan-lgbt-afghans-face-persecution; https://ilga.org/maps-sexual-orientation-laws,None – No national AI policy or strategy (2024),https://en.unesco.org/artificial-intelligence/observatory/policies?country=AF,No – No DPIA/legal risk assessment required for AI or data (2024),https://www.refworld.org/legal/legislation/natleglaws/2017/afg-2017-01.html,Biometric mandatory – SIM registration requires biometrics (GSMA 2023),https://www.gsma.com/mobilefordevelopment/resources/mandatory-sim-registration-in-afghanistan/; https://privacyinternational.org/examples/3208/afghanistan-mandatory-sim-registration,,,,,,,,,,,,,,2,,,,,,
15,Bangladesh,Asia,SAARC,"Draft (Data Protection Act not yet enacted, under consultation 2023–2024)",https://unctad.org/page/data-protection-and-privacy-legislation-worldwide,"Weak (no independent DPA, regulator BTRC under government)",https://unctad.org/page/data-protection-and-privacy-legislation-worldwide,Partial (ICT Child Online Protection strategy via BTRC),https://unctad.org/page/data-protection-and-privacy-legislation-worldwide; https://www.unicef.org/bangladesh/,Partial (BTRC COP strategy with ITU/UNICEF support),https://www.unicef.org/bangladesh/,No,https://unctad.org/page/data-protection-and-privacy-legislation-worldwide,Criminalised (Section 377 in Penal Code),https://www.humandignitytrust.org/country-profile/bangladesh/; https://ilga.org/ilga-world-maps/,Yes (Digital Security Act used to target LGBTQ expression),https://ilga.org/ilga-world-maps/,Draft/Early (AI policy consultations ongoing; AI in Digital Bangladesh agenda),https://en.unesco.org/artificial-intelligence/observatory/policies?country=BD; https://www.unesco.org/ethics-ai/en/global-hub,No,https://unctad.org/page/data-protection-and-privacy-legislation-worldwide,"Yes (mandatory biometric SIM registration, fingerprints required)",https://www.gsma.com/solutions-and-impact/connectivity-for-good/public-policy/mobile-policy-handbook/consumer-protection/mandatory-registration-of-prepaid-sims/; https://privacyinternational.org/learn/sim-card-registration,,,,,,,,,,,,,,15,,,,,,
21,Bhutan,Asia,SAARC,Draft (no comprehensive DP law; draft ICT laws cover some aspects),https://unctad.org/page/data-protection-and-privacy-legislation-worldwide,Weak (no independent DPA),https://unctad.org/page/data-protection-and-privacy-legislation-worldwide,Partial (Child Care and Protection Act 2011; no COP strategy),https://unctad.org/page/data-protection-and-privacy-legislation-worldwide; https://www.unicef.org/bhutan/,No,https://www.unicef.org/bhutan/,No,https://unctad.org/page/data-protection-and-privacy-legislation-worldwide,Legal (same-sex relations decriminalised 2021),https://www.humandignitytrust.org/country-profile/bhutan/; https://ilga.org/ilga-world-maps/,No/Annulled,https://ilga.org/ilga-world-maps/,Draft/Early (AI in Digital Drukyul flagship programs; consultations ongoing),https://en.unesco.org/artificial-intelligence/observatory/policies?country=BT; https://www.unesco.org/ethics-ai/en/global-hub,No,https://unctad.org/page/data-protection-and-privacy-legislation-worldwide,Yes (mandatory biometric SIM registration introduced 2018),https://www.gsma.com/solutions-and-impact/connectivity-for-good/public-policy/mobile-policy-handbook/consumer-protection/mandatory-registration-of-prepaid-sims/; https://privacyinternational.org/learn/sim-card-registration,,,,,,,,,,,,,,21,,,,,,
79,India,Asia,SAARC,"In force (Digital Personal Data Protection Act, 2023)",https://unctad.org/page/data-protection-and-privacy-legislation-worldwide,Weak (Data Protection Board under government),https://unctad.org/page/data-protection-and-privacy-legislation-worldwide,Partial (parental consent required for under-18),https://unctad.org/page/data-protection-and-privacy-legislation-worldwide; https://www.unicef.org/india/,"Partial (initiatives, not comprehensive)",https://www.unicef.org/india/,No,https://unctad.org/page/data-protection-and-privacy-legislation-worldwide,Legal (decriminalised 2018; no marriage equality),https://www.humandignitytrust.org/country-profile/india/; https://ilga.org/ilga-world-maps/,Proposed/Unclear (state-level restrictions),https://ilga.org/ilga-world-maps/,"Draft/Early (NITI Aayog AI for All, 2018; not formally adopted)",https://en.unesco.org/artificial-intelligence/observatory/policies?country=IN; https://www.unesco.org/ethics-ai/en/global-hub,No,https://unctad.org/page/data-protection-and-privacy-legislation-worldwide,Yes (Aadhaar-linked biometric SIM registration),https://www.gsma.com/solutions-and-impact/connectivity-for-good/public-policy/mobile-policy-handbook/consumer-protection/mandatory-registration-of-prepaid-sims/; https://privacyinternational.org/learn/sim-card-registration,,,,,,,,,,,,,,79,,,,,,
106,Maldives,Asia,SAARC,"In force (Personal Data Protection Act, 2021)",https://unctad.org/page/data-protection-and-privacy-legislation-worldwide,"Weak (regulator within Ministry of Environment, Climate Change & Technology)",https://unctad.org/page/data-protection-and-privacy-legislation-worldwide,No,https://www.unicef.org/maldives/,No,https://www.unicef.org/maldives/,No,https://unctad.org/page/data-protection-and-privacy-legislation-worldwide,Criminalised (Sharia-based laws),https://www.humandignitytrust.org/country-profile/maldives/; https://ilga.org/ilga-world-maps/,Yes,https://ilga.org/ilga-world-maps/,Draft/Early (AI in digital transformation agenda; no standalone strategy),https://en.unesco.org/artificial-intelligence/observatory/policies?country=MV; https://www.unesco.org/ethics-ai/en/global-hub,No,https://unctad.org/page/data-protection-and-privacy-legislation-worldwide,Yes (SIMs tied to biometric ID),https://www.gsma.com/solutions-and-impact/connectivity-for-good/public-policy/mobile-policy-handbook/consumer-protection/mandatory-registration-of-prepaid-sims/; https://privacyinternational.org/learn/sim-card-registration,,,,,,,,,,,,,,106,,,,,,
122,Nepal,Asia,SAARC,Draft (Privacy and Data Protection Bill),https://unctad.org/page/data-protection-and-privacy-legislation-worldwide,None yet,https://unctad.org/page/data-protection-and-privacy-legislation-worldwide,No,https://www.unicef.org/nepal/,Partial (child safety awareness programs),https://www.unicef.org/nepal/,No,https://unctad.org/page/data-protection-and-privacy-legislation-worldwide,Legal (third gender recognised; same-sex marriage SC ruling 2023),https://www.humandignitytrust.org/country-profile/nepal/; https://ilga.org/ilga-world-maps/,No,https://ilga.org/ilga-world-maps/,Draft/Early (AI research initiatives; no formal strategy),https://en.unesco.org/artificial-intelligence/observatory/policies?country=NP; https://www.unesco.org/ethics-ai/en/global-hub,No,https://unctad.org/page/data-protection-and-privacy-legislation-worldwide,Yes (SIM tied to biometric ID),https://www.gsma.com/solutions-and-impact/connectivity-for-good/public-policy/mobile-policy-handbook/consumer-protection/mandatory-registration-of-prepaid-sims/; https://privacyinternational.org/learn/sim-card-registration,,,,,,,,,,,,,,122,,,,,,
131,Pakistan,Asia,SAARC,Draft — PDP Bill not enacted,https://unctad.org/page/data-protection-and-privacy-legislation-worldwide,None yet,https://unctad.org/page/data-protection-and-privacy-legislation-worldwide,No,https://www.unicef.org/pakistan/,No,https://www.unicef.org/pakistan/,No,https://unctad.org/page/data-protection-and-privacy-legislation-worldwide,Criminalised — Penal Code 377,https://www.humandignitytrust.org/country-profile/pakistan/; https://ilga.org/ilga-world-maps/,Yes,https://ilga.org/ilga-world-maps/,Draft/Early — AI Policy Framework 2021; National AI Policy 2023 in consultation,https://en.unesco.org/artificial-intelligence/observatory/policies?country=PK; https://www.unesco.org/ethics-ai/en/global-hub,No,https://unctad.org/page/data-protection-and-privacy-legislation-worldwide,Yes — biometric SIM compulsory,https://www.gsma.com/solutions-and-impact/connectivity-for-good/public-policy/mobile-policy-handbook/consumer-protection/mandatory-registration-of-prepaid-sims/; https://privacyinternational.org/learn/sim-card-registration,,,,,,,,,,,,,,131,,,,,,
165,Sri Lanka,Asia,SAARC,In force — Personal Data Protection Act 2022,https://unctad.org/page/data-protection-and-privacy-legislation-worldwide,Moderate — Data Protection Authority (new),https://unctad.org/page/data-protection-and-privacy-legislation-worldwide,Partial,https://unctad.org/page/data-protection-and-privacy-legislation-worldwide; https://www.unicef.org/sri-lanka/,Partial,https://www.unicef.org/sri-lanka/,No,https://unctad.org/page/data-protection-and-privacy-legislation-worldwide,Legal — sodomy law decriminalised by Supreme Court in 2023,https://www.humandignitytrust.org/country-profile/sri-lanka/; https://ilga.org/ilga-world-maps/,No,https://ilga.org/ilga-world-maps/,Draft/Early — AI in Digital Economy Strategy,https://en.unesco.org/artificial-intelligence/observatory/policies?country=LK; https://www.unesco.org/ethics-ai/en/global-hub,No,https://unctad.org/page/data-protection-and-privacy-legislation-worldwide,"Yes — SIMs linked to ID, not biometrics",https://www.gsma.com/solutions-and-impact/connectivity-for-good/public-policy/mobile-policy-handbook/consumer-protection/mandatory-registration-of-prepaid-sims/; https://privacyinternational.org/learn/sim-card-registration,,,,,,,,,,,,,,165,,,,,,
37,China,Asia,SCO,In force (Personal Information Protection Law 2021),https://unctad.org/page/data-protection-and-privacy-legislation-worldwide,Weak (Cyberspace Administration of China under State Council),https://unctad.org/page/data-protection-and-privacy-legislation-worldwide,"Partial (Minors Protection Law; online protections, but no unified COP strategy)",https://unctad.org/page/data-protection-and-privacy-legislation-worldwide; https://www.unicef.org/china/,Partial (child online protections under CAC programs),https://www.unicef.org/china/,No (not listed in law),https://unctad.org/page/data-protection-and-privacy-legislation-worldwide,Legal (homosexuality decriminalised 1997; marriage equality not recognised),https://www.humandignitytrust.org/country-profile/china/; https://ilga.org/ilga-world-maps/,Yes (censorship laws restrict LGBTQ expression online),https://ilga.org/ilga-world-maps/,Adopted (New Generation AI Development Plan 2017; sectoral AI regulations ongoing),https://en.unesco.org/artificial-intelligence/observatory/policies?country=CN; https://www.unesco.org/ethics-ai/en/global-hub,Yes (PIPL requires impact assessments for sensitive processing),https://unctad.org/page/data-protection-and-privacy-legislation-worldwide,Yes (mandatory facial biometrics for SIM registration),https://www.gsma.com/solutions-and-impact/connectivity-for-good/public-policy/mobile-policy-handbook/consumer-protection/mandatory-registration-of-prepaid-sims/; https://privacyinternational.org/learn/sim-card-registration,,,,,,,,,,,,,,37,,,,,,
47,Democratic People's Republic of Korea,Asia,SCO,None (state surveillance only),https://unctad.org/page/data-protection-and-privacy-legislation-worldwide,Weak (no independent authority),https://unctad.org/page/data-protection-and-privacy-legislation-worldwide,No,https://www.unicef.org/democratic-peoples-republic-of-korea/,No,https://www.unicef.org/democratic-peoples-republic-of-korea/,No,https://unctad.org/page/data-protection-and-privacy-legislation-worldwide,Criminalised,https://www.humandignitytrust.org/country-profile/democratic-peoples-republic-of-korea/; https://ilga.org/ilga-world-maps/,Yes (censorship laws),https://ilga.org/ilga-world-maps/,None (no AI strategy),https://en.unesco.org/artificial-intelligence/observatory/policies?country=KP; https://www.unesco.org/ethics-ai/en/global-hub,No,https://unctad.org/page/data-protection-and-privacy-legislation-worldwide,Yes (SIMs tightly controlled by state),https://www.gsma.com/solutions-and-impact/connectivity-for-good/public-policy/mobile-policy-handbook/consumer-protection/mandatory-registration-of-prepaid-sims/,,,,,,,,,,,,,,47,,,,,,
81,Iran (Islamic Republic of),Asia,SCO,Draft (privacy bills pending),https://unctad.org/page/data-protection-and-privacy-legislation-worldwide,,https://unctad.org/page/data-protection-and-privacy-legislation-worldwide,No,https://www.unicef.org/iran-islamic-republic-of/,No,https://www.unicef.org/iran-islamic-republic-of/,No,https://unctad.org/page/data-protection-and-privacy-legislation-worldwide,"Criminalised (severe penalties, including capital punishment)",https://www.humandignitytrust.org/country-profile/iran-islamic-republic-of/; https://ilga.org/ilga-world-maps/,Yes (strict censorship),https://ilga.org/ilga-world-maps/,"Draft/Early (AI initiatives, no formal national strategy)",https://www.unesco.org/ethics-ai/en/global-hub,No,https://unctad.org/page/data-protection-and-privacy-legislation-worldwide,Yes (biometric SIM registration mandatory),https://www.gsma.com/solutions-and-impact/connectivity-for-good/public-policy/mobile-policy-handbook/consumer-protection/mandatory-registration-of-prepaid-sims/; https://privacyinternational.org/learn/sim-card-registration,,,,,,,,,,,,,,81,,,,,,
89,Kazakhstan,Asia,SCO,"In force (Law on Personal Data and Protection, 2013)",https://unctad.org/page/data-protection-and-privacy-legislation-worldwide,Weak (regulator under Ministry of Digital Development),https://unctad.org/page/data-protection-and-privacy-legislation-worldwide,Partial (general laws; no COP framework),https://unctad.org/page/data-protection-and-privacy-legislation-worldwide; https://www.unicef.org/kazakhstan/,No,https://www.unicef.org/kazakhstan/,No,https://unctad.org/page/data-protection-and-privacy-legislation-worldwide,Legal (decriminalised 1998; no partnerships),https://www.humandignitytrust.org/country-profile/kazakhstan/; https://ilga.org/ilga-world-maps/,Proposed/Unclear (anti-propaganda bills tabled),https://ilga.org/ilga-world-maps/,Draft/Early (integrated into Digital Kazakhstan strategy),https://en.unesco.org/artificial-intelligence/observatory/policies?country=KZ; https://www.unesco.org/ethics-ai/en/global-hub,No,https://unctad.org/page/data-protection-and-privacy-legislation-worldwide,Yes (SIMs tied to biometric ID),https://www.gsma.com/solutions-and-impact/connectivity-for-good/public-policy/mobile-policy-handbook/consumer-protection/mandatory-registration-of-prepaid-sims/; https://privacyinternational.org/learn/sim-card-registration,,,,,,,,,,,,,,89,,,,,,
93,Kyrgyzstan,Asia,SCO,"In force (Law on Personal Data, 2017)",https://unctad.org/page/data-protection-and-privacy-legislation-worldwide,Weak (regulator under government),https://unctad.org/page/data-protection-and-privacy-legislation-worldwide,Partial (general protections),https://unctad.org/page/data-protection-and-privacy-legislation-worldwide; https://www.unicef.org/kyrgyzstan/,No,https://www.unicef.org/kyrgyzstan/,No,https://unctad.org/page/data-protection-and-privacy-legislation-worldwide,Legal (decriminalised 1998; no partnerships),https://www.humandignitytrust.org/country-profile/kyrgyzstan/; https://ilga.org/ilga-world-maps/,Proposed/Unclear (anti-propaganda bills tabled),https://ilga.org/ilga-world-maps/,Draft/Early (considered in digital agenda),https://en.unesco.org/artificial-intelligence/observatory/policies?country=KG; https://www.unesco.org/ethics-ai/en/global-hub,No,https://unctad.org/page/data-protection-and-privacy-legislation-worldwide,Yes (SIM registration linked to ID),https://www.gsma.com/solutions-and-impact/connectivity-for-good/public-policy/mobile-policy-handbook/consumer-protection/mandatory-registration-of-prepaid-sims/,,,,,,,,,,,,,,93,,,,,,
115,Mongolia,Asia,SCO,"In force (Law on Protection of Personal Data, 2021)",https://unctad.org/page/data-protection-and-privacy-legislation-worldwide,Moderate (new authority; limited independence),https://unctad.org/page/data-protection-and-privacy-legislation-worldwide,Partial,https://unctad.org/page/data-protection-and-privacy-legislation-worldwide; https://www.unicef.org/mongolia/,No,https://www.unicef.org/mongolia/,No,https://unctad.org/page/data-protection-and-privacy-legislation-worldwide,Legal (decriminalised 2002; no recognition),https://www.humandignitytrust.org/country-profile/mongolia/; https://ilga.org/ilga-world-maps/,No,https://ilga.org/ilga-world-maps/,Draft/Early (Vision 2050; ICT strategies),https://en.unesco.org/artificial-intelligence/observatory/policies?country=MN; https://www.unesco.org/ethics-ai/en/global-hub,No,https://unctad.org/page/data-protection-and-privacy-legislation-worldwide,Yes (SIM tied to ID),https://www.gsma.com/solutions-and-impact/connectivity-for-good/public-policy/mobile-policy-handbook/consumer-protection/mandatory-registration-of-prepaid-sims/,,,,,,,,,,,,,,115,,,,,,
172,Tajikistan,Asia,SCO,Draft only,https://unctad.org/page/data-protection-and-privacy-legislation-worldwide,,https://unctad.org/page/data-protection-and-privacy-legislation-worldwide,No,https://www.unicef.org/tajikistan/,No,https://www.unicef.org/tajikistan/,No,https://unctad.org/page/data-protection-and-privacy-legislation-worldwide,"Legal — decriminalised 1998, but discrimination persists",https://www.humandignitytrust.org/country-profile/tajikistan/; https://ilga.org/ilga-world-maps/,Proposed — reports of propaganda restrictions,https://ilga.org/ilga-world-maps/,,https://en.unesco.org/artificial-intelligence/observatory/policies?country=TJ; https://www.unesco.org/ethics-ai/en/global-hub,No,https://unctad.org/page/data-protection-and-privacy-legislation-worldwide,Yes — biometric SIM registration mandatory,https://www.gsma.com/solutions-and-impact/connectivity-for-good/public-policy/mobile-policy-handbook/consumer-protection/mandatory-registration-of-prepaid-sims/; https://privacyinternational.org/learn/sim-card-registration,,,,,,,,,,,,,,172,,,,,,
181,Turkmenistan,Asia,SCO,,https://unctad.org/page/data-protection-and-privacy-legislation-worldwide,,https://unctad.org/page/data-protection-and-privacy-legislation-worldwide,No,https://www.unicef.org/turkmenistan/,No,https://www.unicef.org/turkmenistan/,No,https://unctad.org/page/data-protection-and-privacy-legislation-worldwide,Criminalised,https://www.humandignitytrust.org/country-profile/turkmenistan/; https://ilga.org/ilga-world-maps/,Yes,https://ilga.org/ilga-world-maps/,,https://en.unesco.org/artificial-intelligence/observatory/policies?country=TM; https://www.unesco.org/ethics-ai/en/global-hub,No,https://unctad.org/page/data-protection-and-privacy-legislation-worldwide,Yes,https://www.gsma.com/solutions-and-impact/connectivity-for-good/public-policy/mobile-policy-handbook/consumer-protection/mandatory-registration-of-prepaid-sims/,,,,,,,,,,,,,,181,,,,,,
189,Uzbekistan,Asia,SCO,In force — Law on Personal Data 2019,https://unctad.org/page/data-protection-and-privacy-legislation-worldwide,Weak,https://unctad.org/page/data-protection-and-privacy-legislation-worldwide,No,https://www.unicef.org/uzbekistan/,No,https://www.unicef.org/uzbekistan/,No,https://unctad.org/page/data-protection-and-privacy-legislation-worldwide,Criminalised,https://www.humandignitytrust.org/country-profile/uzbekistan/; https://ilga.org/ilga-world-maps/,Yes,https://ilga.org/ilga-world-maps/,Draft/Early — Digital Uzbekistan 2030,https://en.unesco.org/artificial-intelligence/observatory/policies?country=UZ; https://www.unesco.org/ethics-ai/en/global-hub,No,https://unctad.org/page/data-protection-and-privacy-legislation-worldwide,Yes,https://www.gsma.com/solutions-and-impact/connectivity-for-good/public-policy/mobile-policy-handbook/consumer-protection/mandatory-registration-of-prepaid-sims/,,,,,,,,,,,,,,189,,,,,,
17,Belarus,Europe,CIS,In force (Law on Personal Data Protection 2021),https://unctad.org/page/data-protection-and-privacy-legislation-worldwide,Weak (supervisory authority under executive),https://unctad.org/page/data-protection-and-privacy-legislation-worldwide,Partial (Child Rights Code; no COP strategy),https://unctad.org/page/data-protection-and-privacy-legislation-worldwide; https://www.unicef.org/belarus/,No,https://www.unicef.org/belarus/,No (orientation not listed),https://unctad.org/page/data-protection-and-privacy-legislation-worldwide,"Criminalised (no recognition, state repression)",https://www.humandignitytrust.org/country-profile/belarus/; https://ilga.org/ilga-world-maps/,Yes (laws against LGBT propaganda),https://ilga.org/ilga-world-maps/,Draft/Early (AI included in Digital Economy initiatives; no dedicated strategy),https://en.unesco.org/artificial-intelligence/observatory/policies?country=BY; https://www.unesco.org/ethics-ai/en/global-hub,No,https://unctad.org/page/data-protection-and-privacy-legislation-worldwide,Yes (SIM registration tied to national ID; biometric KYC expanding),https://www.gsma.com/solutions-and-impact/connectivity-for-good/public-policy/mobile-policy-handbook/consumer-protection/mandatory-registration-of-prepaid-sims/; https://privacyinternational.org/learn/sim-card-registration,,,,,,,,,,,,,,17,,,,,,
144,Russian Federation,Europe,CIS,In force — Federal Law 152-FZ (2006),https://unctad.org/page/data-protection-and-privacy-legislation-worldwide,Weak — Roskomnadzor under executive,https://unctad.org/page/data-protection-and-privacy-legislation-worldwide,No,https://www.unicef.org/russian-federation/,No,https://www.unicef.org/russian-federation/,No,https://unctad.org/page/data-protection-and-privacy-legislation-worldwide,Criminalised — anti-'propaganda' law (2022),https://www.humandignitytrust.org/country-profile/russian-federation/; https://ilga.org/ilga-world-maps/,Yes,https://ilga.org/ilga-world-maps/,Adopted — AI National Strategy 2019,https://en.unesco.org/artificial-intelligence/observatory/policies?country=RU; https://www.unesco.org/ethics-ai/en/global-hub,No,https://unctad.org/page/data-protection-and-privacy-legislation-worldwide,Yes,https://www.gsma.com/solutions-and-impact/connectivity-for-good/public-policy/mobile-policy-handbook/consumer-protection/mandatory-registration-of-prepaid-sims/,,,,,,,,,,,,,,144,,,,,,
3,Albania,Europe,Council of Europe,"In force – Law No. 9887/2008 on Protection of Personal Data (amended 2014), GDPR-style",https://idp.al/wp-content/uploads/2018/11/Law_9887_2008_EN.pdf; https://www.dataguidance.com/notes/albania-data-protection-overview,Independent DPA – Commissioner for Right to Information & Protection of Personal Data (Law No. 9887/2008),https://idp.al/en/; https://www.dataguidance.com/notes/albania-data-protection-overview,Partial – General DP law covers children; no child online safety law,https://idp.al/wp-content/uploads/2018/11/Law_9887_2008_EN.pdf,No – No explicit child online protection law; general cybercrime & DP law apply,https://www.unicef.org/albania/media/1871/file/Child%20protection%20system%20in%20Albania.pdf,"Yes – SOGI listed as special category in Law No. 9887/2008, Art.6",https://idp.al/wp-content/uploads/2018/11/Law_9887_2008_EN.pdf (Art. 6),Legal – Same-sex relations legal since 1995; anti-discrimination law since 2010 (No. 10221/2010),https://www.humandignitytrust.org/country-profile/albania/; https://www.ilga-europe.org/resources/news/latest-news/albania-new-anti-discrimination-law,No – No law restricting LGBTQ+ expression (2024),https://www.ilga-europe.org/resources/news/latest-news/albania-new-anti-discrimination-law,"Partial – Digital Agenda 2022–2026 covers AI, no standalone AI strategy",https://www.digitalagenda.al/wp-content/uploads/2022/03/Digital-Agenda-Strategy-2022-2026-EN.pdf,No legal requirement – DPIA not specifically required for AI (2024),https://idp.al/wp-content/uploads/2018/11/Law_9887_2008_EN.pdf; https://www.dataguidance.com/notes/albania-data-protection-overview,"ID mandatory – SIM registration requires national ID, not biometric (GSMA 2023)",https://www.gsma.com/mobilefordevelopment/resources/mandatory-sim-registration-in-albania/,,,,,,,,,,,,,,3,,,,,,
5,Andorra,Europe,Council of Europe,In force – Qualified Law 29/2021 on Personal Data Protection (GDPR-aligned),https://apda.ad/wp-content/uploads/2021/12/LQPD-EN.pdf; https://www.dataguidance.com/notes/andorra-data-protection-overview,"Independent DPA – Andorran Data Protection Agency (APDA, Law 29/2021)",https://apda.ad/; https://www.dataguidance.com/notes/andorra-data-protection-overview,Partial – General DP law covers children; no dedicated child online safety law,https://apda.ad/wp-content/uploads/2021/12/LQPD-EN.pdf,No – No explicit child online protection law; general cybercrime & DP law apply,https://www.unicef.org/andorra/en/protection; https://apda.ad/wp-content/uploads/2021/12/LQPD-EN.pdf,"Yes – SOGI recognized as special category in Law 29/2021, Art.9",https://apda.ad/wp-content/uploads/2021/12/LQPD-EN.pdf (Art. 9),Legal – Same-sex marriage legal since 2023; anti-discrimination protections in force,https://www.humandignitytrust.org/country-profile/andorra/; https://www.reuters.com/world/europe/andorra-approves-same-sex-marriage-law-2022-07-22/,No – No laws restricting LGBTQ+ “promotion/propaganda” (2024),https://ilga.org/maps-sexual-orientation-laws,"Partial – Digital Transformation Strategy (2021–2023) includes AI, no standalone AI strategy",https://www.govern.ad/comunicats/item/12363-andorra-presenta-la-seva-estrategia-nacional-de-transformacio-digital,"Yes – DPIA required for high-risk processing under Law 29/2021, not AI-specific",https://apda.ad/wp-content/uploads/2021/12/LQPD-EN.pdf,"ID mandatory – SIM registration requires national ID, not biometric (GSMA 2023)",https://www.gsma.com/mobilefordevelopment/resources/mandatory-sim-registration-in-andorra/,,,,,,,,,,,,,,5,,,,,,
23,Bosnia and Herzegovina,Europe,Council of Europe,In force (Law on Protection of Personal Data 2006; EU alignment ongoing),https://unctad.org/page/data-protection-and-privacy-legislation-worldwide,Moderate (Personal Data Protection Agency of Bosnia and Herzegovina),https://unctad.org/page/data-protection-and-privacy-legislation-worldwide,Partial (child protection laws; no national COP strategy),https://unctad.org/page/data-protection-and-privacy-legislation-worldwide; https://www.unicef.org/bosnia-and-herzegovina/,Partial (regional COP cooperation with EU/UNICEF),https://www.unicef.org/bosnia-and-herzegovina/,No (orientation not explicit in sensitive categories),https://unctad.org/page/data-protection-and-privacy-legislation-worldwide,Legal (no criminalisation; no marriage equality),https://www.humandignitytrust.org/country-profile/bosnia-and-herzegovina/; https://ilga.org/ilga-world-maps/,No/Annulled,https://ilga.org/ilga-world-maps/,"Draft/Early (AI Strategy development aligned with EU AI Act, draft 2023)",https://en.unesco.org/artificial-intelligence/observatory/policies?country=BA; https://www.unesco.org/ethics-ai/en/global-hub,No (DPIA not mandated),https://unctad.org/page/data-protection-and-privacy-legislation-worldwide,"Yes (SIM card registration linked to ID, biometric expansion in progress)",https://www.gsma.com/solutions-and-impact/connectivity-for-good/public-policy/mobile-policy-handbook/consumer-protection/mandatory-registration-of-prepaid-sims/; https://privacyinternational.org/learn/sim-card-registration,,,,,,,,,,,,,,23,,,,,,
78,Iceland,Europe,Council of Europe,In force (GDPR + Act No. 90/2018),https://unctad.org/page/data-protection-and-privacy-legislation-worldwide,Strong/Independent (Persónuvernd),https://unctad.org/page/data-protection-and-privacy-legislation-worldwide,Yes (GDPR COP + national child safety initiatives),https://unctad.org/page/data-protection-and-privacy-legislation-worldwide; https://www.unicef.org/iceland/,Yes (EU Safer Internet Centre + national measures),https://www.unicef.org/iceland/,Yes (GDPR),https://unctad.org/page/data-protection-and-privacy-legislation-worldwide,Equality/Marriage (since 2010),https://www.humandignitytrust.org/country-profile/iceland/; https://ilga.org/ilga-world-maps/,No,https://ilga.org/ilga-world-maps/,Adopted (AI Strategy 2020; EU alignment),https://en.unesco.org/artificial-intelligence/observatory/policies?country=IS; https://www.unesco.org/ethics-ai/en/global-hub,Yes,https://unctad.org/page/data-protection-and-privacy-legislation-worldwide,No (ID required; no biometrics),https://www.gsma.com/solutions-and-impact/connectivity-for-good/public-policy/mobile-policy-handbook/consumer-protection/mandatory-registration-of-prepaid-sims/; https://privacyinternational.org/learn/sim-card-registration,,,,,,,,,,,,,,78,,,,,,
100,Liechtenstein,Europe,Council of Europe,In force (GDPR implemented),https://unctad.org/page/data-protection-and-privacy-legislation-worldwide,Strong/Independent (Data Protection Office),https://unctad.org/page/data-protection-and-privacy-legislation-worldwide,Yes (GDPR COP provisions),https://unctad.org/page/data-protection-and-privacy-legislation-worldwide; https://www.unicef.org/liechtenstein/,Yes (EU Safer Internet participation),https://www.unicef.org/liechtenstein/,Yes,https://unctad.org/page/data-protection-and-privacy-legislation-worldwide,Equality/Marriage (since 2011),https://www.humandignitytrust.org/country-profile/liechtenstein/; https://ilga.org/ilga-world-maps/,No,https://ilga.org/ilga-world-maps/,Adopted (cooperation with Switzerland; EU/EFTA alignment),https://en.unesco.org/artificial-intelligence/observatory/policies?country=LI; https://www.unesco.org/ethics-ai/en/global-hub,Yes,https://unctad.org/page/data-protection-and-privacy-legislation-worldwide,No (SIM requires ID; no biometrics),https://www.gsma.com/solutions-and-impact/connectivity-for-good/public-policy/mobile-policy-handbook/consumer-protection/mandatory-registration-of-prepaid-sims/; https://privacyinternational.org/learn/sim-card-registration,,,,,,,,,,,,,,100,,,,,,
114,Monaco,Europe,Council of Europe,In force (GDPR-aligned),https://unctad.org/page/data-protection-and-privacy-legislation-worldwide,Strong/Independent (CCIN),https://unctad.org/page/data-protection-and-privacy-legislation-worldwide,Yes,https://unctad.org/page/data-protection-and-privacy-legislation-worldwide; https://www.unicef.org/monaco/,Yes,https://www.unicef.org/monaco/,Yes,https://unctad.org/page/data-protection-and-privacy-legislation-worldwide,Equality/Marriage (since 2019),https://www.humandignitytrust.org/country-profile/monaco/; https://ilga.org/ilga-world-maps/,No,https://ilga.org/ilga-world-maps/,Adopted (Digital Strategy 2019),https://en.unesco.org/artificial-intelligence/observatory/policies?country=MC; https://www.unesco.org/ethics-ai/en/global-hub,Yes,https://unctad.org/page/data-protection-and-privacy-legislation-worldwide,No,https://www.gsma.com/solutions-and-impact/connectivity-for-good/public-policy/mobile-policy-handbook/consumer-protection/mandatory-registration-of-prepaid-sims/,,,,,,,,,,,,,,114,,,,,,
116,Montenegro,Europe,Council of Europe,"In force (GDPR-aligned Law on Personal Data Protection, 2018)",https://unctad.org/page/data-protection-and-privacy-legislation-worldwide,Strong (Agency for PDP and Free Access to Information),https://unctad.org/page/data-protection-and-privacy-legislation-worldwide,Yes,https://unctad.org/page/data-protection-and-privacy-legislation-worldwide; https://www.unicef.org/montenegro/,Yes (Safer Internet initiatives),https://www.unicef.org/montenegro/,Yes,https://unctad.org/page/data-protection-and-privacy-legislation-worldwide,Legal (partnerships recognised 2020; no marriage),https://www.humandignitytrust.org/country-profile/montenegro/; https://ilga.org/ilga-world-maps/,No,https://ilga.org/ilga-world-maps/,Draft/Early (aligned with EU AI Act; candidate reforms),https://en.unesco.org/artificial-intelligence/observatory/policies?country=ME; https://www.unesco.org/ethics-ai/en/global-hub,Yes,https://unctad.org/page/data-protection-and-privacy-legislation-worldwide,No,https://www.gsma.com/solutions-and-impact/connectivity-for-good/public-policy/mobile-policy-handbook/consumer-protection/mandatory-registration-of-prepaid-sims/,,,,,,,,,,,,,,116,,,,,,
128,North Macedonia,Europe,Council of Europe,In force — GDPR-aligned (2020),https://unctad.org/page/data-protection-and-privacy-legislation-worldwide,Strong — Agency for PDP,https://unctad.org/page/data-protection-and-privacy-legislation-worldwide,Yes,https://unctad.org/page/data-protection-and-privacy-legislation-worldwide; https://www.unicef.org/north-macedonia/,Yes — Safer Internet Centre,https://www.unicef.org/north-macedonia/,Yes,https://unctad.org/page/data-protection-and-privacy-legislation-worldwide,"Legal — partnerships pending, no marriage",https://www.humandignitytrust.org/country-profile/north-macedonia/; https://ilga.org/ilga-world-maps/,No,https://ilga.org/ilga-world-maps/,Draft/Early — National AI Strategy 2021,https://en.unesco.org/artificial-intelligence/observatory/policies?country=MK; https://www.unesco.org/ethics-ai/en/global-hub,Yes,https://unctad.org/page/data-protection-and-privacy-legislation-worldwide,No,https://www.gsma.com/solutions-and-impact/connectivity-for-good/public-policy/mobile-policy-handbook/consumer-protection/mandatory-registration-of-prepaid-sims/,,,,,,,,,,,,,,128,,,,,,
129,Norway,Europe,Council of Europe,In force — GDPR + national law,https://unctad.org/page/data-protection-and-privacy-legislation-worldwide,Strong — Datatilsynet,https://unctad.org/page/data-protection-and-privacy-legislation-worldwide,Yes,https://unctad.org/page/data-protection-and-privacy-legislation-worldwide; https://www.unicef.org/norway/,Yes,https://www.unicef.org/norway/,Yes,https://unctad.org/page/data-protection-and-privacy-legislation-worldwide,Equality/Marriage — full equality,https://www.humandignitytrust.org/country-profile/norway/; https://ilga.org/ilga-world-maps/,No,https://ilga.org/ilga-world-maps/,Adopted — National AI Strategy (2020),https://en.unesco.org/artificial-intelligence/observatory/policies?country=NO; https://www.unesco.org/ethics-ai/en/global-hub,Yes,https://unctad.org/page/data-protection-and-privacy-legislation-worldwide,No,https://www.gsma.com/solutions-and-impact/connectivity-for-good/public-policy/mobile-policy-handbook/consumer-protection/mandatory-registration-of-prepaid-sims/,,,,,,,,,,,,,,129,,,,,,
142,Republic of Moldova,Europe,Council of Europe,In force — Law 133/2011,https://unctad.org/page/data-protection-and-privacy-legislation-worldwide,Moderate — NCPDP under Parliament,https://unctad.org/page/data-protection-and-privacy-legislation-worldwide,Partial,https://unctad.org/page/data-protection-and-privacy-legislation-worldwide; https://www.unicef.org/republic-of-moldova/,Partial,https://www.unicef.org/republic-of-moldova/,Yes,https://unctad.org/page/data-protection-and-privacy-legislation-worldwide,Legal — no recognition,https://www.humandignitytrust.org/country-profile/republic-of-moldova/; https://ilga.org/ilga-world-maps/,Yes — propaganda bans,https://ilga.org/ilga-world-maps/,Draft/Early — Digital Moldova 2020,https://en.unesco.org/artificial-intelligence/observatory/policies?country=MD; https://www.unesco.org/ethics-ai/en/global-hub,No,https://unctad.org/page/data-protection-and-privacy-legislation-worldwide,Yes,https://www.gsma.com/solutions-and-impact/connectivity-for-good/public-policy/mobile-policy-handbook/consumer-protection/mandatory-registration-of-prepaid-sims/,,,,,,,,,,,,,,142,,,,,,
150,San Marino,Europe,Council of Europe,In force — GDPR-aligned law,https://unctad.org/page/data-protection-and-privacy-legislation-worldwide,Strong,https://unctad.org/page/data-protection-and-privacy-legislation-worldwide,Yes,https://unctad.org/page/data-protection-and-privacy-legislation-worldwide; https://www.unicef.org/san-marino/,Yes — EU Safer Internet,https://www.unicef.org/san-marino/,Yes,https://unctad.org/page/data-protection-and-privacy-legislation-worldwide,"Equality — civil unions (2016), marriage recognition (2019)",https://www.humandignitytrust.org/country-profile/san-marino/; https://ilga.org/ilga-world-maps/,No,https://ilga.org/ilga-world-maps/,Draft/Early — aligned with EU strategies,https://en.unesco.org/artificial-intelligence/observatory/policies?country=SM; https://www.unesco.org/ethics-ai/en/global-hub,Yes,https://unctad.org/page/data-protection-and-privacy-legislation-worldwide,No,https://www.gsma.com/solutions-and-impact/connectivity-for-good/public-policy/mobile-policy-handbook/consumer-protection/mandatory-registration-of-prepaid-sims/,,,,,,,,,,,,,,150,,,,,,
154,Serbia,Europe,Council of Europe,"In force — Law on Personal Data Protection (2018, GDPR-aligned)",https://unctad.org/page/data-protection-and-privacy-legislation-worldwide,Strong — Commissioner for Information of Public Importance and PDP,https://unctad.org/page/data-protection-and-privacy-legislation-worldwide,Yes,https://unctad.org/page/data-protection-and-privacy-legislation-worldwide; https://www.unicef.org/serbia/,Yes — EU Safer Internet program,https://www.unicef.org/serbia/,Yes,https://unctad.org/page/data-protection-and-privacy-legislation-worldwide,"Legal — partnerships pending, no marriage",https://www.humandignitytrust.org/country-profile/serbia/; https://ilga.org/ilga-world-maps/,No,https://ilga.org/ilga-world-maps/,Adopted — AI Development Strategy 2020–2025,https://en.unesco.org/artificial-intelligence/observatory/policies?country=RS; https://www.unesco.org/ethics-ai/en/global-hub,Yes,https://unctad.org/page/data-protection-and-privacy-legislation-worldwide,No,https://www.gsma.com/solutions-and-impact/connectivity-for-good/public-policy/mobile-policy-handbook/consumer-protection/mandatory-registration-of-prepaid-sims/,,,,,,,,,,,,,,154,,,,,,
170,Switzerland,Europe,Council of Europe,In force — Federal Data Protection Act (rev. 2023),https://unctad.org/page/data-protection-and-privacy-legislation-worldwide,Strong — FDPIC,https://unctad.org/page/data-protection-and-privacy-legislation-worldwide,Yes,https://unctad.org/page/data-protection-and-privacy-legislation-worldwide; https://www.unicef.org/switzerland/,Yes,https://www.unicef.org/switzerland/,Yes,https://unctad.org/page/data-protection-and-privacy-legislation-worldwide,Equality/Marriage — marriage equality since 2022,https://www.humandignitytrust.org/country-profile/switzerland/; https://ilga.org/ilga-world-maps/,No,https://ilga.org/ilga-world-maps/,Adopted — Swiss Digital Strategy with AI focus (2020),https://en.unesco.org/artificial-intelligence/observatory/policies?country=CH; https://www.unesco.org/ethics-ai/en/global-hub,Yes,https://unctad.org/page/data-protection-and-privacy-legislation-worldwide,No,https://www.gsma.com/solutions-and-impact/connectivity-for-good/public-policy/mobile-policy-handbook/consumer-protection/mandatory-registration-of-prepaid-sims/,,,,,,,,,,,,,,170,,,,,,
180,Türkiye,Europe,Council of Europe,In force — Law No. 6698 on the Protection of Personal Data (2016),https://unctad.org/page/data-protection-and-privacy-legislation-worldwide,Moderate — KVKK under Parliament,https://unctad.org/page/data-protection-and-privacy-legislation-worldwide,Partial,https://unctad.org/page/data-protection-and-privacy-legislation-worldwide; https://www.unicef.org/turkiye/,Partial,https://www.unicef.org/turkiye/,No,https://unctad.org/page/data-protection-and-privacy-legislation-worldwide,"Legal — no criminalisation, but no recognition",https://www.humandignitytrust.org/country-profile/turkiye/; https://ilga.org/ilga-world-maps/,Yes — bans on LGBTQ “propaganda” events,https://ilga.org/ilga-world-maps/,Adopted — National AI Strategy 2021–2025,https://www.unesco.org/ethics-ai/en/global-hub,No,https://unctad.org/page/data-protection-and-privacy-legislation-worldwide,Yes — SIMs linked to ID,https://www.gsma.com/solutions-and-impact/connectivity-for-good/public-policy/mobile-policy-handbook/consumer-protection/mandatory-registration-of-prepaid-sims/,,,,,,,,,,,,,,180,,,,,,
184,Ukraine,Europe,Council of Europe,In force — Law on Personal Data Protection 2010 (GDPR harmonisation ongoing),https://unctad.org/page/data-protection-and-privacy-legislation-worldwide,Moderate — Ombudsman’s Office,https://unctad.org/page/data-protection-and-privacy-legislation-worldwide,Partial,https://unctad.org/page/data-protection-and-privacy-legislation-worldwide; https://www.unicef.org/ukraine/,Partial — Safer Internet programs,https://www.unicef.org/ukraine/,No explicit recognition,https://unctad.org/page/data-protection-and-privacy-legislation-worldwide,"Legal — no criminalisation, civil union bill pending",https://www.humandignitytrust.org/country-profile/ukraine/; https://ilga.org/ilga-world-maps/,No,https://ilga.org/ilga-world-maps/,Adopted — AI Development Concept 2020–2030,https://en.unesco.org/artificial-intelligence/observatory/policies?country=UA; https://www.unesco.org/ethics-ai/en/global-hub,No,https://unctad.org/page/data-protection-and-privacy-legislation-worldwide,No,https://www.gsma.com/solutions-and-impact/connectivity-for-good/public-policy/mobile-policy-handbook/consumer-protection/mandatory-registration-of-prepaid-sims/,,,,,,,,,,,,,,184,,,,,,
11,Austria,Europe,EU,In force (DSG 2000; GDPR-based),https://unctad.org/page/data-protection-and-privacy-legislation-worldwide,Strong/Independent (DSB),https://unctad.org/page/data-protection-and-privacy-legislation-worldwide,Yes (child consent + EU COP initiatives),https://unctad.org/page/data-protection-and-privacy-legislation-worldwide; https://www.unicef.org/austria/,Partial (child protection integrated in digital strategy),https://www.unicef.org/austria/,Yes (GDPR scope),https://unctad.org/page/data-protection-and-privacy-legislation-worldwide,Equality/Marriage (2019 Constitutional Court ruling),https://www.humandignitytrust.org/country-profile/austria/; https://ilga.org/ilga-world-maps/,No/Annulled,https://ilga.org/ilga-world-maps/,Adopted (Austrian AI Strategy 2021; aligned with EU AI Act developments),https://en.unesco.org/artificial-intelligence/observatory/policies?country=AT; https://www.unesco.org/ethics-ai/en/global-hub,Yes (GDPR Art. 35 DPIA),https://gdpr-info.eu/art-35-gdpr/,"No (ID required, no biometrics)",https://www.gsma.com/solutions-and-impact/connectivity-for-good/public-policy/mobile-policy-handbook/consumer-protection/mandatory-registration-of-prepaid-sims/; https://privacyinternational.org/learn/sim-card-registration,,,,,,,,,,,,,,11,,,,,,
18,Belgium,Europe,EU,In force (GDPR; Belgian Data Protection Act 2018),https://unctad.org/page/data-protection-and-privacy-legislation-worldwide,Strong/Independent (APD/GBA),https://unctad.org/page/data-protection-and-privacy-legislation-worldwide,Yes (GDPR + COP initiatives with EU/UNICEF),https://unctad.org/page/data-protection-and-privacy-legislation-worldwide; https://www.unicef.org/belgium/,Partial (national COP actions under EU programs),https://www.unicef.org/belgium/,Yes (GDPR scope),https://unctad.org/page/data-protection-and-privacy-legislation-worldwide,Equality/Marriage (legal since 2003),https://www.humandignitytrust.org/country-profile/belgium/; https://ilga.org/ilga-world-maps/,No/Annulled,https://ilga.org/ilga-world-maps/,Adopted (AI4Belgium Strategy 2019; EU AI Act alignment),https://en.unesco.org/artificial-intelligence/observatory/policies?country=BE; https://www.unesco.org/ethics-ai/en/global-hub,Yes (GDPR Art. 35 DPIA),https://gdpr-info.eu/art-35-gdpr/,No (ID required; no biometrics),https://www.gsma.com/solutions-and-impact/connectivity-for-good/public-policy/mobile-policy-handbook/consumer-protection/mandatory-registration-of-prepaid-sims/; https://privacyinternational.org/learn/sim-card-registration,,,,,,,,,,,,,,18,,,,,,
27,Bulgaria,Europe,EU,"In force (GDPR + Bulgarian PDPA 2002, amended 2018)",https://unctad.org/page/data-protection-and-privacy-legislation-worldwide,Strong/Independent (CPDP),https://unctad.org/page/data-protection-and-privacy-legislation-worldwide,Yes (GDPR Art. 8 consent age 14; EU COP initiatives),https://unctad.org/page/data-protection-and-privacy-legislation-worldwide; https://www.unicef.org/bulgaria/,Partial (EU/UNICEF COP projects; no national strategy),https://www.unicef.org/bulgaria/,Yes (GDPR scope),https://unctad.org/page/data-protection-and-privacy-legislation-worldwide,"Legal (no criminalisation; no marriage equality, civil unions not recognised)",https://www.humandignitytrust.org/country-profile/bulgaria/; https://ilga.org/ilga-world-maps/,No/Annulled,https://ilga.org/ilga-world-maps/,Adopted (National AI Development Concept 2020; EU AI Act alignment),https://en.unesco.org/artificial-intelligence/observatory/policies?country=BG; https://www.unesco.org/ethics-ai/en/global-hub,Yes (GDPR Art. 35 DPIA),https://gdpr-info.eu/art-35-gdpr/,No (ID required; no biometrics),https://www.gsma.com/solutions-and-impact/connectivity-for-good/public-policy/mobile-policy-handbook/consumer-protection/mandatory-registration-of-prepaid-sims/; https://privacyinternational.org/learn/sim-card-registration,,,,,,,,,,,,,,27,,,,,,
42,Croatia,Europe,EU,In force (GDPR; Croatian Act on Implementation of GDPR 2018),https://unctad.org/page/data-protection-and-privacy-legislation-worldwide,Strong/Independent (Croatian Personal Data Protection Agency - AZOP),https://unctad.org/page/data-protection-and-privacy-legislation-worldwide,Yes (EU COP frameworks; national Safer Internet Centre),https://unctad.org/page/data-protection-and-privacy-legislation-worldwide; https://www.unicef.org/croatia/,"Yes (Safer Internet Centre, EU/UNICEF COP initiatives)",https://www.unicef.org/croatia/,Yes (GDPR scope),https://unctad.org/page/data-protection-and-privacy-legislation-worldwide,Legal (registered partnerships since 2014; marriage not open),https://www.humandignitytrust.org/country-profile/croatia/; https://ilga.org/ilga-world-maps/,No/Annulled,https://ilga.org/ilga-world-maps/,Adopted (National AI Strategy 2021–2025; aligned with EU AI Act),https://en.unesco.org/artificial-intelligence/observatory/policies?country=HR; https://www.unesco.org/ethics-ai/en/global-hub,Yes (GDPR Art. 35 DPIA requirement),https://gdpr-info.eu/art-35-gdpr/,"No (ID required, no biometrics)",https://www.gsma.com/solutions-and-impact/connectivity-for-good/public-policy/mobile-policy-handbook/consumer-protection/mandatory-registration-of-prepaid-sims/; https://privacyinternational.org/learn/sim-card-registration,,,,,,,,,,,,,,42,,,,,,
44,Cyprus,Europe,EU,In force (GDPR; Cyprus Law 125(I)/2018 on Implementation),https://unctad.org/page/data-protection-and-privacy-legislation-worldwide,Strong/Independent (Office of the Commissioner for Personal Data Protection),https://unctad.org/page/data-protection-and-privacy-legislation-worldwide,Yes (COP initiatives via national Safer Internet Centre),https://unctad.org/page/data-protection-and-privacy-legislation-worldwide; https://www.unicef.org/cyprus/,Yes (EU/UNICEF COP programs),https://www.unicef.org/cyprus/,Yes (GDPR scope),https://unctad.org/page/data-protection-and-privacy-legislation-worldwide,Legal (same-sex civil unions since 2015; marriage not open),https://www.humandignitytrust.org/country-profile/cyprus/; https://ilga.org/ilga-world-maps/,No/Annulled,https://ilga.org/ilga-world-maps/,Adopted (National AI Strategy 2020; aligned with EU AI Act),https://en.unesco.org/artificial-intelligence/observatory/policies?country=CY; https://www.unesco.org/ethics-ai/en/global-hub,Yes (GDPR Art. 35 DPIA requirement),https://gdpr-info.eu/art-35-gdpr/,"No (ID required, no biometrics)",https://www.gsma.com/solutions-and-impact/connectivity-for-good/public-policy/mobile-policy-handbook/consumer-protection/mandatory-registration-of-prepaid-sims/; https://privacyinternational.org/learn/sim-card-registration,,,,,,,,,,,,,,44,,,,,,
45,Czechia,Europe,EU,In force (GDPR; Act No. 110/2019 on Personal Data Processing),https://unctad.org/page/data-protection-and-privacy-legislation-worldwide,Strong/Independent (Office for Personal Data Protection - UOOU),https://unctad.org/page/data-protection-and-privacy-legislation-worldwide,"Yes (COP protections, Safer Internet Centre, GDPR-based)",https://unctad.org/page/data-protection-and-privacy-legislation-worldwide; https://www.unicef.org/czechia/,Yes (EU Safer Internet Centre + UNICEF),https://www.unicef.org/czechia/,Yes (GDPR scope),https://unctad.org/page/data-protection-and-privacy-legislation-worldwide,Legal (registered partnerships; marriage not open),https://www.humandignitytrust.org/country-profile/czechia/; https://ilga.org/ilga-world-maps/,No/Annulled,https://ilga.org/ilga-world-maps/,Adopted (National AI Strategy 2019; aligned with EU AI Act),https://en.unesco.org/artificial-intelligence/observatory/policies?country=CZ; https://www.unesco.org/ethics-ai/en/global-hub,Yes (GDPR Art. 35 DPIA requirement),https://gdpr-info.eu/art-35-gdpr/,"No (ID required, no biometrics)",https://www.gsma.com/solutions-and-impact/connectivity-for-good/public-policy/mobile-policy-handbook/consumer-protection/mandatory-registration-of-prepaid-sims/; https://privacyinternational.org/learn/sim-card-registration,,,,,,,,,,,,,,45,,,,,,
49,Denmark,Europe,EU,In force (GDPR; Data Protection Act 2018),https://unctad.org/page/data-protection-and-privacy-legislation-worldwide,Strong/Independent,https://unctad.org/page/data-protection-and-privacy-legislation-worldwide,Yes (GDPR COP + national programmes),https://unctad.org/page/data-protection-and-privacy-legislation-worldwide; https://www.unicef.org/denmark/,Yes (EU Safer Internet + national initiatives),https://www.unicef.org/denmark/,Yes (GDPR),https://unctad.org/page/data-protection-and-privacy-legislation-worldwide,Equality/Marriage,https://www.humandignitytrust.org/country-profile/denmark/; https://ilga.org/ilga-world-maps/,No/Annulled,https://ilga.org/ilga-world-maps/,Adopted (National AI Strategy 2019; EU AI Act alignment),https://en.unesco.org/artificial-intelligence/observatory/policies?country=DK; https://www.unesco.org/ethics-ai/en/global-hub,Yes (GDPR Art. 35),https://gdpr-info.eu/art-35-gdpr/,"No (ID required, no biometrics)",https://www.gsma.com/solutions-and-impact/connectivity-for-good/public-policy/mobile-policy-handbook/consumer-protection/mandatory-registration-of-prepaid-sims/; https://privacyinternational.org/learn/sim-card-registration,,,,,,,,,,,,,,49,,,,,,
58,Estonia,Europe,EU,In force (GDPR + Estonia Data Protection Act),https://unctad.org/page/data-protection-and-privacy-legislation-worldwide,Strong/Independent (Data Protection Inspectorate),https://unctad.org/page/data-protection-and-privacy-legislation-worldwide,Yes (GDPR COP rules + national programmes),https://unctad.org/page/data-protection-and-privacy-legislation-worldwide; https://www.unicef.org/estonia/,Yes (EU Safer Internet + national initiatives),https://www.unicef.org/estonia/,Yes (covered under GDPR),https://unctad.org/page/data-protection-and-privacy-legislation-worldwide,Equality/Marriage (effective 2024),https://www.humandignitytrust.org/country-profile/estonia/; https://ilga.org/ilga-world-maps/,No,https://ilga.org/ilga-world-maps/,"Adopted (AI Strategy 'Kratts', aligned with EU AI Act)",https://en.unesco.org/artificial-intelligence/observatory/policies?country=EE; https://www.unesco.org/ethics-ai/en/global-hub,Yes (GDPR Art. 35),https://gdpr-info.eu/art-35-gdpr/,No (SIM registration required; no biometrics),https://www.gsma.com/solutions-and-impact/connectivity-for-good/public-policy/mobile-policy-handbook/consumer-protection/mandatory-registration-of-prepaid-sims/; https://privacyinternational.org/learn/sim-card-registration,,,,,,,,,,,,,,58,,,,,,
62,Finland,Europe,EU,In force (GDPR + Finnish Data Protection Act),https://unctad.org/page/data-protection-and-privacy-legislation-worldwide,Strong/Independent (Office of Data Protection Ombudsman),https://unctad.org/page/data-protection-and-privacy-legislation-worldwide,Yes (GDPR + Safer Internet Centre),https://unctad.org/page/data-protection-and-privacy-legislation-worldwide; https://www.unicef.org/finland/,Yes (national COP programmes + EU initiatives),https://www.unicef.org/finland/,Yes,https://unctad.org/page/data-protection-and-privacy-legislation-worldwide,Equality/Marriage,https://www.humandignitytrust.org/country-profile/finland/; https://ilga.org/ilga-world-maps/,No,https://ilga.org/ilga-world-maps/,"Adopted (AuroraAI Strategy, 2017+)",https://en.unesco.org/artificial-intelligence/observatory/policies?country=FI; https://www.unesco.org/ethics-ai/en/global-hub,Yes (GDPR Art. 35),https://gdpr-info.eu/art-35-gdpr/,No (ID required; no biometrics),https://www.gsma.com/solutions-and-impact/connectivity-for-good/public-policy/mobile-policy-handbook/consumer-protection/mandatory-registration-of-prepaid-sims/; https://privacyinternational.org/learn/sim-card-registration,,,,,,,,,,,,,,62,,,,,,
63,France,Europe,EU,"In force (GDPR + Loi Informatique et Libertés, amended 2018)",https://unctad.org/page/data-protection-and-privacy-legislation-worldwide,Strong/Independent (CNIL),https://unctad.org/page/data-protection-and-privacy-legislation-worldwide,Yes (GDPR + national COP protections),https://unctad.org/page/data-protection-and-privacy-legislation-worldwide; https://www.unicef.org/france/,Yes (national COP strategy + EU Safer Internet Centre),https://www.unicef.org/france/,Yes (GDPR),https://unctad.org/page/data-protection-and-privacy-legislation-worldwide,Equality/Marriage (since 2013),https://www.humandignitytrust.org/country-profile/france/; https://ilga.org/ilga-world-maps/,No,https://ilga.org/ilga-world-maps/,"Adopted (France IA 2018, updated 2021; EU AI Act alignment)",https://en.unesco.org/artificial-intelligence/observatory/policies?country=FR; https://www.unesco.org/ethics-ai/en/global-hub,Yes (GDPR Art. 35),https://gdpr-info.eu/art-35-gdpr/,"No (ID required, no biometrics)",https://www.gsma.com/solutions-and-impact/connectivity-for-good/public-policy/mobile-policy-handbook/consumer-protection/mandatory-registration-of-prepaid-sims/; https://privacyinternational.org/learn/sim-card-registration,,,,,,,,,,,,,,63,,,,,,
67,Germany,Europe,EU,"In force (GDPR + Bundesdatenschutzgesetz, BDSG)",https://unctad.org/page/data-protection-and-privacy-legislation-worldwide,Strong/Independent (Federal Commissioner BfDI + state DPAs),https://unctad.org/page/data-protection-and-privacy-legislation-worldwide,Yes (GDPR + national child digital rights frameworks),https://unctad.org/page/data-protection-and-privacy-legislation-worldwide; https://www.unicef.org/germany/,Yes (national COP initiatives + EU Safer Internet Centre),https://www.unicef.org/germany/,Yes,https://unctad.org/page/data-protection-and-privacy-legislation-worldwide,Equality/Marriage (since 2017),https://www.humandignitytrust.org/country-profile/germany/; https://ilga.org/ilga-world-maps/,No,https://ilga.org/ilga-world-maps/,"Adopted (National AI Strategy 2018, updated 2020; EU AI Act alignment)",https://en.unesco.org/artificial-intelligence/observatory/policies?country=DE; https://www.unesco.org/ethics-ai/en/global-hub,Yes (GDPR Art. 35),https://gdpr-info.eu/art-35-gdpr/,"No (ID required, no biometrics)",https://www.gsma.com/solutions-and-impact/connectivity-for-good/public-policy/mobile-policy-handbook/consumer-protection/mandatory-registration-of-prepaid-sims/; https://privacyinternational.org/learn/sim-card-registration,,,,,,,,,,,,,,67,,,,,,
69,Greece,Europe,EU,In force (GDPR + Law 4624/2019),https://unctad.org/page/data-protection-and-privacy-legislation-worldwide,Strong/Independent (Hellenic Data Protection Authority),https://unctad.org/page/data-protection-and-privacy-legislation-worldwide,Yes (GDPR COP + national protections),https://unctad.org/page/data-protection-and-privacy-legislation-worldwide; https://www.unicef.org/greece/,Yes (EU Safer Internet Centre + national COP initiatives),https://www.unicef.org/greece/,Yes (GDPR),https://unctad.org/page/data-protection-and-privacy-legislation-worldwide,Equality/Marriage (civil unions 2015; marriage equality 2024),https://www.humandignitytrust.org/country-profile/greece/; https://ilga.org/ilga-world-maps/,No,https://ilga.org/ilga-world-maps/,"Adopted (National AI Strategy, 2021; EU AI Act alignment)",https://en.unesco.org/artificial-intelligence/observatory/policies?country=GR; https://www.unesco.org/ethics-ai/en/global-hub,Yes,https://gdpr-info.eu/art-35-gdpr/,"No (SIM requires ID, no biometrics)",https://www.gsma.com/solutions-and-impact/connectivity-for-good/public-policy/mobile-policy-handbook/consumer-protection/mandatory-registration-of-prepaid-sims/; https://privacyinternational.org/learn/sim-card-registration,,,,,,,,,,,,,,69,,,,,,
77,Hungary,Europe,EU,"In force (GDPR + Privacy Act 2011, amended)",https://unctad.org/page/data-protection-and-privacy-legislation-worldwide,Strong/Independent (NAIH),https://unctad.org/page/data-protection-and-privacy-legislation-worldwide,Yes (GDPR COP + national child policies),https://unctad.org/page/data-protection-and-privacy-legislation-worldwide; https://www.unicef.org/hungary/,Yes (EU Safer Internet Centre + national initiatives),https://www.unicef.org/hungary/,Yes (GDPR),https://unctad.org/page/data-protection-and-privacy-legislation-worldwide,Legal (registered partnerships only; no marriage equality),https://www.humandignitytrust.org/country-profile/hungary/; https://ilga.org/ilga-world-maps/,Yes (2021 anti-LGBTQ propaganda law),https://ilga.org/ilga-world-maps/,Adopted (National AI Strategy 2020; EU AI Act alignment),https://en.unesco.org/artificial-intelligence/observatory/policies?country=HU; https://www.unesco.org/ethics-ai/en/global-hub,Yes (GDPR Art. 35),https://gdpr-info.eu/art-35-gdpr/,No (ID required; no biometrics),https://www.gsma.com/solutions-and-impact/connectivity-for-good/public-policy/mobile-policy-handbook/consumer-protection/mandatory-registration-of-prepaid-sims/; https://privacyinternational.org/learn/sim-card-registration,,,,,,,,,,,,,,77,,,,,,
83,Ireland,Europe,EU,"In force (GDPR + Data Protection Act, 2018)",https://unctad.org/page/data-protection-and-privacy-legislation-worldwide,Strong/Independent (Data Protection Commission),https://unctad.org/page/data-protection-and-privacy-legislation-worldwide,Yes (GDPR COP + Digital Safety Commissioner),https://unctad.org/page/data-protection-and-privacy-legislation-worldwide; https://www.unicef.org/ireland/,Yes (EU Safer Internet Centre + national initiatives),https://www.unicef.org/ireland/,Yes,https://unctad.org/page/data-protection-and-privacy-legislation-worldwide,Equality/Marriage (since 2015),https://www.humandignitytrust.org/country-profile/ireland/; https://ilga.org/ilga-world-maps/,No,https://ilga.org/ilga-world-maps/,"Adopted (AI – Here for Good, 2021)",https://en.unesco.org/artificial-intelligence/observatory/policies?country=IE; https://www.unesco.org/ethics-ai/en/global-hub,Yes,https://gdpr-info.eu/art-35-gdpr/,No (ID required; no biometrics),https://www.gsma.com/solutions-and-impact/connectivity-for-good/public-policy/mobile-policy-handbook/consumer-protection/mandatory-registration-of-prepaid-sims/; https://privacyinternational.org/learn/sim-card-registration,,,,,,,,,,,,,,83,,,,,,
85,Italy,Europe,EU,"In force (GDPR + Data Protection Code, amended)",https://unctad.org/page/data-protection-and-privacy-legislation-worldwide,Strong/Independent (Garante),https://unctad.org/page/data-protection-and-privacy-legislation-worldwide,Yes (GDPR + national COP frameworks),https://unctad.org/page/data-protection-and-privacy-legislation-worldwide; https://www.unicef.org/italy/,Yes (EU Safer Internet Centre + national initiatives),https://www.unicef.org/italy/,Yes,https://unctad.org/page/data-protection-and-privacy-legislation-worldwide,Legal (civil unions recognised since 2016; no marriage equality),https://www.humandignitytrust.org/country-profile/italy/; https://ilga.org/ilga-world-maps/,No,https://ilga.org/ilga-world-maps/,Adopted (National AI Strategy 2021; EU AI Act alignment),https://en.unesco.org/artificial-intelligence/observatory/policies?country=IT; https://www.unesco.org/ethics-ai/en/global-hub,Yes,https://gdpr-info.eu/art-35-gdpr/,No (SIM requires ID; no biometrics),https://www.gsma.com/solutions-and-impact/connectivity-for-good/public-policy/mobile-policy-handbook/consumer-protection/mandatory-registration-of-prepaid-sims/; https://privacyinternational.org/learn/sim-card-registration,,,,,,,,,,,,,,85,,,,,,
95,Latvia,Europe,EU,In force (GDPR + national law),https://unctad.org/page/data-protection-and-privacy-legislation-worldwide,Strong/Independent (Data State Inspectorate),https://unctad.org/page/data-protection-and-privacy-legislation-worldwide,Yes (GDPR COP + national frameworks),https://unctad.org/page/data-protection-and-privacy-legislation-worldwide; https://www.unicef.org/latvia/,Yes (EU Safer Internet Centre),https://www.unicef.org/latvia/,Yes,https://unctad.org/page/data-protection-and-privacy-legislation-worldwide,Legal (no criminalisation; constitutional ban on marriage equality),https://www.humandignitytrust.org/country-profile/latvia/; https://ilga.org/ilga-world-maps/,No,https://ilga.org/ilga-world-maps/,Adopted (AI Strategy 2020; EU AI Act alignment),https://en.unesco.org/artificial-intelligence/observatory/policies?country=LV; https://www.unesco.org/ethics-ai/en/global-hub,Yes,https://gdpr-info.eu/art-35-gdpr/,No (SIM requires ID; no biometrics),https://www.gsma.com/solutions-and-impact/connectivity-for-good/public-policy/mobile-policy-handbook/consumer-protection/mandatory-registration-of-prepaid-sims/; https://privacyinternational.org/learn/sim-card-registration,,,,,,,,,,,,,,95,,,,,,
101,Lithuania,Europe,EU,In force (GDPR + national law),https://unctad.org/page/data-protection-and-privacy-legislation-worldwide,Strong/Independent (State Data Protection Inspectorate),https://unctad.org/page/data-protection-and-privacy-legislation-worldwide,Yes,https://unctad.org/page/data-protection-and-privacy-legislation-worldwide; https://www.unicef.org/lithuania/,Yes (EU Safer Internet Centre),https://www.unicef.org/lithuania/,Yes,https://unctad.org/page/data-protection-and-privacy-legislation-worldwide,Legal (no marriage equality; partnerships debated),https://www.humandignitytrust.org/country-profile/lithuania/; https://ilga.org/ilga-world-maps/,Proposed/Unclear (Law on Minors restricts LGBTQ content),https://ilga.org/ilga-world-maps/,Adopted (AI Strategy 2019),https://en.unesco.org/artificial-intelligence/observatory/policies?country=LT; https://www.unesco.org/ethics-ai/en/global-hub,Yes,https://gdpr-info.eu/art-35-gdpr/,No,https://www.gsma.com/solutions-and-impact/connectivity-for-good/public-policy/mobile-policy-handbook/consumer-protection/mandatory-registration-of-prepaid-sims/,,,,,,,,,,,,,,101,,,,,,
102,Luxembourg,Europe,EU,In force (GDPR + national law),https://unctad.org/page/data-protection-and-privacy-legislation-worldwide,Strong/Independent (CNPD),https://unctad.org/page/data-protection-and-privacy-legislation-worldwide,Yes,https://unctad.org/page/data-protection-and-privacy-legislation-worldwide; https://www.unicef.org/luxembourg/,Yes (EU Safer Internet Centre),https://www.unicef.org/luxembourg/,Yes,https://unctad.org/page/data-protection-and-privacy-legislation-worldwide,Equality/Marriage (since 2015),https://www.humandignitytrust.org/country-profile/luxembourg/; https://ilga.org/ilga-world-maps/,No,https://ilga.org/ilga-world-maps/,Adopted (AI Strategy 2019; EU AI Act alignment),https://en.unesco.org/artificial-intelligence/observatory/policies?country=LU; https://www.unesco.org/ethics-ai/en/global-hub,Yes,https://gdpr-info.eu/art-35-gdpr/,No,https://www.gsma.com/solutions-and-impact/connectivity-for-good/public-policy/mobile-policy-handbook/consumer-protection/mandatory-registration-of-prepaid-sims/,,,,,,,,,,,,,,102,,,,,,
108,Malta,Europe,EU,In force (GDPR + national law),https://unctad.org/page/data-protection-and-privacy-legislation-worldwide,Strong/Independent (Information and Data Protection Commissioner),https://unctad.org/page/data-protection-and-privacy-legislation-worldwide,Yes,https://unctad.org/page/data-protection-and-privacy-legislation-worldwide; https://www.unicef.org/malta/,Yes (EU Safer Internet Centre),https://www.unicef.org/malta/,Yes,https://unctad.org/page/data-protection-and-privacy-legislation-worldwide,Equality/Marriage (full rights),https://www.humandignitytrust.org/country-profile/malta/; https://ilga.org/ilga-world-maps/,No,https://ilga.org/ilga-world-maps/,"Adopted (AI in Malta Strategy, 2019)",https://en.unesco.org/artificial-intelligence/observatory/policies?country=MT; https://www.unesco.org/ethics-ai/en/global-hub,Yes,https://gdpr-info.eu/art-35-gdpr/,No (SIM requires ID; no biometrics),https://www.gsma.com/solutions-and-impact/connectivity-for-good/public-policy/mobile-policy-handbook/consumer-protection/mandatory-registration-of-prepaid-sims/; https://privacyinternational.org/learn/sim-card-registration,,,,,,,,,,,,,,108,,,,,,
123,Netherlands,Europe,EU,In force (GDPR + national law),https://unctad.org/page/data-protection-and-privacy-legislation-worldwide,Strong (Dutch Data Protection Authority),https://unctad.org/page/data-protection-and-privacy-legislation-worldwide,Yes,https://unctad.org/page/data-protection-and-privacy-legislation-worldwide; https://www.unicef.org/netherlands/,Yes (EU Safer Internet Centre),https://www.unicef.org/netherlands/,Yes,https://unctad.org/page/data-protection-and-privacy-legislation-worldwide,Equality/Marriage (since 2001),https://www.humandignitytrust.org/country-profile/netherlands/; https://ilga.org/ilga-world-maps/,No,https://ilga.org/ilga-world-maps/,Adopted (Dutch AI Strategy 2019; EU AI Act alignment),https://en.unesco.org/artificial-intelligence/observatory/policies?country=NL; https://www.unesco.org/ethics-ai/en/global-hub,Yes,https://gdpr-info.eu/art-35-gdpr/,No,https://www.gsma.com/solutions-and-impact/connectivity-for-good/public-policy/mobile-policy-handbook/consumer-protection/mandatory-registration-of-prepaid-sims/,,,,,,,,,,,,,,123,,,,,,
138,Poland,Europe,EU,In force — GDPR,https://unctad.org/page/data-protection-and-privacy-legislation-worldwide,Strong — UODO,https://unctad.org/page/data-protection-and-privacy-legislation-worldwide,Yes,https://unctad.org/page/data-protection-and-privacy-legislation-worldwide; https://www.unicef.org/poland/,Yes — EU Safer Internet Centre,https://www.unicef.org/poland/,Yes,https://unctad.org/page/data-protection-and-privacy-legislation-worldwide,Legal — no marriage equality,https://www.humandignitytrust.org/country-profile/poland/; https://ilga.org/ilga-world-maps/,Yes — “LGBT-free zones”,https://ilga.org/ilga-world-maps/,Adopted — National AI Policy 2020,https://en.unesco.org/artificial-intelligence/observatory/policies?country=PL; https://www.unesco.org/ethics-ai/en/global-hub,Yes,https://gdpr-info.eu/art-35-gdpr/,No,https://www.gsma.com/solutions-and-impact/connectivity-for-good/public-policy/mobile-policy-handbook/consumer-protection/mandatory-registration-of-prepaid-sims/,,,,,,,,,,,,,,138,,,,,,
139,Portugal,Europe,EU,In force — GDPR,https://unctad.org/page/data-protection-and-privacy-legislation-worldwide,Strong — CNPD,https://unctad.org/page/data-protection-and-privacy-legislation-worldwide,Yes,https://unctad.org/page/data-protection-and-privacy-legislation-worldwide; https://www.unicef.org/portugal/,Yes — EU Safer Internet Centre,https://www.unicef.org/portugal/,Yes,https://unctad.org/page/data-protection-and-privacy-legislation-worldwide,Equality/Marriage — since 2010,https://www.humandignitytrust.org/country-profile/portugal/; https://ilga.org/ilga-world-maps/,No,https://ilga.org/ilga-world-maps/,Adopted — National AI Strategy 2019,https://en.unesco.org/artificial-intelligence/observatory/policies?country=PT; https://www.unesco.org/ethics-ai/en/global-hub,Yes,https://gdpr-info.eu/art-35-gdpr/,No,https://www.gsma.com/solutions-and-impact/connectivity-for-good/public-policy/mobile-policy-handbook/consumer-protection/mandatory-registration-of-prepaid-sims/,,,,,,,,,,,,,,139,,,,,,
143,Romania,Europe,EU,In force — GDPR,https://unctad.org/page/data-protection-and-privacy-legislation-worldwide,Strong — ANSPDCP,https://unctad.org/page/data-protection-and-privacy-legislation-worldwide,Yes,https://unctad.org/page/data-protection-and-privacy-legislation-worldwide; https://www.unicef.org/romania/,Yes — EU Safer Internet Centre,https://www.unicef.org/romania/,Yes,https://unctad.org/page/data-protection-and-privacy-legislation-worldwide,Legal — no marriage equality,https://www.humandignitytrust.org/country-profile/romania/; https://ilga.org/ilga-world-maps/,No,https://ilga.org/ilga-world-maps/,Draft/Early — AI Strategy under development,https://en.unesco.org/artificial-intelligence/observatory/policies?country=RO; https://www.unesco.org/ethics-ai/en/global-hub,Yes,https://gdpr-info.eu/art-35-gdpr/,No,https://www.gsma.com/solutions-and-impact/connectivity-for-good/public-policy/mobile-policy-handbook/consumer-protection/mandatory-registration-of-prepaid-sims/,,,,,,,,,,,,,,143,,,,,,
158,Slovakia,Europe,EU,In force — GDPR,https://unctad.org/page/data-protection-and-privacy-legislation-worldwide,Strong — Office for Personal Data Protection,https://unctad.org/page/data-protection-and-privacy-legislation-worldwide,Yes,https://unctad.org/page/data-protection-and-privacy-legislation-worldwide; https://www.unicef.org/slovakia/,Yes — EU Safer Internet,https://www.unicef.org/slovakia/,Yes,https://unctad.org/page/data-protection-and-privacy-legislation-worldwide,Legal — no marriage equality,https://www.humandignitytrust.org/country-profile/slovakia/; https://ilga.org/ilga-world-maps/,No,https://ilga.org/ilga-world-maps/,"Adopted — National AI Strategy (2019), EU AI Act alignment",https://en.unesco.org/artificial-intelligence/observatory/policies?country=SK; https://www.unesco.org/ethics-ai/en/global-hub,Yes,https://gdpr-info.eu/art-35-gdpr/,No,https://www.gsma.com/solutions-and-impact/connectivity-for-good/public-policy/mobile-policy-handbook/consumer-protection/mandatory-registration-of-prepaid-sims/,,,,,,,,,,,,,,158,,,,,,
159,Slovenia,Europe,EU,In force — GDPR,https://unctad.org/page/data-protection-and-privacy-legislation-worldwide,Strong — IP-RS,https://unctad.org/page/data-protection-and-privacy-legislation-worldwide,Yes,https://unctad.org/page/data-protection-and-privacy-legislation-worldwide; https://www.unicef.org/slovenia/,Yes — EU Safer Internet,https://www.unicef.org/slovenia/,Yes,https://unctad.org/page/data-protection-and-privacy-legislation-worldwide,Equality/Marriage — marriage equality since 2022,https://www.humandignitytrust.org/country-profile/slovenia/; https://ilga.org/ilga-world-maps/,No,https://ilga.org/ilga-world-maps/,Adopted — National AI Strategy (2020),https://en.unesco.org/artificial-intelligence/observatory/policies?country=SI; https://www.unesco.org/ethics-ai/en/global-hub,Yes,https://gdpr-info.eu/art-35-gdpr/,No,https://www.gsma.com/solutions-and-impact/connectivity-for-good/public-policy/mobile-policy-handbook/consumer-protection/mandatory-registration-of-prepaid-sims/,,,,,,,,,,,,,,159,,,,,,
164,Spain,Europe,EU,In force — GDPR + Organic Law 3/2018,https://unctad.org/page/data-protection-and-privacy-legislation-worldwide,Strong — AEPD,https://unctad.org/page/data-protection-and-privacy-legislation-worldwide,Yes,https://unctad.org/page/data-protection-and-privacy-legislation-worldwide; https://www.unicef.org/spain/,Yes — EU Safer Internet Centre,https://www.unicef.org/spain/,Yes,https://unctad.org/page/data-protection-and-privacy-legislation-worldwide,Equality/Marriage — since 2005,https://www.humandignitytrust.org/country-profile/spain/; https://ilga.org/ilga-world-maps/,No,https://ilga.org/ilga-world-maps/,Adopted — Spain AI Strategy 2020,https://en.unesco.org/artificial-intelligence/observatory/policies?country=ES; https://www.unesco.org/ethics-ai/en/global-hub,Yes,https://gdpr-info.eu/art-35-gdpr/,No,https://www.gsma.com/solutions-and-impact/connectivity-for-good/public-policy/mobile-policy-handbook/consumer-protection/mandatory-registration-of-prepaid-sims/,,,,,,,,,,,,,,164,,,,,,
169,Sweden,Europe,EU,In force — GDPR,https://unctad.org/page/data-protection-and-privacy-legislation-worldwide,Strong — Datainspektionen,https://unctad.org/page/data-protection-and-privacy-legislation-worldwide,Yes,https://unctad.org/page/data-protection-and-privacy-legislation-worldwide; https://www.unicef.org/sweden/,Yes — EU Safer Internet,https://www.unicef.org/sweden/,Yes,https://unctad.org/page/data-protection-and-privacy-legislation-worldwide,Equality/Marriage — since 2009,https://www.humandignitytrust.org/country-profile/sweden/; https://ilga.org/ilga-world-maps/,No,https://ilga.org/ilga-world-maps/,Adopted — National AI Strategy 2018,https://en.unesco.org/artificial-intelligence/observatory/policies?country=SE; https://www.unesco.org/ethics-ai/en/global-hub,Yes,https://gdpr-info.eu/art-35-gdpr/,No,https://www.gsma.com/solutions-and-impact/connectivity-for-good/public-policy/mobile-policy-handbook/consumer-protection/mandatory-registration-of-prepaid-sims/,,,,,,,,,,,,,,169,,,,,,
186,United Kingdom of Great Britain and Northern Ireland,Europe,EU,In force — UK GDPR + Data Protection Act 2018,https://unctad.org/page/data-protection-and-privacy-legislation-worldwide,Strong,https://unctad.org/page/data-protection-and-privacy-legislation-worldwide,Yes — Age-Appropriate Design Code (2020),https://unctad.org/page/data-protection-and-privacy-legislation-worldwide; https://www.unicef.org/united-kingdom-of-great-britain-and-northern-ireland/,Yes,https://www.unicef.org/united-kingdom-of-great-britain-and-northern-ireland/,Yes,https://unctad.org/page/data-protection-and-privacy-legislation-worldwide,Equality/Marriage,https://www.humandignitytrust.org/country-profile/united-kingdom-of-great-britain-and-northern-ireland/; https://ilga.org/ilga-world-maps/,No,https://ilga.org/ilga-world-maps/,Adopted — UK National AI Strategy 2021,https://en.unesco.org/artificial-intelligence/observatory/policies?country=GB; https://www.unesco.org/ethics-ai/en/global-hub,Yes,https://unctad.org/page/data-protection-and-privacy-legislation-worldwide,No,https://www.gsma.com/solutions-and-impact/connectivity-for-good/public-policy/mobile-policy-handbook/consumer-protection/mandatory-registration-of-prepaid-sims/,,,,,,,,,,,,,,186,,,,,,
10,Australia,Oceania,PIF,In force (Privacy Act 1988; ongoing reform to strengthen alignment with GDPR),https://unctad.org/page/data-protection-and-privacy-legislation-worldwide,Strong/Independent (OAIC),https://unctad.org/page/data-protection-and-privacy-legislation-worldwide,Yes (Online Safety Act 2021; eSafety Commissioner),https://unctad.org/page/data-protection-and-privacy-legislation-worldwide; https://www.unicef.org/australia/,Yes (national COP plan led by eSafety),https://www.unicef.org/australia/,Yes (sensitive information includes sexual orientation),https://unctad.org/page/data-protection-and-privacy-legislation-worldwide,Equality/Marriage (Marriage Act amended 2017),https://www.humandignitytrust.org/country-profile/australia/; https://ilga.org/ilga-world-maps/,No/Annulled,https://ilga.org/ilga-world-maps/,Adopted (AI Ethics Principles 2019; Responsible AI Action Plan 2021; NACC emerging strategy),https://en.unesco.org/artificial-intelligence/observatory/policies?country=AU; https://www.unesco.org/ethics-ai/en/global-hub,"Partial (Privacy Impact Assessments recommended, not mandatory)",https://unctad.org/page/data-protection-and-privacy-legislation-worldwide,"No (ID required, no biometrics)",https://www.gsma.com/solutions-and-impact/connectivity-for-good/public-policy/mobile-policy-handbook/consumer-protection/mandatory-registration-of-prepaid-sims/; https://privacyinternational.org/learn/sim-card-registration,,,,,,,,,,,,,,10,,,,,,
61,Fiji,Oceania,PIF,Draft (consultations ongoing),https://unctad.org/page/data-protection-and-privacy-legislation-worldwide,Weak (not independent),https://unctad.org/page/data-protection-and-privacy-legislation-worldwide,Partial (general child protections),https://unctad.org/page/data-protection-and-privacy-legislation-worldwide; https://www.unicef.org/fiji/,Partial (awareness campaigns),https://www.unicef.org/fiji/,Partial (referenced in draft law),https://unctad.org/page/data-protection-and-privacy-legislation-worldwide,Equality/Marriage (constitutional protections; marriage recognised),https://www.humandignitytrust.org/country-profile/fiji/; https://ilga.org/ilga-world-maps/,No,https://ilga.org/ilga-world-maps/,,https://en.unesco.org/artificial-intelligence/observatory/policies?country=FJ; https://www.unesco.org/ethics-ai/en/global-hub,No,https://unctad.org/page/data-protection-and-privacy-legislation-worldwide,Yes (mandatory SIM registration),https://www.gsma.com/solutions-and-impact/connectivity-for-good/public-policy/mobile-policy-handbook/consumer-protection/mandatory-registration-of-prepaid-sims/,,,,,,,,,,,,,,61,,,,,,
91,Kiribati,Oceania,PIF,,https://unctad.org/page/data-protection-and-privacy-legislation-worldwide,,https://unctad.org/page/data-protection-and-privacy-legislation-worldwide,No,https://www.unicef.org/kiribati/,No,https://www.unicef.org/kiribati/,No,https://unctad.org/page/data-protection-and-privacy-legislation-worldwide,Criminalised (sodomy laws in force),https://www.humandignitytrust.org/country-profile/kiribati/; https://ilga.org/ilga-world-maps/,Yes (morality restrictions),https://ilga.org/ilga-world-maps/,,https://en.unesco.org/artificial-intelligence/observatory/policies?country=KI; https://www.unesco.org/ethics-ai/en/global-hub,No,https://unctad.org/page/data-protection-and-privacy-legislation-worldwide,Yes (SIM registration required),https://www.gsma.com/solutions-and-impact/connectivity-for-good/public-policy/mobile-policy-handbook/consumer-protection/mandatory-registration-of-prepaid-sims/,,,,,,,,,,,,,,91,,,,,,
109,Marshall Islands,Oceania,PIF,,https://unctad.org/page/data-protection-and-privacy-legislation-worldwide,,https://unctad.org/page/data-protection-and-privacy-legislation-worldwide,No,https://www.unicef.org/marshall-islands/,No,https://www.unicef.org/marshall-islands/,No,https://unctad.org/page/data-protection-and-privacy-legislation-worldwide,Legal (decriminalised; no marriage equality),https://www.humandignitytrust.org/country-profile/marshall-islands/; https://ilga.org/ilga-world-maps/,No,https://ilga.org/ilga-world-maps/,,https://en.unesco.org/artificial-intelligence/observatory/policies?country=MH; https://www.unesco.org/ethics-ai/en/global-hub,No,https://unctad.org/page/data-protection-and-privacy-legislation-worldwide,Yes (SIM tied to ID),https://www.gsma.com/solutions-and-impact/connectivity-for-good/public-policy/mobile-policy-handbook/consumer-protection/mandatory-registration-of-prepaid-sims/,,,,,,,,,,,,,,109,,,,,,
113,Micronesia (Federated States of),Oceania,PIF,,https://unctad.org/page/data-protection-and-privacy-legislation-worldwide,,https://unctad.org/page/data-protection-and-privacy-legislation-worldwide,No,https://www.unicef.org/micronesia-federated-states-of/,No,https://www.unicef.org/micronesia-federated-states-of/,No,https://unctad.org/page/data-protection-and-privacy-legislation-worldwide,Legal (decriminalised; no recognition),https://www.humandignitytrust.org/country-profile/micronesia-federated-states-of/; https://ilga.org/ilga-world-maps/,No,https://ilga.org/ilga-world-maps/,,https://www.unesco.org/ethics-ai/en/global-hub,No,https://unctad.org/page/data-protection-and-privacy-legislation-worldwide,Yes (SIM tied to ID),https://www.gsma.com/solutions-and-impact/connectivity-for-good/public-policy/mobile-policy-handbook/consumer-protection/mandatory-registration-of-prepaid-sims/,,,,,,,,,,,,,,113,,,,,,
121,Nauru,Oceania,PIF,,https://unctad.org/page/data-protection-and-privacy-legislation-worldwide,,https://unctad.org/page/data-protection-and-privacy-legislation-worldwide,No,https://www.unicef.org/nauru/,No,https://www.unicef.org/nauru/,No,https://unctad.org/page/data-protection-and-privacy-legislation-worldwide,Legal (decriminalised 2016; no recognition),https://www.humandignitytrust.org/country-profile/nauru/; https://ilga.org/ilga-world-maps/,No,https://ilga.org/ilga-world-maps/,,https://en.unesco.org/artificial-intelligence/observatory/policies?country=NR; https://www.unesco.org/ethics-ai/en/global-hub,No,https://unctad.org/page/data-protection-and-privacy-legislation-worldwide,Yes,https://www.gsma.com/solutions-and-impact/connectivity-for-good/public-policy/mobile-policy-handbook/consumer-protection/mandatory-registration-of-prepaid-sims/,,,,,,,,,,,,,,121,,,,,,
124,New Zealand,Oceania,PIF,In force (Privacy Act 2020),https://unctad.org/page/data-protection-and-privacy-legislation-worldwide,Strong (Office of the Privacy Commissioner),https://unctad.org/page/data-protection-and-privacy-legislation-worldwide,Partial (privacy rules cover minors; no COP-specific law),https://unctad.org/page/data-protection-and-privacy-legislation-worldwide; https://www.unicef.org/new-zealand/,Yes (NetSafe initiatives),https://www.unicef.org/new-zealand/,Yes,https://unctad.org/page/data-protection-and-privacy-legislation-worldwide,Equality/Marriage (since 2013),https://www.humandignitytrust.org/country-profile/new-zealand/; https://ilga.org/ilga-world-maps/,No,https://ilga.org/ilga-world-maps/,Draft/Early (AI Action Plan under Digital Strategy for Aotearoa),https://en.unesco.org/artificial-intelligence/observatory/policies?country=NZ; https://www.unesco.org/ethics-ai/en/global-hub,Partial (risk assessments encouraged),https://unctad.org/page/data-protection-and-privacy-legislation-worldwide,No,https://www.gsma.com/solutions-and-impact/connectivity-for-good/public-policy/mobile-policy-handbook/consumer-protection/mandatory-registration-of-prepaid-sims/,,,,,,,,,,,,,,124,,,,,,
132,Palau,Oceania,PIF,,https://unctad.org/page/data-protection-and-privacy-legislation-worldwide,,https://unctad.org/page/data-protection-and-privacy-legislation-worldwide,No,https://www.unicef.org/palau/,No,https://www.unicef.org/palau/,No,https://unctad.org/page/data-protection-and-privacy-legislation-worldwide,"Legal — decriminalised 2014, no recognition",https://www.humandignitytrust.org/country-profile/palau/; https://ilga.org/ilga-world-maps/,No,https://ilga.org/ilga-world-maps/,,https://en.unesco.org/artificial-intelligence/observatory/policies?country=PW; https://www.unesco.org/ethics-ai/en/global-hub,No,https://unctad.org/page/data-protection-and-privacy-legislation-worldwide,Yes,https://www.gsma.com/solutions-and-impact/connectivity-for-good/public-policy/mobile-policy-handbook/consumer-protection/mandatory-registration-of-prepaid-sims/,,,,,,,,,,,,,,132,,,,,,
134,Papua New Guinea,Oceania,PIF,Draft — Data Protection Bill 2022,https://unctad.org/page/data-protection-and-privacy-legislation-worldwide,,https://unctad.org/page/data-protection-and-privacy-legislation-worldwide,No,https://www.unicef.org/papua-new-guinea/,No,https://www.unicef.org/papua-new-guinea/,No,https://unctad.org/page/data-protection-and-privacy-legislation-worldwide,Criminalised — Penal Code Sec. 210,https://www.humandignitytrust.org/country-profile/papua-new-guinea/; https://ilga.org/ilga-world-maps/,Yes,https://ilga.org/ilga-world-maps/,,https://en.unesco.org/artificial-intelligence/observatory/policies?country=PG; https://www.unesco.org/ethics-ai/en/global-hub,No,https://unctad.org/page/data-protection-and-privacy-legislation-worldwide,Yes,https://www.gsma.com/solutions-and-impact/connectivity-for-good/public-policy/mobile-policy-handbook/consumer-protection/mandatory-registration-of-prepaid-sims/,,,,,,,,,,,,,,134,,,,,,
149,Samoa,Oceania,PIF,Draft — DP Bill pending,https://unctad.org/page/data-protection-and-privacy-legislation-worldwide,,https://unctad.org/page/data-protection-and-privacy-legislation-worldwide,No,https://www.unicef.org/samoa/,No,https://www.unicef.org/samoa/,No,https://unctad.org/page/data-protection-and-privacy-legislation-worldwide,Criminalised — sodomy law still in force,https://www.humandignitytrust.org/country-profile/samoa/; https://ilga.org/ilga-world-maps/,Yes,https://ilga.org/ilga-world-maps/,,https://en.unesco.org/artificial-intelligence/observatory/policies?country=WS; https://www.unesco.org/ethics-ai/en/global-hub,No,https://unctad.org/page/data-protection-and-privacy-legislation-worldwide,Yes,https://www.gsma.com/solutions-and-impact/connectivity-for-good/public-policy/mobile-policy-handbook/consumer-protection/mandatory-registration-of-prepaid-sims/,,,,,,,,,,,,,,149,,,,,,
160,Solomon Islands,Oceania,PIF,,https://unctad.org/page/data-protection-and-privacy-legislation-worldwide,,https://unctad.org/page/data-protection-and-privacy-legislation-worldwide,No,https://www.unicef.org/solomon-islands/,No,https://www.unicef.org/solomon-islands/,No,https://unctad.org/page/data-protection-and-privacy-legislation-worldwide,Criminalised,https://www.humandignitytrust.org/country-profile/solomon-islands/; https://ilga.org/ilga-world-maps/,Yes,https://ilga.org/ilga-world-maps/,,https://en.unesco.org/artificial-intelligence/observatory/policies?country=SB; https://www.unesco.org/ethics-ai/en/global-hub,No,https://unctad.org/page/data-protection-and-privacy-legislation-worldwide,Yes,https://www.gsma.com/solutions-and-impact/connectivity-for-good/public-policy/mobile-policy-handbook/consumer-protection/mandatory-registration-of-prepaid-sims/,,,,,,,,,,,,,,160,,,,,,
177,Tonga,Oceania,PIF,,https://unctad.org/page/data-protection-and-privacy-legislation-worldwide,,https://unctad.org/page/data-protection-and-privacy-legislation-worldwide,No,https://www.unicef.org/tonga/,No,https://www.unicef.org/tonga/,No,https://unctad.org/page/data-protection-and-privacy-legislation-worldwide,Criminalised,https://www.humandignitytrust.org/country-profile/tonga/; https://ilga.org/ilga-world-maps/,Yes,https://ilga.org/ilga-world-maps/,,https://en.unesco.org/artificial-intelligence/observatory/policies?country=TO; https://www.unesco.org/ethics-ai/en/global-hub,No,https://unctad.org/page/data-protection-and-privacy-legislation-worldwide,Yes,https://www.gsma.com/solutions-and-impact/connectivity-for-good/public-policy/mobile-policy-handbook/consumer-protection/mandatory-registration-of-prepaid-sims/,,,,,,,,,,,,,,177,,,,,,
182,Tuvalu,Oceania,PIF,,https://unctad.org/page/data-protection-and-privacy-legislation-worldwide,,https://unctad.org/page/data-protection-and-privacy-legislation-worldwide,No,https://www.unicef.org/tuvalu/,No,https://www.unicef.org/tuvalu/,No,https://unctad.org/page/data-protection-and-privacy-legislation-worldwide,Legal — no criminalisation,https://www.humandignitytrust.org/country-profile/tuvalu/; https://ilga.org/ilga-world-maps/,No,https://ilga.org/ilga-world-maps/,,https://en.unesco.org/artificial-intelligence/observatory/policies?country=TV; https://www.unesco.org/ethics-ai/en/global-hub,No,https://unctad.org/page/data-protection-and-privacy-legislation-worldwide,Yes,https://www.gsma.com/solutions-and-impact/connectivity-for-good/public-policy/mobile-policy-handbook/consumer-protection/mandatory-registration-of-prepaid-sims/,,,,,,,,,,,,,,182,,,,,,
190,Vanuatu,Oceania,PIF,,https://unctad.org/page/data-protection-and-privacy-legislation-worldwide,,https://unctad.org/page/data-protection-and-privacy-legislation-worldwide,No,https://www.unicef.org/vanuatu/,No,https://www.unicef.org/vanuatu/,No,https://unctad.org/page/data-protection-and-privacy-legislation-worldwide,Legal,https://www.humandignitytrust.org/country-profile/vanuatu/; https://ilga.org/ilga-world-maps/,No,https://ilga.org/ilga-world-maps/,,https://en.unesco.org/artificial-intelligence/observatory/policies?country=VU; https://www.unesco.org/ethics-ai/en/global-hub,No,https://unctad.org/page/data-protection-and-privacy-legislation-worldwide,Yes,https://www.gsma.com/solutions-and-impact/connectivity-for-good/public-policy/mobile-policy-handbook/consumer-protection/mandatory-registration-of-prepaid-sims/,,,,,,,,,,,,,,190,,,,,,
