country,iso3,region,protection_score,risk_index,documented,snapshot_generated_at,source_verified,AI_score,AI_assessment,AI_sources,DP_score,DP_assessment,DP_sources,ChildData_score,ChildData_assessment,ChildData_sources,SOGI_score,SOGI_assessment,SOGI_sources,DPA_score,DPA_assessment,DPA_sources,DPIA_score,DPIA_assessment,DPIA_sources,LGBTQ_score,LGBTQ_assessment,LGBTQ_sources,Promo_score,Promo_assessment,Promo_sources,COP_score,COP_assessment,COP_sources,SIM_score,SIM_assessment,SIM_sources
Angola,AGO,Africa,13,35,10,2026-06-26T19:28:30Z,2025-09-09T09:54:11.130311,2,Draft/Early (White Paper LBTIC 2023–2027 approved Dec 2024; ENIA foreseen),https://en.unesco.org/artificial-intelligence/observatory/policies?country=AO; https://www.unesco.org/ethics-ai/en/global-hub,2,In force (Lei 22/11 – Protecção de Dados Pessoais; APD operational),https://unctad.org/page/data-protection-and-privacy-legislation-worldwide,2,Yes,https://unctad.org/page/data-protection-and-privacy-legislation-worldwide; https://www.unicef.org/angola/,1,Partial/Unclear,https://unctad.org/page/data-protection-and-privacy-legislation-worldwide,1,Moderate,https://unctad.org/page/data-protection-and-privacy-legislation-worldwide,0,No,https://unctad.org/page/data-protection-and-privacy-legislation-worldwide,0,Legal (no criminalisation; anti-discrimination),https://www.humandignitytrust.org/country-profile/angola/; https://ilga.org/ilga-world-maps/,2,No/Annulled,https://ilga.org/ilga-world-maps/,1,Partial,https://www.unicef.org/angola/,2,No,https://www.gsma.com/solutions-and-impact/connectivity-for-good/public-policy/mobile-policy-handbook/consumer-protection/mandatory-registration-of-prepaid-sims/
Botswana,BWA,Africa,7,65,10,2026-06-26T19:28:30Z,2025-09-09T09:54:11.130311,1,Draft/Early (AI policy referenced in National ICT Policy 2020),https://en.unesco.org/artificial-intelligence/observatory/policies?country=BW ; https://www.unesco.org/ethics-ai/en/global-hub ; https://www.smartbots.gov.bw/ ; https://www.gov.bw/news/smartbots-strategy,2,In force (Data Protection Act 2018; DPA launched 2021),https://unctad.org/page/data-protection-and-privacy-legislation-worldwide ; https://botswanalaws.com/StatutesAct/2024%20Data%20Protection%20Act.pdf ; https://gazettes.africa/gazettes/bw-government-gazette-dated-2025-01-14-no-4.pdf,1,Partial (Children’s Act 2009; no dedicated COP strategy),https://www.unicef.org/botswana/ ; https://botswanalaws.com/StatutesAct/2024%20Data%20Protection%20Act.pdf,0,No,https://botswanalaws.com/StatutesAct/2024%20Data%20Protection%20Act.pdf,1,Moderate (Data Protection Commissioner under executive),https://botswanalaws.com/StatutesAct/2024%20Data%20Protection%20Act.pdf,0,No,https://botswanalaws.com/StatutesAct/2024%20Data%20Protection%20Act.pdf,0,Legal (High Court decriminalised same-sex relations 2019),https://www.humandignitytrust.org/country-profile/botswana/ ; https://ilga.org/ilga-world-maps/ ; https://botswanalaws.com/case/NDBHC_2019_0001.html,2,No/Annulled,https://ilga.org/ilga-world-maps/ ; https://upr-info.org/en/review/botswana,0,No,https://www.unicef.org/botswana/ ; https://www.smartbots.gov.bw/,0,Yes (SIM biometric registration mandatory),https://www.gsma.com/solutions-and-impact/connectivity-for-good/public-policy/mobile-policy-handbook/consumer-protection/mandatory-registration-of-prepaid-sims/ ; https://privacyinternational.org/learn/sim-card-registration
Comoros,COM,Africa,5,75,10,2026-06-26T19:28:30Z,2025-09-09T09:54:11.130311,0,None (no AI strategy identified),https://en.unesco.org/artificial-intelligence/observatory/policies?country=KM ; https://au.int/en/documents/20240620/continental-strategy-artificial-intelligence-africa-2024,2,Draft (no comprehensive law yet),https://afadpp.org/wp-content/uploads/2019/04/Comores-Loi-2018-007-sur-la-protection-des-donnees-personnelles.pdf ; https://unctad.org/page/data-protection-and-privacy-legislation-worldwide,1,Partial (Child Code; no national COP strategy),https://unctad.org/page/data-protection-and-privacy-legislation-worldwide ; https://www.unicef.org/comoros/,0,No,https://afadpp.org/wp-content/uploads/2019/04/Comores-Loi-2018-007-sur-la-protection-des-donnees-personnelles.pdf,2,Weak (no operational independent authority),https://afadpp.org/wp-content/uploads/2019/04/Comores-Loi-2018-007-sur-la-protection-des-donnees-personnelles.pdf,0,No,https://afadpp.org/wp-content/uploads/2019/04/Comores-Loi-2018-007-sur-la-protection-des-donnees-personnelles.pdf,0,Criminalised (same-sex conduct criminalised under Penal Code),https://www.humandignitytrust.org/country-profile/comoros/ ; https://ilga.org/ilga-world-maps/,0,Yes (restrictions on LGBTQ expression),https://www.humandignitytrust.org/country-profile/comoros/ ; https://ilga.org/ilga-world-maps/,0,No,https://www.unicef.org/comoros/,0,Yes (biometric SIM registration required),https://www.gsma.com/solutions-and-impact/connectivity-for-good/public-policy/mobile-policy-handbook/consumer-protection/mandatory-registration-of-prepaid-sims/
Democratic Republic of the Congo,COD,Africa,4,80,10,2026-06-26T19:28:30Z,2025-09-09T09:54:11.130311,0,None (no AI strategy),https://www.unesco.org/ethics-ai/en/global-hub,2,In force (Law No. 18/019 of 2018 on Personal Data Protection),https://unctad.org/page/data-protection-and-privacy-legislation-worldwide,1,Partial (laws exist; no national COP strategy),https://unctad.org/page/data-protection-and-privacy-legislation-worldwide; https://www.unicef.org/democratic-republic-of-the-congo/,0,No,https://unctad.org/page/data-protection-and-privacy-legislation-worldwide,1,Moderate (new authority; limited effectiveness),https://unctad.org/page/data-protection-and-privacy-legislation-worldwide,0,No,https://unctad.org/page/data-protection-and-privacy-legislation-worldwide,0,Criminalised,https://www.humandignitytrust.org/country-profile/democratic-republic-of-the-congo/; https://ilga.org/ilga-world-maps/,0,Yes (restrictions in Penal Code),https://ilga.org/ilga-world-maps/,0,No,https://www.unicef.org/democratic-republic-of-the-congo/,0,Yes (mandatory biometric SIM registration),https://www.gsma.com/solutions-and-impact/connectivity-for-good/public-policy/mobile-policy-handbook/consumer-protection/mandatory-registration-of-prepaid-sims/; https://privacyinternational.org/learn/sim-card-registration
Eswatini,SWZ,Africa,0,100,9,2026-06-26T19:28:30Z,2025-09-09T09:54:11.130311,0,,https://en.unesco.org/artificial-intelligence/observatory/policies?country=SZ ; https://au.int/en/documents/20240620/continental-strategy-artificial-intelligence-africa-2024,0,"Draft (Data Protection Bill tabled, not yet adopted)",https://eswatinilii.org/sz/legislation/act/2022/5/ ; https://unctad.org/page/data-protection-and-privacy-legislation-worldwide,0,No (no COP provisions),https://eswatinilii.org/sz/legislation/act/2022/5/ ; https://www.unicef.org/eswatini/child-protection,0,No,https://eswatinilii.org/sz/legislation/act/2022/5/,0,None (no authority),https://eswatinilii.org/sz/legislation/act/2022/5/,0,No,https://eswatinilii.org/sz/legislation/act/2022/5/,0,Criminalised (sodomy laws in force),https://www.humandignitytrust.org/country-profile/eswatini/ ; https://ilga.org/ilga-world-maps/,0,Yes (morality provisions),https://eswatinibroadcasting.org/ ; https://ilga.org/ilga-world-maps/,0,No,https://www.unicef.org/eswatini/child-protection,0,Yes (biometric SIM registration required),https://www.gsma.com/solutions-and-impact/connectivity-for-good/public-policy/mobile-policy-handbook/consumer-protection/mandatory-registration-of-prepaid-sims/
Lesotho,LSO,Africa,7,65,9,2026-06-26T19:28:30Z,2025-09-09T09:54:11.130311,0,,https://www.gov.ls/ai-policy-validation-workshop/ ; https://www.gov.ls/download/draft-artificial-intelligence-policy-implementation-plan-version-0-1/,2,"In force (Data Protection Act, 2012)",https://lesotholii.org/akn/ls/act/2012/5/eng@2012-02-22/source.pdf ; https://unctad.org/page/data-protection-and-privacy-legislation-worldwide,1,Partial (general child protections),https://lesotholii.org/akn/ls/act/2011/7/eng@2011-03-31/source.pdf ; https://lesotholii.org/akn/ls/act/2012/5/eng@2012-02-22/source.pdf,0,No,https://lesotholii.org/akn/ls/act/2012/5/eng@2012-02-22/source.pdf,1,Moderate (Data Protection Commissioner established),https://lesotholii.org/akn/ls/act/2012/5/eng@2012-02-22/source.pdf,0,No,https://lesotholii.org/akn/ls/act/2012/5/eng@2012-02-22/source.pdf,1,Legal (decriminalised 2012; no recognition),https://lesotholii.org/akn/ls/act/2010/6/eng@2012-06-01 ; https://lesotholii.org/akn/ls/act/1981/9/eng@1999-12-31/source.pdf ; https://www.ohchr.org/en/hr-bodies/upr/ls-index,2,No,https://lesotholii.org/akn/ls/act/2010/6/eng@2012-06-01,0,No,https://lca.org.ls/wp-content/uploads/filr/3941/CHILD-ONLINE-PROTECTION-GUIDELINES_FINAL-2.pdf,0,Yes (mandatory SIM registration),https://archive.gazettes.africa/archive/ls/2021/ls-government-gazette-dated-2021-05-21-no-52.pdf ; https://www.lca.org.ls/sim-registration-regulations-2011-revoked-sim-registration-regulations-2021/
Madagascar,MDG,Africa,2,90,9,2026-06-26T19:28:30Z,2025-09-09T09:54:11.130311,0,,https://en.unesco.org/artificial-intelligence/observatory/policies?country=MG ; https://au.int/en/documents/20240620/continental-strategy-artificial-intelligence-africa-2024,2,In force (Law No. 2014-038),https://unctad.org/page/data-protection-and-privacy-legislation-worldwide ; https://afapdp.org/wp-content/uploads/2015/07/Madagascar-Law-2014-038.pdf,0,No,https://unctad.org/page/data-protection-and-privacy-legislation-worldwide ; https://www.unicef.org/madagascar/,0,No,https://afapdp.org/wp-content/uploads/2015/07/Madagascar-Law-2014-038.pdf,0,Weak (regulator under government),https://afapdp.org/wp-content/uploads/2015/07/Madagascar-Law-2014-038.pdf,0,No,https://afapdp.org/wp-content/uploads/2015/07/Madagascar-Law-2014-038.pdf,0,Criminalised (Penal Code provisions),https://www.humandignitytrust.org/country-profile/madagascar/ ; https://ilga.org/ilga-world-maps/,0,Yes,https://www.humandignitytrust.org/country-profile/madagascar/,0,No,https://www.unicef.org/madagascar/,0,Yes (mandatory SIM ID),https://www.gsma.com/solutions-and-impact/connectivity-for-good/public-policy/mobile-policy-handbook/consumer-protection/mandatory-registration-of-prepaid-sims/
Malawi,MWI,Africa,5,75,10,2026-06-26T19:28:30Z,2025-09-09T09:54:11.130311,1,Draft/Early (Digital Malawi Program),https://scienceforafrica.foundation/sites/default/files/2025-03/Report%20the%20Malawi%20NSTIP%20National%20Stakeholder%20Consultative%20Workshop%20v2.pdf ; https://aipolicyportal.org/states/malawi,2,"In force (Data Protection Act, 2021)",https://www.mca.ac.mw/mca-siteup/uploads/Data%20Protection%20Act%202024.pdf ; https://dpa.mw/about,1,Partial (general child protections),https://www.mca.ac.mw/mca-siteup/uploads/Data%20Protection%20Act%202024.pdf ; https://www.unicef.org/malawi/media/5066/file/National%20Strategy%20on%20Child%20Protection%202022-2026.pdf,0,No,https://www.mca.ac.mw/mca-siteup/uploads/Data%20Protection%20Act%202024.pdf,1,Moderate (framework established; limited independence),https://www.mca.ac.mw/mca-siteup/uploads/Data%20Protection%20Act%202024.pdf,0,No,https://www.mca.ac.mw/mca-siteup/uploads/Data%20Protection%20Act%202024.pdf,0,Criminalised (Penal Code Section 153),https://malawilii.org/akn/mw/act/1929/22/eng%402014-12-31 ; https://www.hrw.org/news/2024/07/11/dark-day-malawi-rights-lgbt-people ; https://upr-info.org/en/review/malawi,0,Yes,https://malawilii.org/akn/mw/act/1929/22/eng%402014-12-31 ; https://malawilii.org/akn/mw/act/2016/33/eng%402017-12-31,0,No,https://macra.mw/macra-appoints-child-online-protection-ambassador/ ; https://mvcernt.mw/macra-and-partners-launch-child-online-safety-for-all-initiative/,0,Yes (SIM tied to biometric ID),https://macra.mw/wpfd_file/communications-sim-card-registration-regulations-2023-2/ ; https://www.maravipost.com/macra-calls-for-compliance-in-sim-card-registration/
Mauritius,MUS,Africa,10,50,10,2026-06-26T19:28:30Z,2025-09-09T09:54:11.130311,1,Draft/Early (Digital Mauritius 2030 agenda),https://mitci.govmu.org/mitci/wp-content/uploads/2025/05/Mauritius-Artificial-Intelligence-Strategy-2018.pdf ; https://edbmauritius.org/newsroom/budget-2025-2026-artificial-intelligence ; https://www.fscmauritius.org/media/85170/credit-and-artificial-intelligence-enabled-advisory.pdf,2,"In force (Data Protection Act, 2017)",https://dataprotection.govmu.org/Documents/DPA_2017.pdf,1,Partial,https://dataprotection.govmu.org/Documents/DPA_2017.pdf ; https://www.icta.mu/documents/2023/06/The_Childrens_Act_2020.pdf,0,No explicit provisions,https://dataprotection.govmu.org/Documents/DPA_2017.pdf,2,Strong/Independent (Data Protection Commissioner),https://dataprotection.govmu.org/Documents/DPA_2017.pdf,2,Yes (under DPA 2017),https://dataprotection.govmu.org/Documents/DPA_2017.pdf,1,Legal (decriminalised 2023; no marriage equality),https://www.undp.org/press-releases/supreme-court-mauritius-decriminalises-same-sex-relations ; https://attorneygeneral.govmu.org/Documents/Laws%20of%20Mauritius/A-Z%20Acts/E/Equal%20Opportunities%20Act-E3.pdf,2,No,https://www.icta.mu/documents/2021/11/ict_act.pdf ; https://www.icta.mu/documents/2023/06/The_Childrens_Act_2020.pdf,1,Partial (school campaigns),https://www.cert.mu.org.ge/documents/Child_Online_Protection.pdf ; https://mitci.govmu.org/mitci/?page_id=5781,0,Yes,https://www.icta.mu/acts-regulations/ ; https://www.icta.mu/wp-content/uploads/2025/01/Revocation_of_SIM_Registration_Regulations.pdf ; https://www.icta.mu/wp-content/uploads/2025/01/TD_1_of_2025.pdf
Mozambique,MOZ,Africa,3,85,8,2026-06-26T19:28:30Z,2025-09-09T09:54:11.130311,0,,https://intic.gov.mz/wp-content/uploads/2025/04/Mozambique-Data-Diagnostic-Prelim-Summary-April-2025-2.pdf ; https://www.itu.int/en/ITU-D/Regional-Presence/Africa/Pages/projects/2023/mozambique-vamoz-digital.aspx,0,Draft (bill pending),https://www.minec.gov.mz/index.php/documentos/legislacao/1-constituicao-da-republica-de-mocambique/file ; https://intic.gov.mz/wp-content/uploads/2025/04/Mozambique-Data-Diagnostic-Prelim-Summary-April-2025-2.pdf,0,No,https://www.africanchildforum.org/clr/Legislation%20Per%20Country/Mozambique/mozambique_children_2008_por.pdf ; https://www.unicef.org/innocenti/innocenti/media/4116/file/DH-Mozambique-Report-2022.pdf,0,No,https://www.minec.gov.mz/index.php/documentos/legislacao/1-constituicao-da-republica-de-mocambique/file ; https://www.clr.africanchildforum.org/mozambique/mozambique_labour_2007_en.pdf,0,,https://intic.gov.mz/wp-content/uploads/2025/04/Mozambique-Data-Diagnostic-Prelim-Summary-April-2025-2.pdf,0,No,https://intic.gov.mz/wp-content/uploads/2025/04/Mozambique-Data-Diagnostic-Prelim-Summary-April-2025-2.pdf,1,Legal (decriminalised 2015; no marriage),https://reformar.co.mz/documentos-diversos/lei-35-2014-reforma-penal-1.pdf/view ; https://www.ohchr.org/en/documents/country-reports/ahrc41add2-visit-mozambique-report-independent-expert-protection,2,No,https://reformar.co.mz/documentos-diversos/lei-35-2014-reforma-penal-1.pdf/view ; https://www.ohchr.org/en/hr-bodies/upr/mz-index,0,No,https://www.unicef.org/innocenti/innocenti/media/4116/file/DH-Mozambique-Report-2022.pdf,0,Yes (ID required; biometrics emerging),https://www.incm.gov.mz/index.php/legislacao/legislacao-telemoveis/266-decreto-n-13-2023-regulamento-sobre-registo-dos-subscritores-dos-servicos-de-telecomunicacoes/file
Namibia,NAM,Africa,4,80,10,2026-06-26T19:28:30Z,2025-09-09T09:54:11.130311,1,Draft/Early (AI included in ICT strategy),https://www.unesco.org/en/artificial-intelligence/ram/namibia ; https://www.mict.gov.na/policies/downloads ; https://thebrief.com.na/2025/08/namibias-data-protection-bill-to-be-tabled-in-september/,0,Draft (Data Protection Bill pending),https://digitalpolicyalert.org/event/7358-mict-opens-public-consultation-on-draft-data-protection-bill-including-establishment-of-data-protection-supervisory-authority ; https://thebrief.com.na/2025/08/namibias-data-protection-bill-to-be-tabled-in-september/,0,No,https://action-namibia.org/wp-content/uploads/2022/10/Data-Protection-Bill-March-2022.pdf ; https://namblii.org/akn/na/act/2015/3/eng@2019-11-14/source.pdf,0,No,https://action-namibia.org/wp-content/uploads/2022/10/Data-Protection-Bill-March-2022.pdf,0,None yet,https://action-namibia.org/wp-content/uploads/2022/10/Data-Protection-Bill-March-2022.pdf,0,No,https://action-namibia.org/wp-content/uploads/2022/10/Data-Protection-Bill-March-2022.pdf,1,Legal (sodomy law unenforced; partnerships pending),https://namblii.org/akn/na/judgment/naclhc/2024/33 ; https://namblii.org/akn/na/act/2024/14/eng@2024-12-30,2,No,https://gazettes.africa/akn/na/officialGazette/government-gazette/2018-10-31/6750/eng@2018-10-31/source ; https://www.cran.na/download/broadcasting-code-for-broadcasting-licensees-6750-602-31october-2018/,0,No,https://www.unicef.org/namibia/media/1641/file/An%20exploratory%20into%20the%20nature%20and%20dynamics%20of%20online%20grooming%20in%20Namibia.pdf ; https://www.itu.int/en/cop/Documents/profiles/namibia.pdf,0,Yes,https://namibiafactcheck.org.na/news-item/explainer-what-information-should-be-collected-during-sim-card-registration/ ; https://namblii.org/akn/na/act/2024/13/eng@2024-10-25/source.pdf
Seychelles,SYC,Africa,4,80,9,2026-06-26T19:28:30Z,2025-09-09T09:54:11.130311,0,,https://seylii.org/akn/sc/act/2023/24/eng%402023-12-22 ; https://ict.gov.sc/documents/Policies/Seychelles%20National%20Cybersecurity%20Policy%202019.pdf,1,In force — Data Protection Act 2003 (weak),https://seylii.org/akn/sc/act/2023/24/eng%402023-12-22 ; https://globalcompliancenews.com/publications/data-protection-law-now-in-force-in-seychelles/,0,No,https://seylii.org/akn/sc/act/2023/24/eng%402023-12-22 ; https://seylii.org/akn/sc/act/2020/18,0,No,https://seylii.org/akn/sc/act/2023/24/eng%402023-12-22,0,Weak — under Ministry,https://seylii.org/akn/sc/act/2018/4/eng%402018-07-24/source.pdf ; https://seylii.org/akn/sc/act/2023/24/eng%402023-12-22,0,No,https://seylii.org/akn/sc/act/2023/24/eng%402023-12-22,1,"Legal — decriminalised 2016, no recognition",https://seylii.org/akn/sc/act/2016/11 ; https://www.humandignitytrust.org/news/seychelles-decriminalises-consensual-same-sex-sexual-relations/,2,No,https://seylii.org/akn/sc/act/2010/11 ; https://seylii.org/akn/sc/act/1952/1/eng%402020-06-01,0,No,https://ict.gov.sc/documents/Policies/Seychelles%20National%20Cybersecurity%20Policy%202019.pdf ; https://police.gov.sc/about-us/roles-and-functions/child-protection-unit,0,Yes,https://www.nation.sc/articles/7243/stricter-sim-card-registration-to-curb-criminality ; https://www.ics.gov.sc/civil-status/national-identity-card
South Africa,ZAF,Africa,17,15,10,2026-06-26T19:28:30Z,2025-09-09T09:54:11.130311,1,Draft/Early — AI White Paper in preparation,https://www.ddct.gov.za/sa-national-ai-policy-framework-file/338-sa-national-ai-policy-framework.html ; https://www.gov.za/news/media-advisories/minister-khumbudzo-ntshavheni-launches-artificial ; https://www.ddct.gov.za/minister-s-speeches/534-south-africa-s-digital-transformation-infrastructure-roadmap.html,2,In force — POPIA (2020),https://lawlibrary.org.za/akn/za/act/2013/4/eng,2,Yes,https://lawlibrary.org.za/akn/za/act/2013/4/eng%402013-11-26/provision/chp_3_part_B_sec_34,2,Yes,https://lawlibrary.org.za/akn/za/act/2013/4/eng%402013-11-26/provision/chp_3_part_A_sec_26,2,Strong — Information Regulator,https://lawlibrary.org.za/akn/za/act/2013/4/eng%402013-11-26/provision/chp_5_part_A_sec_39 ; https://inforegulator.org.za/about/,2,Yes,https://www.gov.za/sites/default/files/gcis_document/201805/41726gon1383.pdf ; https://inforegulator.org.za/wp-content/uploads/2021/06/Guidance-Note-on-Applications-for-Prior-Authorization-Section-57-and-58.pdf,2,Equality/Marriage — since 2006,https://www.concourt.org.za/images/phocadownload/tet_english-2003.pdf ; https://lawlibrary.org.za/akn/za/act/2006/17/eng%402006-11-30/source,2,No,https://www.gov.za/documents/promotion-equality-and-prevention-unfair-discrimination-act ; https://www.sahrc.org.za/home/21/files/Hate%20Speech%20Information%20Sheet-%20print%20ready-.pdf,2,Yes — national COP plan,https://www.ddct.gov.za/sa-national-ai-policy-framework-file/338-sa-national-ai-policy-framework.html ; https://www.gov.za/documents/films-and-publications-amendment-act-11-2019-0 ; https://www.justice.gov.za/legislation/acts/2020-019.pdf,2,No,https://www.gov.za/documents/regulation-interception-communications-and-provision-communication-related-information-act ; https://www.icasa.org.za/uploads/files/Gen-900-of-2022-Numbering-Plan-Regs-Amendments-Draft.pdf
Tanzania,TZA,Africa,0,100,8,2026-06-26T19:28:30Z,2025-09-09T09:54:11.130311,0,,https://www.education.go.tz/uploads/publications/en-1734439976-Guidelines%20for%20the%20Use%20of%20Generative%20AI%20in%20the%20Education%20Sector%202025-2028.pdf ; https://tanzania.un.org/sites/default/files/2025-07/National%20AI%20Readiness%20Report.pdf,0,Draft only,https://elibrary.osg.go.tz/items/7fab6bda-5f8b-4923-a4aa-981c98c15806 ; https://tanzlii.org/akn/tz/act/gn/2023/449c/eng%402023-07-04,0,No,https://www.mawasiliano.go.tz/uploads/documents/sw-1691159153-GN%20NO.%20449C%20OF%202023.pdf ; https://tanzlii.org/akn/tz/act/2009/21/eng%402019-12-31,0,No,https://elibrary.osg.go.tz/items/7fab6bda-5f8b-4923-a4aa-981c98c15806,0,,https://elibrary.osg.go.tz/items/7fab6bda-5f8b-4923-a4aa-981c98c15806,0,No,https://www.mawasiliano.go.tz/uploads/documents/sw-1691159153-GN%20NO.%20449C%20OF%202023.pdf,0,Criminalised — Penal Code Sec. 154,https://tanzlii.org/akn/tz/act/gn/2002/na-1/eng%402002-06-15 ; http://www.zanzibarassembly.go.tz/uploads/acts/2018_1535622805.pdf,0,Yes — promotion bans,https://www.tcra.go.tz/documents/regulations,0,No,https://tcra.go.tz/pages/child-online-protection-cop ; https://www.itu.int/en/cop/Documents/tanzania/what-we-do-child-protection,0,Yes — biometric SIM registration mandatory since 2020,https://tanzlii.org/akn/tz/act/gn/2020/112/eng%402020-02-07 ; https://tcra.go.tz/uploads/documents/sw-1619088062-The%20Electronic%20and%20Postal%20Communications%20%28SIM%20Card%20Registration%29%20Regulations%202020.pdf
Zambia,ZMB,Africa,4,80,10,2026-06-26T19:28:30Z,2025-09-09T09:54:11.130311,1,Draft/Early — National AI Policy 2022,https://www.smartzambia.gov.zm/download/national-digital-transformation-strategy-2023-2027/ ; https://au.int/en/documents/20240620/continental-strategy-artificial-intelligence-africa-2024,2,In force — Data Protection Act 2021,https://zambialii.org/zm/legislation/act/2021/3/ ; https://unctad.org/page/data-protection-and-privacy-legislation-worldwide,1,Partial,https://zambialii.org/zm/legislation/act/2021/3/ ; https://www.smartzambia.gov.zm/download/national-digital-transformation-strategy-2023-2027/,0,No,https://zambialii.org/zm/legislation/act/2021/3/,0,Weak,https://zambialii.org/zm/legislation/act/2021/3/,0,No,https://zambialii.org/zm/legislation/act/2021/3/,0,Criminalised,https://www.humandignitytrust.org/country-profile/zambia/ ; https://ilga.org/ilga-world-maps/,0,Yes,https://www.humandignitytrust.org/country-profile/zambia/,0,No,https://www.smartzambia.gov.zm/download/national-digital-transformation-strategy-2023-2027/,0,Yes,https://www.zicta.zm/storage/posts/attachments/vm2jMl0bxTm9K0F2jB0uCzY0g1nB1RCsbi2a.pdf ; https://www.gsma.com/solutions-and-impact/connectivity-for-good/public-policy/mobile-policy-handbook/consumer-protection/mandatory-registration-of-prepaid-sims/
Zimbabwe,ZWE,Africa,3,85,10,2026-06-26T19:28:30Z,2025-09-09T09:54:11.130311,1,Draft/Early — Smart Zimbabwe 2030,https://aipolicyportal.org/states/zimbabwe ; https://www.techzim.co.zw/2024/06/zimbabwes-ministry-of-ict-drafting-ai-and-big-data-strategy/,2,In force — Cybersecurity and Data Protection Act 2021,https://www.veritaszim.net/node/5577 ; https://unctad.org/page/data-protection-and-privacy-legislation-worldwide,0,No,https://www.veritaszim.net/node/5577 ; https://www.veritaszim.net/node/6289,0,No,https://www.veritaszim.net/node/5577,0,Weak,https://www.veritaszim.net/node/5577,0,No,https://www.veritaszim.net/node/5577,0,Criminalised,https://www.humandignitytrust.org/country-profile/zimbabwe/ ; https://ilga.org/ilga-world-maps/,0,Yes,https://www.humandignitytrust.org/country-profile/zimbabwe/,0,No,https://www.postzim.co.zw/2023/10/child-online-protection-framework-launched/ ; https://www.veritaszim.net/node/6289,0,Yes,https://www.techzim.co.zw/2022/03/potraz-now-requiring-biometric-registration-for-sim-cards/ ; https://www.gsma.com/solutions-and-impact/connectivity-for-good/public-policy/mobile-policy-handbook/consumer-protection/mandatory-registration-of-prepaid-sims/
Afghanistan,AFG,Asia,4,80,9,2026-06-26T19:28:30Z,2025-09-09T09:54:11.130311,0,,https://en.unesco.org/artificial-intelligence/observatory/policies?country=AF,2,No comprehensive law (no general personal data protection law; no DPA),https://unctad.org/page/data-protection-and-privacy-legislation-worldwide; https://www.refworld.org/legal/legislation/natleglaws/2017/afg-2017-01.html,0,No,https://www.unicef.org/afghanistan/reports/child-protection-afghanistan-2023,0,No,https://www.refworld.org/legal/legislation/natleglaws/2017/afg-2017-01.html; https://unctad.org/page/data-protection-and-privacy-legislation-worldwide,0,Weak (no DPA),https://unctad.org/page/data-protection-and-privacy-legislation-worldwide,0,No,https://www.refworld.org/legal/legislation/natleglaws/2017/afg-2017-01.html,0,Criminalised,https://www.humandignitytrust.org/country-profile/afghanistan/; https://ilga.org/maps-sexual-orientation-laws,2,No,https://www.hrw.org/news/2023/08/30/afghanistan-lgbt-afghans-face-persecution; https://ilga.org/maps-sexual-orientation-laws,0,No,https://www.unicef.org/afghanistan/reports/child-protection-afghanistan-2023,0,Yes (biometric SIM registration),https://www.gsma.com/mobilefordevelopment/resources/mandatory-sim-registration-in-afghanistan/; https://privacyinternational.org/examples/3208/afghanistan-mandatory-sim-registration
Albania,ALB,Europe,16,20,10,2026-06-26T19:28:30Z,2025-09-09T09:54:11.130311,1,Draft/Consultation open (National AI Strategy 2025–2030),https://www.digitalagenda.al/wp-content/uploads/2022/03/Digital-Agenda-Strategy-2022-2026-EN.pdf,2,In force (Law 124/2024; GDPR-based),https://idp.al/wp-content/uploads/2018/11/Law_9887_2008_EN.pdf; https://www.dataguidance.com/notes/albania-data-protection-overview,2,Yes,https://idp.al/wp-content/uploads/2018/11/Law_9887_2008_EN.pdf,2,Yes,https://idp.al/wp-content/uploads/2018/11/Law_9887_2008_EN.pdf (Art. 6),2,Strong/Independent,https://idp.al/en/; https://www.dataguidance.com/notes/albania-data-protection-overview,2,Yes,https://idp.al/wp-content/uploads/2018/11/Law_9887_2008_EN.pdf; https://www.dataguidance.com/notes/albania-data-protection-overview,0,Legal (no criminalisation); no recognition of same-sex unions,https://www.humandignitytrust.org/country-profile/albania/; https://www.ilga-europe.org/resources/news/latest-news/albania-new-anti-discrimination-law,2,No/Annulled,https://www.ilga-europe.org/resources/news/latest-news/albania-new-anti-discrimination-law,1,Partial,https://www.unicef.org/albania/media/1871/file/Child%20protection%20system%20in%20Albania.pdf,2,No,https://www.gsma.com/mobilefordevelopment/resources/mandatory-sim-registration-in-albania/
Algeria,DZA,Africa,11,45,10,2026-06-26T19:28:30Z,2025-09-09T09:54:11.130311,2,Adopted (National AI Strategy adopted Dec 2024),https://www.itu.int/en/ITU-D/ICT-Applications/Pages/artificial-intelligence-policy-algeria.aspx,2,In force (Law 18-07 of 2018; ANPDP operational Aug 2022),https://www.dlapiperdataprotection.com/index.html?t=law&c=DZ; https://www.cnil.fr/en/data-protection-around-the-world#algeria,1,Partial,https://www.dlapiperdataprotection.com/index.html?t=law&c=DZ,0,No,https://www.cnil.fr/en/data-protection-around-the-world#algeria,1,Moderate,https://www.dlapiperdataprotection.com/index.html?t=law&c=DZ,0,No,https://www.dlapiperdataprotection.com/index.html?t=law&c=DZ,0,Criminalised,https://www.humandignitytrust.org/country-profile/algeria/; https://ilga.org/maps-sexual-orientation-laws,2,No,https://www.humandignitytrust.org/country-profile/algeria/; https://ilga.org/maps-sexual-orientation-laws,1,Partial,https://www.unicef.org/algeria/en/protection; https://www.dlapiperdataprotection.com/index.html?t=law&c=DZ,2,No,https://www.gsma.com/mobilefordevelopment/resources/mandatory-sim-registration-in-algeria/
Andorra,AND,Europe,18,10,10,2026-06-26T19:28:30Z,2025-09-09T09:54:11.130311,1,Draft/Early,https://www.govern.ad/comunicats/item/12363-andorra-presenta-la-seva-estrategia-nacional-de-transformacio-digital,2,In force/GDPR-based (Llei 29/2021),https://apda.ad/wp-content/uploads/2021/12/LQPD-EN.pdf; https://www.dataguidance.com/notes/andorra-data-protection-overview,2,Yes,https://apda.ad/wp-content/uploads/2021/12/LQPD-EN.pdf,2,Yes,https://apda.ad/wp-content/uploads/2021/12/LQPD-EN.pdf (Art. 9),2,Strong/Independent,https://apda.ad/; https://www.dataguidance.com/notes/andorra-data-protection-overview,2,Yes,https://apda.ad/wp-content/uploads/2021/12/LQPD-EN.pdf,2,Equality/Marriage,https://www.humandignitytrust.org/country-profile/andorra/; https://www.reuters.com/world/europe/andorra-approves-same-sex-marriage-law-2022-07-22/,2,No/Annulled,https://ilga.org/maps-sexual-orientation-laws,1,Partial,https://www.unicef.org/andorra/en/protection; https://apda.ad/wp-content/uploads/2021/12/LQPD-EN.pdf,2,No,https://www.gsma.com/mobilefordevelopment/resources/mandatory-sim-registration-in-andorra/
Antigua and Barbuda,ATG,Americas,9,55,10,2026-06-26T19:28:30Z,2025-09-09T09:54:11.130311,0,None (no dedicated AI strategy identified),https://en.unesco.org/artificial-intelligence/observatory/policies?country=AG; https://www.unesco.org/ethics-ai/en/global-hub,2,In force (Data Protection Act 2013),https://unctad.org/page/data-protection-and-privacy-legislation-worldwide,1,Partial (child protection law; no COP strategy),https://unctad.org/page/data-protection-and-privacy-legislation-worldwide; https://www.unicef.org/antigua-and-barbuda/,0,No,https://unctad.org/page/data-protection-and-privacy-legislation-worldwide,1,Moderate (Office of the Data Protection Commissioner),https://unctad.org/page/data-protection-and-privacy-legislation-worldwide,0,No,https://unctad.org/page/data-protection-and-privacy-legislation-worldwide,1,Legal (sodomy law struck down 2022),https://www.humandignitytrust.org/country-profile/antigua-and-barbuda/; https://ilga.org/ilga-world-maps/,2,No/Annulled,https://ilga.org/ilga-world-maps/,0,No,https://www.unicef.org/antigua-and-barbuda/,2,No (ID required; no biometrics),https://www.gsma.com/solutions-and-impact/connectivity-for-good/public-policy/mobile-policy-handbook/consumer-protection/mandatory-registration-of-prepaid-sims/; https://privacyinternational.org/learn/sim-card-registration
Argentina,ARG,Americas,15,25,10,2026-06-26T19:28:30Z,2025-09-09T09:54:11.130311,1,Draft/Early (Argentina AI Plan announced 2019; follow-up consultations),https://en.unesco.org/artificial-intelligence/observatory/policies?country=AR; https://www.unesco.org/ethics-ai/en/global-hub,2,"In force (Law 25.326, draft bill to align with GDPR 2022)",https://unctad.org/page/data-protection-and-privacy-legislation-worldwide,2,Yes (Minors consent + national COP plan),https://unctad.org/page/data-protection-and-privacy-legislation-worldwide; https://www.unicef.org/argentina/,2,Yes (explicit in law),https://unctad.org/page/data-protection-and-privacy-legislation-worldwide,1,Moderate (AAIP under executive),https://unctad.org/page/data-protection-and-privacy-legislation-worldwide,0,No,https://unctad.org/page/data-protection-and-privacy-legislation-worldwide,2,Equality/Marriage (Equal Marriage Act 2010),https://www.humandignitytrust.org/country-profile/argentina/; https://ilga.org/ilga-world-maps/,2,No/Annulled,https://ilga.org/ilga-world-maps/,1,Partial (national COP initiatives with UNICEF/ITU),https://www.unicef.org/argentina/,2,No (ID required; no biometrics),https://www.gsma.com/solutions-and-impact/connectivity-for-good/public-policy/mobile-policy-handbook/consumer-protection/mandatory-registration-of-prepaid-sims/; https://privacyinternational.org/learn/sim-card-registration
Armenia,ARM,Asia,8,60,10,2026-06-26T19:28:30Z,2025-09-09T09:54:11.130311,1,Draft/Early (AI strategy development ongoing 2022–2024),https://en.unesco.org/artificial-intelligence/observatory/policies?country=AM; https://www.unesco.org/ethics-ai/en/global-hub,2,In force (Law on Personal Data Protection 2015),https://unctad.org/page/data-protection-and-privacy-legislation-worldwide,1,Partial (general child protection; no explicit COP),https://unctad.org/page/data-protection-and-privacy-legislation-worldwide; https://www.unicef.org/armenia/,0,No (sexual orientation not in sensitive categories),https://unctad.org/page/data-protection-and-privacy-legislation-worldwide,0,Weak (Commissioner under Ministry of Justice),https://unctad.org/page/data-protection-and-privacy-legislation-worldwide,0,No,https://unctad.org/page/data-protection-and-privacy-legislation-worldwide,0,Legal (no criminalisation; no recognition),https://www.humandignitytrust.org/country-profile/armenia/; https://ilga.org/ilga-world-maps/,2,No/Annulled,https://ilga.org/ilga-world-maps/,0,No,https://www.unicef.org/armenia/,2,"No (passport/ID for SIM, no biometrics)",https://www.gsma.com/solutions-and-impact/connectivity-for-good/public-policy/mobile-policy-handbook/consumer-protection/mandatory-registration-of-prepaid-sims/; https://privacyinternational.org/learn/sim-card-registration
Australia,AUS,Oceania,19,5,10,2026-06-26T19:28:30Z,2025-09-09T09:54:11.130311,2,Adopted (AI Ethics Principles 2019; Responsible AI Action Plan 2021; NACC emerging strategy),https://en.unesco.org/artificial-intelligence/observatory/policies?country=AU; https://www.unesco.org/ethics-ai/en/global-hub,2,In force (Privacy Act 1988; ongoing reform to strengthen alignment with GDPR),https://unctad.org/page/data-protection-and-privacy-legislation-worldwide,2,Yes (Online Safety Act 2021; eSafety Commissioner),https://unctad.org/page/data-protection-and-privacy-legislation-worldwide; https://www.unicef.org/australia/,2,Yes (sensitive information includes sexual orientation),https://unctad.org/page/data-protection-and-privacy-legislation-worldwide,2,Strong/Independent (OAIC),https://unctad.org/page/data-protection-and-privacy-legislation-worldwide,1,"Partial (Privacy Impact Assessments recommended, not mandatory)",https://unctad.org/page/data-protection-and-privacy-legislation-worldwide,2,Equality/Marriage (Marriage Act amended 2017),https://www.humandignitytrust.org/country-profile/australia/; https://ilga.org/ilga-world-maps/,2,No/Annulled,https://ilga.org/ilga-world-maps/,2,Yes (national COP plan led by eSafety),https://www.unicef.org/australia/,2,"No (ID required, no biometrics)",https://www.gsma.com/solutions-and-impact/connectivity-for-good/public-policy/mobile-policy-handbook/consumer-protection/mandatory-registration-of-prepaid-sims/; https://privacyinternational.org/learn/sim-card-registration
Austria,AUT,Europe,19,5,10,2026-06-26T19:28:30Z,2025-09-09T09:54:11.130311,2,Adopted (Austrian AI Strategy 2021; aligned with EU AI Act developments),https://en.unesco.org/artificial-intelligence/observatory/policies?country=AT; https://www.unesco.org/ethics-ai/en/global-hub,2,In force (DSG 2000; GDPR-based),https://unctad.org/page/data-protection-and-privacy-legislation-worldwide,2,Yes (child consent + EU COP initiatives),https://unctad.org/page/data-protection-and-privacy-legislation-worldwide; https://www.unicef.org/austria/,2,Yes (GDPR scope),https://unctad.org/page/data-protection-and-privacy-legislation-worldwide,2,Strong/Independent (DSB),https://unctad.org/page/data-protection-and-privacy-legislation-worldwide,2,Yes (GDPR Art. 35 DPIA),https://gdpr-info.eu/art-35-gdpr/,2,Equality/Marriage (2019 Constitutional Court ruling),https://www.humandignitytrust.org/country-profile/austria/; https://ilga.org/ilga-world-maps/,2,No/Annulled,https://ilga.org/ilga-world-maps/,1,Partial (child protection integrated in digital strategy),https://www.unicef.org/austria/,2,"No (ID required, no biometrics)",https://www.gsma.com/solutions-and-impact/connectivity-for-good/public-policy/mobile-policy-handbook/consumer-protection/mandatory-registration-of-prepaid-sims/; https://privacyinternational.org/learn/sim-card-registration
Azerbaijan,AZE,Asia,6,70,10,2026-06-26T19:28:30Z,2025-09-09T09:54:11.130311,1,"Draft/Early (AI strategy under preparation, ICT strategy 2021 references AI)",https://en.unesco.org/artificial-intelligence/observatory/policies?country=AZ; https://www.unesco.org/ethics-ai/en/global-hub,2,In force (Law on Personal Data 2010; amendments 2021),https://unctad.org/page/data-protection-and-privacy-legislation-worldwide,1,"Partial (general child rights code, no COP strategy)",https://unctad.org/page/data-protection-and-privacy-legislation-worldwide; https://www.unicef.org/azerbaijan/,0,No (orientation not in sensitive categories),https://unctad.org/page/data-protection-and-privacy-legislation-worldwide,0,Weak (supervision under executive ministry),https://unctad.org/page/data-protection-and-privacy-legislation-worldwide,0,No,https://unctad.org/page/data-protection-and-privacy-legislation-worldwide,0,Legal (no criminalisation; no recognition),https://www.humandignitytrust.org/country-profile/azerbaijan/; https://ilga.org/ilga-world-maps/,2,No/Annulled,https://ilga.org/ilga-world-maps/,0,No,https://www.unicef.org/azerbaijan/,0,Yes (mandatory SIM registration with ID and biometric linkage in practice),https://www.gsma.com/solutions-and-impact/connectivity-for-good/public-policy/mobile-policy-handbook/consumer-protection/mandatory-registration-of-prepaid-sims/; https://privacyinternational.org/learn/sim-card-registration
Bahamas,BHS,Americas,8,60,10,2026-06-26T19:28:30Z,2025-09-09T09:54:11.130311,0,None (no AI strategy identified),https://en.unesco.org/artificial-intelligence/observatory/policies?country=BS; https://www.unesco.org/ethics-ai/en/global-hub,2,In force (Data Protection (Privacy of Personal Information) Act 2003),https://unctad.org/page/data-protection-and-privacy-legislation-worldwide,1,Partial (Child Protection Act; no COP strategy),https://unctad.org/page/data-protection-and-privacy-legislation-worldwide; https://www.unicef.org/bahamas/,0,No,https://unctad.org/page/data-protection-and-privacy-legislation-worldwide,1,Moderate (Data Protection Commissioner under executive),https://unctad.org/page/data-protection-and-privacy-legislation-worldwide,0,No,https://unctad.org/page/data-protection-and-privacy-legislation-worldwide,0,"Criminalised (same-sex conduct criminalised, not enforced)",https://www.humandignitytrust.org/country-profile/bahamas/; https://ilga.org/ilga-world-maps/,2,No/Annulled,https://ilga.org/ilga-world-maps/,0,No,https://www.unicef.org/bahamas/,2,No (ID required; no biometrics),https://www.gsma.com/solutions-and-impact/connectivity-for-good/public-policy/mobile-policy-handbook/consumer-protection/mandatory-registration-of-prepaid-sims/; https://privacyinternational.org/learn/sim-card-registration
Bahrain,BHR,Asia,5,75,10,2026-06-26T19:28:30Z,2025-09-09T09:54:11.130311,1,Draft/Early (AI initiatives in ICT strategy; no standalone AI strategy),https://en.unesco.org/artificial-intelligence/observatory/policies?country=BH; https://www.unesco.org/ethics-ai/en/global-hub,2,In force (Law No. 30 of 2018 on Personal Data Protection),https://unctad.org/page/data-protection-and-privacy-legislation-worldwide,1,Partial (general child protection law; no COP strategy),https://unctad.org/page/data-protection-and-privacy-legislation-worldwide; https://www.unicef.org/bahrain/,0,No,https://unctad.org/page/data-protection-and-privacy-legislation-worldwide,1,Moderate (Personal Data Protection Authority under Ministry of Justice),https://unctad.org/page/data-protection-and-privacy-legislation-worldwide,0,No,https://unctad.org/page/data-protection-and-privacy-legislation-worldwide,0,Criminalised,https://www.humandignitytrust.org/country-profile/bahrain/; https://ilga.org/ilga-world-maps/,0,Yes (penal code provisions criminalising promotion of homosexuality),https://ilga.org/ilga-world-maps/,0,No,https://www.unicef.org/bahrain/,0,Yes (mandatory biometric SIM registration),https://www.gsma.com/solutions-and-impact/connectivity-for-good/public-policy/mobile-policy-handbook/consumer-protection/mandatory-registration-of-prepaid-sims/; https://privacyinternational.org/learn/sim-card-registration
Bangladesh,BGD,Asia,7,65,10,2026-06-26T19:28:30Z,2025-09-09T09:54:11.130311,1,Draft/Early (AI policy consultations ongoing; AI in Digital Bangladesh agenda),https://en.unesco.org/artificial-intelligence/observatory/policies?country=BD; https://www.unesco.org/ethics-ai/en/global-hub,2,"Draft (Data Protection Act not yet enacted, under consultation 2023–2024)",https://unctad.org/page/data-protection-and-privacy-legislation-worldwide,1,Partial (ICT Child Online Protection strategy via BTRC),https://unctad.org/page/data-protection-and-privacy-legislation-worldwide; https://www.unicef.org/bangladesh/,0,No,https://unctad.org/page/data-protection-and-privacy-legislation-worldwide,2,"Weak (no independent DPA, regulator BTRC under government)",https://unctad.org/page/data-protection-and-privacy-legislation-worldwide,0,No,https://unctad.org/page/data-protection-and-privacy-legislation-worldwide,0,Criminalised (Section 377 in Penal Code),https://www.humandignitytrust.org/country-profile/bangladesh/; https://ilga.org/ilga-world-maps/,0,Yes (Digital Security Act used to target LGBTQ expression),https://ilga.org/ilga-world-maps/,1,Partial (BTRC COP strategy with ITU/UNICEF support),https://www.unicef.org/bangladesh/,0,"Yes (mandatory biometric SIM registration, fingerprints required)",https://www.gsma.com/solutions-and-impact/connectivity-for-good/public-policy/mobile-policy-handbook/consumer-protection/mandatory-registration-of-prepaid-sims/; https://privacyinternational.org/learn/sim-card-registration
Barbados,BRB,Americas,10,50,10,2026-06-26T19:28:30Z,2025-09-09T09:54:11.130311,1,Draft/Early (AI elements in Digital Strategy 2021–2026),https://en.unesco.org/artificial-intelligence/observatory/policies?country=BB; https://www.unesco.org/ethics-ai/en/global-hub,2,"In force (Data Protection Act 2019, in force 2021)",https://unctad.org/page/data-protection-and-privacy-legislation-worldwide,1,Partial (Child Protection Act; no national COP strategy),https://unctad.org/page/data-protection-and-privacy-legislation-worldwide; https://www.unicef.org/barbados/,0,No (not explicit in law),https://unctad.org/page/data-protection-and-privacy-legislation-worldwide,1,Moderate (Data Protection Commissioner established),https://unctad.org/page/data-protection-and-privacy-legislation-worldwide,0,No,https://unctad.org/page/data-protection-and-privacy-legislation-worldwide,1,Legal (High Court struck down sodomy law 2022),https://www.humandignitytrust.org/country-profile/barbados/; https://ilga.org/ilga-world-maps/,2,No/Annulled,https://ilga.org/ilga-world-maps/,0,No,https://www.unicef.org/barbados/,2,No (ID required; no biometrics),https://www.gsma.com/solutions-and-impact/connectivity-for-good/public-policy/mobile-policy-handbook/consumer-protection/mandatory-registration-of-prepaid-sims/; https://privacyinternational.org/learn/sim-card-registration
Belarus,BLR,Europe,4,80,10,2026-06-26T19:28:30Z,2025-09-09T09:54:11.130311,1,Draft/Early (AI included in Digital Economy initiatives; no dedicated strategy),https://en.unesco.org/artificial-intelligence/observatory/policies?country=BY; https://www.unesco.org/ethics-ai/en/global-hub,2,In force (Law on Personal Data Protection 2021),https://unctad.org/page/data-protection-and-privacy-legislation-worldwide,1,Partial (Child Rights Code; no COP strategy),https://unctad.org/page/data-protection-and-privacy-legislation-worldwide; https://www.unicef.org/belarus/,0,No (orientation not listed),https://unctad.org/page/data-protection-and-privacy-legislation-worldwide,0,Weak (supervisory authority under executive),https://unctad.org/page/data-protection-and-privacy-legislation-worldwide,0,No,https://unctad.org/page/data-protection-and-privacy-legislation-worldwide,0,"Criminalised (no recognition, state repression)",https://www.humandignitytrust.org/country-profile/belarus/; https://ilga.org/ilga-world-maps/,0,Yes (laws against LGBT propaganda),https://ilga.org/ilga-world-maps/,0,No,https://www.unicef.org/belarus/,0,Yes (SIM registration tied to national ID; biometric KYC expanding),https://www.gsma.com/solutions-and-impact/connectivity-for-good/public-policy/mobile-policy-handbook/consumer-protection/mandatory-registration-of-prepaid-sims/; https://privacyinternational.org/learn/sim-card-registration
Belgium,BEL,Europe,19,5,10,2026-06-26T19:28:30Z,2025-09-09T09:54:11.130311,2,Adopted (AI4Belgium Strategy 2019; EU AI Act alignment),https://en.unesco.org/artificial-intelligence/observatory/policies?country=BE; https://www.unesco.org/ethics-ai/en/global-hub,2,In force (GDPR; Belgian Data Protection Act 2018),https://unctad.org/page/data-protection-and-privacy-legislation-worldwide,2,Yes (GDPR + COP initiatives with EU/UNICEF),https://unctad.org/page/data-protection-and-privacy-legislation-worldwide; https://www.unicef.org/belgium/,2,Yes (GDPR scope),https://unctad.org/page/data-protection-and-privacy-legislation-worldwide,2,Strong/Independent (APD/GBA),https://unctad.org/page/data-protection-and-privacy-legislation-worldwide,2,Yes (GDPR Art. 35 DPIA),https://gdpr-info.eu/art-35-gdpr/,2,Equality/Marriage (legal since 2003),https://www.humandignitytrust.org/country-profile/belgium/; https://ilga.org/ilga-world-maps/,2,No/Annulled,https://ilga.org/ilga-world-maps/,1,Partial (national COP actions under EU programs),https://www.unicef.org/belgium/,2,No (ID required; no biometrics),https://www.gsma.com/solutions-and-impact/connectivity-for-good/public-policy/mobile-policy-handbook/consumer-protection/mandatory-registration-of-prepaid-sims/; https://privacyinternational.org/learn/sim-card-registration
Belize,BLZ,Americas,10,50,10,2026-06-26T19:28:30Z,2025-09-09T09:54:11.130311,0,None (no AI strategy identified),https://en.unesco.org/artificial-intelligence/observatory/policies?country=BZ; https://www.unesco.org/ethics-ai/en/global-hub,2,Draft (Data Protection Bill pending; no enacted law),https://unctad.org/page/data-protection-and-privacy-legislation-worldwide,1,Partial (Child Protection Act; no COP strategy),https://unctad.org/page/data-protection-and-privacy-legislation-worldwide; https://www.unicef.org/belize/,0,No,https://unctad.org/page/data-protection-and-privacy-legislation-worldwide,2,Weak (no independent DPA yet),https://unctad.org/page/data-protection-and-privacy-legislation-worldwide,0,No,https://unctad.org/page/data-protection-and-privacy-legislation-worldwide,1,Legal (sodomy law struck down 2016),https://www.humandignitytrust.org/country-profile/belize/; https://ilga.org/ilga-world-maps/,2,No/Annulled,https://ilga.org/ilga-world-maps/,0,No,https://www.unicef.org/belize/,2,No (ID required; no biometrics),https://www.gsma.com/solutions-and-impact/connectivity-for-good/public-policy/mobile-policy-handbook/consumer-protection/mandatory-registration-of-prepaid-sims/; https://privacyinternational.org/learn/sim-card-registration
Benin,BEN,Africa,7,65,10,2026-06-26T19:28:30Z,2025-09-09T09:54:11.130311,1,Draft/Early (AI policy referenced in Digital Strategy 2021),"UNESCO AI Policy Observatory, accessed 2026-01-25",2,In force (Law No. 2009-09 on Personal Data Protection),"UNCTAD Data Protection Tracker, accessed 2026-01-25",1,Partial (Child Code; no national COP strategy),https://unctad.org/page/data-protection-and-privacy-legislation-worldwide; https://www.unicef.org/benin/,0,No,https://unctad.org/page/data-protection-and-privacy-legislation-worldwide,1,Moderate (APDP operational),https://unctad.org/page/data-protection-and-privacy-legislation-worldwide,0,No,https://unctad.org/page/data-protection-and-privacy-legislation-worldwide,0,Legal (no criminalisation; no recognition),https://www.humandignitytrust.org/country-profile/benin/; https://ilga.org/ilga-world-maps/,2,No/Annulled,https://ilga.org/ilga-world-maps/,0,No,https://www.unicef.org/benin/,0,Yes (SIM biometric registration required),https://www.gsma.com/solutions-and-impact/connectivity-for-good/public-policy/mobile-policy-handbook/consumer-protection/mandatory-registration-of-prepaid-sims/; https://privacyinternational.org/learn/sim-card-registration
Bhutan,BTN,Asia,8,60,10,2026-06-26T19:28:30Z,2025-09-09T09:54:11.130311,1,Draft/Early (AI in Digital Drukyul flagship programs; consultations ongoing),https://en.unesco.org/artificial-intelligence/observatory/policies?country=BT; https://www.unesco.org/ethics-ai/en/global-hub,2,Draft (no comprehensive DP law; draft ICT laws cover some aspects),https://unctad.org/page/data-protection-and-privacy-legislation-worldwide,1,Partial (Child Care and Protection Act 2011; no COP strategy),https://unctad.org/page/data-protection-and-privacy-legislation-worldwide; https://www.unicef.org/bhutan/,0,No,https://unctad.org/page/data-protection-and-privacy-legislation-worldwide,2,Weak (no independent DPA),https://unctad.org/page/data-protection-and-privacy-legislation-worldwide,0,No,https://unctad.org/page/data-protection-and-privacy-legislation-worldwide,0,Legal (same-sex relations decriminalised 2021),https://www.humandignitytrust.org/country-profile/bhutan/; https://ilga.org/ilga-world-maps/,2,No/Annulled,https://ilga.org/ilga-world-maps/,0,No,https://www.unicef.org/bhutan/,0,Yes (mandatory biometric SIM registration introduced 2018),https://www.gsma.com/solutions-and-impact/connectivity-for-good/public-policy/mobile-policy-handbook/consumer-protection/mandatory-registration-of-prepaid-sims/; https://privacyinternational.org/learn/sim-card-registration
Bolivia (Plurinational State of),BOL,Americas,7,65,10,2026-06-26T19:28:30Z,2025-09-09T09:54:11.130311,1,Draft/Early (AI mentioned in national digital economy agendas; no standalone strategy),https://www.unesco.org/ethics-ai/en/global-hub,2,Draft (Personal Data Protection Bill 2021; not yet enacted),https://unctad.org/page/data-protection-and-privacy-legislation-worldwide,1,Partial (Child Code; no COP strategy),https://unctad.org/page/data-protection-and-privacy-legislation-worldwide; https://www.unicef.org/bolivia-plurinational-state-of/,0,No,https://unctad.org/page/data-protection-and-privacy-legislation-worldwide,0,Weak (no operational DPA),https://unctad.org/page/data-protection-and-privacy-legislation-worldwide,0,No,https://unctad.org/page/data-protection-and-privacy-legislation-worldwide,1,Legal (same-sex sexual acts legal; no recognition of unions),https://www.humandignitytrust.org/country-profile/bolivia-plurinational-state-of/; https://ilga.org/ilga-world-maps/,2,No/Annulled,https://ilga.org/ilga-world-maps/,0,No,https://www.unicef.org/bolivia-plurinational-state-of/,0,Yes (biometric SIM registration required),https://www.gsma.com/solutions-and-impact/connectivity-for-good/public-policy/mobile-policy-handbook/consumer-protection/mandatory-registration-of-prepaid-sims/; https://privacyinternational.org/learn/sim-card-registration
Bosnia and Herzegovina,BIH,Europe,10,50,10,2026-06-26T19:28:30Z,2025-09-09T09:54:11.130311,1,"Draft/Early (AI Strategy development aligned with EU AI Act, draft 2023)",https://en.unesco.org/artificial-intelligence/observatory/policies?country=BA; https://www.unesco.org/ethics-ai/en/global-hub,2,In force (Law on Protection of Personal Data 2006; EU alignment ongoing),https://unctad.org/page/data-protection-and-privacy-legislation-worldwide,1,Partial (child protection laws; no national COP strategy),https://unctad.org/page/data-protection-and-privacy-legislation-worldwide; https://www.unicef.org/bosnia-and-herzegovina/,0,No (orientation not explicit in sensitive categories),https://unctad.org/page/data-protection-and-privacy-legislation-worldwide,1,Moderate (Personal Data Protection Agency of Bosnia and Herzegovina),https://unctad.org/page/data-protection-and-privacy-legislation-worldwide,0,No (DPIA not mandated),https://unctad.org/page/data-protection-and-privacy-legislation-worldwide,2,Legal (no criminalisation; no marriage equality),https://www.humandignitytrust.org/country-profile/bosnia-and-herzegovina/; https://ilga.org/ilga-world-maps/,2,No/Annulled,https://ilga.org/ilga-world-maps/,1,Partial (regional COP cooperation with EU/UNICEF),https://www.unicef.org/bosnia-and-herzegovina/,0,"Yes (SIM card registration linked to ID, biometric expansion in progress)",https://www.gsma.com/solutions-and-impact/connectivity-for-good/public-policy/mobile-policy-handbook/consumer-protection/mandatory-registration-of-prepaid-sims/; https://privacyinternational.org/learn/sim-card-registration
Brazil,BRA,Americas,16,20,10,2026-06-26T19:28:30Z,2025-09-09T09:54:11.130311,2,Adopted (Brazilian AI Strategy E-Digital 2021; updated in 2022),https://en.unesco.org/artificial-intelligence/observatory/policies?country=BR; https://www.unesco.org/ethics-ai/en/global-hub,2,"In force (Lei Geral de Proteção de Dados – LGPD, Law No. 13.709/2018)",https://unctad.org/page/data-protection-and-privacy-legislation-worldwide,2,Yes (LGPD + Child and Adolescent Statute protections),https://unctad.org/page/data-protection-and-privacy-legislation-worldwide; https://www.unicef.org/brazil/,2,Yes (explicitly includes sexual orientation),https://unctad.org/page/data-protection-and-privacy-legislation-worldwide,1,"Moderate (ANPD created under Presidency, autonomy strengthened 2022)",https://unctad.org/page/data-protection-and-privacy-legislation-worldwide,2,Yes (LGPD Art. 38 DPIA requirement),https://unctad.org/page/data-protection-and-privacy-legislation-worldwide,2,Equality/Marriage (same-sex marriage legal since 2013),https://www.humandignitytrust.org/country-profile/brazil/; https://ilga.org/ilga-world-maps/,2,No/Annulled,https://ilga.org/ilga-world-maps/,1,Partial (programs with SaferNet and ITU; no unified COP strategy),https://www.unicef.org/brazil/,0,Yes (biometric SIM registration increasingly required with facial/biometric KYC),https://www.gsma.com/solutions-and-impact/connectivity-for-good/public-policy/mobile-policy-handbook/consumer-protection/mandatory-registration-of-prepaid-sims/; https://privacyinternational.org/learn/sim-card-registration
Brunei Darussalam,BRN,Asia,6,70,10,2026-06-26T19:28:30Z,2025-09-09T09:54:11.130311,0,None (no AI strategy identified),https://en.unesco.org/artificial-intelligence/observatory/policies?country=BN; https://www.unesco.org/ethics-ai/en/global-hub,2,Draft (no comprehensive DP law; sectoral provisions only),https://unctad.org/page/data-protection-and-privacy-legislation-worldwide,1,Partial (Child Online Protection Framework 2014; ICTD programs),https://unctad.org/page/data-protection-and-privacy-legislation-worldwide; https://www.unicef.org/brunei-darussalam/,0,No,https://unctad.org/page/data-protection-and-privacy-legislation-worldwide,2,Weak (no independent DPA),https://unctad.org/page/data-protection-and-privacy-legislation-worldwide,0,No,https://unctad.org/page/data-protection-and-privacy-legislation-worldwide,0,Criminalised (Sharia Penal Code criminalises same-sex conduct),https://www.humandignitytrust.org/country-profile/brunei-darussalam/; https://ilga.org/ilga-world-maps/,0,Yes (bans on LGBT promotion under morality laws),https://ilga.org/ilga-world-maps/,1,Partial (COP framework with ITU/ASEAN),https://www.unicef.org/brunei-darussalam/,0,Yes (mandatory biometric SIM registration required),https://www.gsma.com/solutions-and-impact/connectivity-for-good/public-policy/mobile-policy-handbook/consumer-protection/mandatory-registration-of-prepaid-sims/; https://privacyinternational.org/learn/sim-card-registration
Bulgaria,BGR,Europe,19,5,10,2026-06-26T19:28:30Z,2025-09-09T09:54:11.130311,2,Adopted (National AI Development Concept 2020; EU AI Act alignment),https://en.unesco.org/artificial-intelligence/observatory/policies?country=BG; https://www.unesco.org/ethics-ai/en/global-hub,2,"In force (GDPR + Bulgarian PDPA 2002, amended 2018)",https://unctad.org/page/data-protection-and-privacy-legislation-worldwide,2,Yes (GDPR Art. 8 consent age 14; EU COP initiatives),https://unctad.org/page/data-protection-and-privacy-legislation-worldwide; https://www.unicef.org/bulgaria/,2,Yes (GDPR scope),https://unctad.org/page/data-protection-and-privacy-legislation-worldwide,2,Strong/Independent (CPDP),https://unctad.org/page/data-protection-and-privacy-legislation-worldwide,2,Yes (GDPR Art. 35 DPIA),https://gdpr-info.eu/art-35-gdpr/,2,"Legal (no criminalisation; no marriage equality, civil unions not recognised)",https://www.humandignitytrust.org/country-profile/bulgaria/; https://ilga.org/ilga-world-maps/,2,No/Annulled,https://ilga.org/ilga-world-maps/,1,Partial (EU/UNICEF COP projects; no national strategy),https://www.unicef.org/bulgaria/,2,No (ID required; no biometrics),https://www.gsma.com/solutions-and-impact/connectivity-for-good/public-policy/mobile-policy-handbook/consumer-protection/mandatory-registration-of-prepaid-sims/; https://privacyinternational.org/learn/sim-card-registration
Burkina Faso,BFA,Africa,7,65,10,2026-06-26T19:28:30Z,2025-09-09T09:54:11.130311,0,None (no AI strategy identified),https://en.unesco.org/artificial-intelligence/observatory/policies?country=BF; https://www.unesco.org/ethics-ai/en/global-hub,2,In force (Law No. 001-2021/AN on Personal Data Protection),https://unctad.org/page/data-protection-and-privacy-legislation-worldwide,1,Partial (Child Protection Code; no COP strategy),https://unctad.org/page/data-protection-and-privacy-legislation-worldwide; https://www.unicef.org/burkina-faso/,0,No,https://unctad.org/page/data-protection-and-privacy-legislation-worldwide,2,Moderate (CIL created as independent authority),https://unctad.org/page/data-protection-and-privacy-legislation-worldwide,0,No,https://unctad.org/page/data-protection-and-privacy-legislation-worldwide,0,Legal (same-sex relations not criminalised; no recognition),https://www.humandignitytrust.org/country-profile/burkina-faso/; https://ilga.org/ilga-world-maps/,2,No/Annulled,https://ilga.org/ilga-world-maps/,0,No,https://www.unicef.org/burkina-faso/,0,Yes (SIM biometric registration mandatory),https://www.gsma.com/solutions-and-impact/connectivity-for-good/public-policy/mobile-policy-handbook/consumer-protection/mandatory-registration-of-prepaid-sims/; https://privacyinternational.org/learn/sim-card-registration
Burundi,BDI,Africa,5,75,10,2026-06-26T19:28:30Z,2025-09-09T09:54:11.130311,0,None (no AI strategy identified),https://en.unesco.org/artificial-intelligence/observatory/policies?country=BI; https://www.unesco.org/ethics-ai/en/global-hub,2,None (no comprehensive data protection law),https://unctad.org/page/data-protection-and-privacy-legislation-worldwide,1,Partial (Child Protection Code; no COP strategy),https://unctad.org/page/data-protection-and-privacy-legislation-worldwide; https://www.unicef.org/burundi/,0,No,https://unctad.org/page/data-protection-and-privacy-legislation-worldwide,2,Weak (no independent DPA),https://unctad.org/page/data-protection-and-privacy-legislation-worldwide,0,No,https://unctad.org/page/data-protection-and-privacy-legislation-worldwide,0,Criminalised (same-sex acts illegal under Penal Code),https://www.humandignitytrust.org/country-profile/burundi/; https://ilga.org/ilga-world-maps/,0,Yes (restrictions under Penal Code),https://ilga.org/ilga-world-maps/,0,No,https://www.unicef.org/burundi/,0,Yes (biometric SIM registration required),https://www.gsma.com/solutions-and-impact/connectivity-for-good/public-policy/mobile-policy-handbook/consumer-protection/mandatory-registration-of-prepaid-sims/; https://privacyinternational.org/learn/sim-card-registration
Cabo Verde,CPV,Africa,7,65,10,2026-06-26T19:28:30Z,2025-09-09T09:54:11.130311,1,Draft/Early (AI elements in Digital Strategy 2021–2030),https://en.unesco.org/artificial-intelligence/observatory/policies?country=CV; https://www.unesco.org/ethics-ai/en/global-hub,2,"In force (Law No. 133/V/2001, updated 2013)","UNCTAD Data Protection Tracker, accessed 2026-01-25",1,Partial (Child and Adolescent Code; no COP strategy),https://unctad.org/page/data-protection-and-privacy-legislation-worldwide; https://www.unicef.org/cabo-verde/,0,No (not explicitly in law),https://unctad.org/page/data-protection-and-privacy-legislation-worldwide,1,Moderate (CNPD created as authority),https://unctad.org/page/data-protection-and-privacy-legislation-worldwide,0,No,https://unctad.org/page/data-protection-and-privacy-legislation-worldwide,0,Legal (same-sex relations decriminalised 2004; no recognition),"ILGA World Maps, accessed 2026-01-25",2,No/Annulled,https://ilga.org/ilga-world-maps/,0,No,https://www.unicef.org/cabo-verde/,0,Yes (SIM registration with ID and biometric data required),https://www.gsma.com/solutions-and-impact/connectivity-for-good/public-policy/mobile-policy-handbook/consumer-protection/mandatory-registration-of-prepaid-sims/; https://privacyinternational.org/learn/sim-card-registration
Cambodia,KHM,Asia,11,45,10,2026-06-26T19:28:30Z,2025-09-09T09:54:11.130311,1,Draft/Early (AI referenced in Digital Government Policy 2022–2035; no dedicated AI strategy),https://en.unesco.org/artificial-intelligence/observatory/policies?country=KH; https://www.unesco.org/ethics-ai/en/global-hub,2,Draft (Personal Data Protection Law under development),https://unctad.org/page/data-protection-and-privacy-legislation-worldwide,1,Partial (Child Protection laws; no dedicated COP strategy),https://unctad.org/page/data-protection-and-privacy-legislation-worldwide; https://www.unicef.org/cambodia/,0,No,https://unctad.org/page/data-protection-and-privacy-legislation-worldwide,2,Weak (no independent DPA established yet),https://unctad.org/page/data-protection-and-privacy-legislation-worldwide,0,No,https://unctad.org/page/data-protection-and-privacy-legislation-worldwide,2,Legal (same-sex sexual acts legal; no recognition of marriage),https://www.humandignitytrust.org/country-profile/cambodia/; https://ilga.org/ilga-world-maps/,2,No/Annulled,https://ilga.org/ilga-world-maps/,1,Partial (cooperation with ITU/UNICEF on COP initiatives),https://www.unicef.org/cambodia/,0,Yes (biometric SIM registration required),https://www.gsma.com/solutions-and-impact/connectivity-for-good/public-policy/mobile-policy-handbook/consumer-protection/mandatory-registration-of-prepaid-sims/; https://privacyinternational.org/learn/sim-card-registration
Cameroon,CMR,Africa,5,75,10,2026-06-26T19:28:30Z,2025-09-09T09:54:11.130311,0,None (no AI strategy identified),https://en.unesco.org/artificial-intelligence/observatory/policies?country=CM; https://www.unesco.org/ethics-ai/en/global-hub,2,In force (Law No. 2010/012 on Cybersecurity and Cybercrime),"UNCTAD Data Protection Tracker, accessed 2026-01-25",1,Partial (Child Protection Code; no COP strategy),https://unctad.org/page/data-protection-and-privacy-legislation-worldwide; https://www.unicef.org/cameroon/,0,No,https://unctad.org/page/data-protection-and-privacy-legislation-worldwide,2,Weak (no independent DPA; MINPOSTEL oversees data issues),https://unctad.org/page/data-protection-and-privacy-legislation-worldwide,0,No,https://unctad.org/page/data-protection-and-privacy-legislation-worldwide,0,Criminalised (Penal Code criminalises same-sex conduct),https://www.humandignitytrust.org/country-profile/cameroon/; https://ilga.org/ilga-world-maps/,0,Yes (restrictions in law),https://ilga.org/ilga-world-maps/,0,No,https://www.unicef.org/cameroon/,0,Yes (mandatory biometric SIM registration),https://www.gsma.com/solutions-and-impact/connectivity-for-good/public-policy/mobile-policy-handbook/consumer-protection/mandatory-registration-of-prepaid-sims/; https://privacyinternational.org/learn/sim-card-registration
Canada,CAN,Americas,19,5,10,2026-06-26T19:28:30Z,2025-09-09T09:54:11.130311,2,Adopted (Pan-Canadian AI Strategy 2017; refreshed 2022; AI and Data Act proposed 2022),https://www.tbs-sct.canada.ca/pol/doc-eng.aspx?id=32592 https://www.canada.ca/en/government/system/digital-government/digital-government-innovations/responsible-use-ai/algorithmic-impact-assessment.html https://www.cifar.ca/ai/pan-canadian-artificial-intelligence-strategy,2,In force (PIPEDA; provincial DP laws; reform bill C-27 pending),https://laws-lois.justice.gc.ca/eng/acts/p-21/ https://laws-lois.justice.gc.ca/eng/acts/p-8.6/ https://www.legisquebec.gouv.qc.ca/en/showdoc/cs/P-39.1 https://www.publicationsduquebec.gouv.qc.ca/fileadmin/Fichiers_client/lois_et_reglements/LoisAnnuelles/en/2021/2021C25A.PDF https://www.qp.alberta.ca/documents/Acts/P06P5.pdf https://www.bclaws.gov.bc.ca/civix/document/id/complete/statreg/03063_01,2,Yes (privacy laws + Digital Charter include child protections),https://www.priv.gc.ca/en/privacy-topics/collecting-personal-information/consent/gl_omc_201805/ https://www.publicationsduquebec.gouv.qc.ca/fileadmin/Fichiers_client/lois_et_reglements/LoisAnnuelles/en/2021/2021C25A.PDF,2,Yes (explicitly covered under human rights and privacy law),https://www.priv.gc.ca/en/privacy-topics/privacy-laws-in-canada/the-personal-information-protection-and-electronic-documents-act-pipeda/pipeda-compliance-help/pipeda-interpretation-bulletins/interpretations_10_sensible/,2,Strong/Independent (Office of the Privacy Commissioner),https://www.priv.gc.ca/en/about-the-opc/who-we-are/ https://www.priv.gc.ca/en/about-the-opc/what-we-do/,1,"Partial (PIAs encouraged, not always mandatory)",https://www.tbs-sct.canada.ca/pol/doc-eng.aspx?id=18308 https://www.priv.gc.ca/en/privacy-topics/privacy-impact-assessments/ https://www.publicationsduquebec.gouv.qc.ca/fileadmin/Fichiers_client/lois_et_reglements/LoisAnnuelles/en/2021/2021C25A.PDF,2,Equality/Marriage (same-sex marriage legal nationwide since 2005),https://laws-lois.justice.gc.ca/eng/acts/c-31.5/ https://laws-lois.justice.gc.ca/eng/acts/h-6/ https://www.parl.ca/DocumentViewer/en/42-1/bill/C-16/royal-assent https://laws-lois.justice.gc.ca/eng/acts/C-46/section-318.html,2,No/Annulled,https://laws-lois.justice.gc.ca/eng/acts/C-46/section-318.html https://laws-lois.justice.gc.ca/eng/acts/C-46/section-319.html https://laws.justice.gc.ca/eng/AnnualStatutes/2021_24/FullText.html,2,Yes (national COP initiatives and CSE programs),https://www.publicsafety.gc.ca/cnt/rsrcs/pblctns/ntnl-strtgy-prtctn-chldrn-sexplttn/index-en.aspx https://www.rcmp-grc.gc.ca/en/national-child-exploitation-crime-centre,2,No (ID required; no biometrics),https://laws-lois.justice.gc.ca/eng/acts/t-3.4/ https://crtc.gc.ca/eng/phone/mobile/codesimpl.htm https://laws-lois.justice.gc.ca/eng/acts/p-8.6/
Central African Republic,CAF,Africa,6,70,10,2026-06-26T19:28:30Z,2025-09-09T09:54:11.130311,0,None (no AI strategy identified),https://en.unesco.org/artificial-intelligence/observatory/policies?country=CF; https://www.unesco.org/ethics-ai/en/global-hub,2,"In force (Law No. 18.007 on Protection of Personal Data, 2018)",https://unctad.org/page/data-protection-and-privacy-legislation-worldwide,1,Partial (Child Protection Code; no COP strategy),https://unctad.org/page/data-protection-and-privacy-legislation-worldwide; https://www.unicef.org/central-african-republic/,0,No,https://unctad.org/page/data-protection-and-privacy-legislation-worldwide,1,Moderate (Data Protection Authority ANPDP established),https://unctad.org/page/data-protection-and-privacy-legislation-worldwide,0,No,https://unctad.org/page/data-protection-and-privacy-legislation-worldwide,0,Legal (same-sex relations not criminalised; no recognition),https://www.humandignitytrust.org/country-profile/central-african-republic/; https://ilga.org/ilga-world-maps/,2,No/Annulled,https://ilga.org/ilga-world-maps/,0,No,https://www.unicef.org/central-african-republic/,0,Yes (mandatory biometric SIM registration),https://www.gsma.com/solutions-and-impact/connectivity-for-good/public-policy/mobile-policy-handbook/consumer-protection/mandatory-registration-of-prepaid-sims/; https://privacyinternational.org/learn/sim-card-registration
Chad,TCD,Africa,4,80,10,2026-06-26T19:28:30Z,2025-09-09T09:54:11.130311,0,None (no AI strategy identified),https://en.unesco.org/artificial-intelligence/observatory/policies?country=TD; https://www.unesco.org/ethics-ai/en/global-hub,2,In force (Law No. 007/PR/2015 on Protection of Personal Data),https://unctad.org/page/data-protection-and-privacy-legislation-worldwide,1,Partial (Child Protection Code; no COP strategy),https://unctad.org/page/data-protection-and-privacy-legislation-worldwide; https://www.unicef.org/chad/,0,No,https://unctad.org/page/data-protection-and-privacy-legislation-worldwide,1,Moderate (ANPDP created as authority),https://unctad.org/page/data-protection-and-privacy-legislation-worldwide,0,No,https://unctad.org/page/data-protection-and-privacy-legislation-worldwide,0,Criminalised (same-sex relations criminalised in Penal Code 2017),https://www.humandignitytrust.org/country-profile/chad/; https://ilga.org/ilga-world-maps/,0,Yes (anti-LGBT provisions),https://ilga.org/ilga-world-maps/,0,No,https://www.unicef.org/chad/,0,Yes (biometric SIM registration required),https://www.gsma.com/solutions-and-impact/connectivity-for-good/public-policy/mobile-policy-handbook/consumer-protection/mandatory-registration-of-prepaid-sims/; https://privacyinternational.org/learn/sim-card-registration
Chile,CHL,Americas,14,30,10,2026-06-26T19:28:30Z,2025-09-09T09:54:11.130311,2,Adopted (National AI Policy 2021),https://en.unesco.org/artificial-intelligence/observatory/policies?country=CL; https://www.unesco.org/ethics-ai/en/global-hub,2,In force (Law No. 19.628 on Protection of Private Life; reform bill pending),https://unctad.org/page/data-protection-and-privacy-legislation-worldwide,1,"Partial (Child protection law; COP initiatives with UNICEF, but no standalone strategy)",https://unctad.org/page/data-protection-and-privacy-legislation-worldwide; https://www.unicef.org/chile/,2,"Yes (sensitive data includes sexual orientation, gender identity in reform bill)",https://unctad.org/page/data-protection-and-privacy-legislation-worldwide,0,Weak (Council for Transparency has limited role; new DPA bill pending),https://unctad.org/page/data-protection-and-privacy-legislation-worldwide,0,No (not mandated yet),https://unctad.org/page/data-protection-and-privacy-legislation-worldwide,2,Equality/Marriage (same-sex marriage legal since 2022),https://www.humandignitytrust.org/country-profile/chile/; https://ilga.org/ilga-world-maps/,2,No/Annulled,https://ilga.org/ilga-world-maps/,1,"Partial (government COP campaigns, UNICEF cooperation)",https://www.unicef.org/chile/,2,"No (SIM requires ID, not biometrics)",https://www.gsma.com/solutions-and-impact/connectivity-for-good/public-policy/mobile-policy-handbook/consumer-protection/mandatory-registration-of-prepaid-sims/; https://privacyinternational.org/learn/sim-card-registration
China,CHN,Asia,10,50,10,2026-06-26T19:28:30Z,2025-09-09T09:54:11.130311,2,Adopted (New Generation AI Development Plan 2017; sectoral AI regulations ongoing),https://en.unesco.org/artificial-intelligence/observatory/policies?country=CN; https://www.unesco.org/ethics-ai/en/global-hub,2,In force (Personal Information Protection Law 2021),https://unctad.org/page/data-protection-and-privacy-legislation-worldwide,1,"Partial (Minors Protection Law; online protections, but no unified COP strategy)",https://unctad.org/page/data-protection-and-privacy-legislation-worldwide; https://www.unicef.org/china/,0,No (not listed in law),https://unctad.org/page/data-protection-and-privacy-legislation-worldwide,0,Weak (Cyberspace Administration of China under State Council),https://unctad.org/page/data-protection-and-privacy-legislation-worldwide,2,Yes (PIPL requires impact assessments for sensitive processing),https://unctad.org/page/data-protection-and-privacy-legislation-worldwide,2,Legal (homosexuality decriminalised 1997; marriage equality not recognised),https://www.humandignitytrust.org/country-profile/china/; https://ilga.org/ilga-world-maps/,0,Yes (censorship laws restrict LGBTQ expression online),https://ilga.org/ilga-world-maps/,1,Partial (child online protections under CAC programs),https://www.unicef.org/china/,0,Yes (mandatory facial biometrics for SIM registration),https://www.gsma.com/solutions-and-impact/connectivity-for-good/public-policy/mobile-policy-handbook/consumer-protection/mandatory-registration-of-prepaid-sims/; https://privacyinternational.org/learn/sim-card-registration
Colombia,COL,Americas,16,20,10,2026-06-26T19:28:30Z,2025-09-09T09:54:11.130311,2,Adopted (National AI Strategy 2019),https://en.unesco.org/artificial-intelligence/observatory/policies?country=CO; https://www.unesco.org/ethics-ai/en/global-hub,2,In force (Law 1581/2012; statutory law on data protection),https://unctad.org/page/data-protection-and-privacy-legislation-worldwide,2,Yes (child data protected under Constitution and Law 1098/2006),https://unctad.org/page/data-protection-and-privacy-legislation-worldwide; https://www.unicef.org/colombia/,2,Yes (explicitly recognised as sensitive data under Law 1581/2012),https://unctad.org/page/data-protection-and-privacy-legislation-worldwide,2,Strong/Independent (Superintendency of Industry and Commerce),https://unctad.org/page/data-protection-and-privacy-legislation-worldwide,0,No (not mandated),https://unctad.org/page/data-protection-and-privacy-legislation-worldwide,2,Equality/Marriage (same-sex marriage recognised 2016),https://www.humandignitytrust.org/country-profile/colombia/; https://ilga.org/ilga-world-maps/,2,No/Annulled,https://ilga.org/ilga-world-maps/,2,Yes (national COP initiatives + UNICEF cooperation),https://www.unicef.org/colombia/,0,Yes (biometric SIM registration required),https://www.gsma.com/solutions-and-impact/connectivity-for-good/public-policy/mobile-policy-handbook/consumer-protection/mandatory-registration-of-prepaid-sims/; https://privacyinternational.org/learn/sim-card-registration
Congo (Republic of the),COG,Africa,4,80,10,2026-06-26T19:28:30Z,2025-09-09T09:54:11.130311,0,None (no AI strategy identified),https://www.unesco.org/ethics-ai/en/global-hub,2,In force (Law No. 29-2019 on Protection of Personal Data),https://unctad.org/page/data-protection-and-privacy-legislation-worldwide,1,Partial (Child Protection laws; no COP strategy),https://unctad.org/page/data-protection-and-privacy-legislation-worldwide; https://www.unicef.org/congo-republic-of-the/,0,No,https://unctad.org/page/data-protection-and-privacy-legislation-worldwide,1,Moderate (CNIL established as data protection authority),https://unctad.org/page/data-protection-and-privacy-legislation-worldwide,0,No,https://unctad.org/page/data-protection-and-privacy-legislation-worldwide,0,Criminalised (Penal Code criminalises same-sex acts),https://www.humandignitytrust.org/country-profile/congo-republic-of-the/; https://ilga.org/ilga-world-maps/,0,Yes (morality law restrictions),https://ilga.org/ilga-world-maps/,0,No,https://www.unicef.org/congo-republic-of-the/,0,Yes (biometric SIM registration required),https://www.gsma.com/solutions-and-impact/connectivity-for-good/public-policy/mobile-policy-handbook/consumer-protection/mandatory-registration-of-prepaid-sims/; https://privacyinternational.org/learn/sim-card-registration
Costa Rica,CRI,Americas,17,15,10,2026-06-26T19:28:30Z,2025-09-09T09:54:11.130311,1,Draft/Early (AI referenced in National Digital Strategy 2022; AI policy in development),https://en.unesco.org/artificial-intelligence/observatory/policies?country=CR; https://www.unesco.org/ethics-ai/en/global-hub,2,"In force (Law 8968 on Protection of Personal Data of Individuals, 2011)",https://unctad.org/page/data-protection-and-privacy-legislation-worldwide,2,Yes (constitutional protections + COP initiatives),https://unctad.org/page/data-protection-and-privacy-legislation-worldwide; https://www.unicef.org/costa-rica/,2,Yes (sensitive data includes sexual orientation under law),https://unctad.org/page/data-protection-and-privacy-legislation-worldwide,2,Moderate (PRODHAB under Ministry of Justice; not fully independent),https://unctad.org/page/data-protection-and-privacy-legislation-worldwide,0,No,https://unctad.org/page/data-protection-and-privacy-legislation-worldwide,2,Equality/Marriage (same-sex marriage legal since 2020),https://www.humandignitytrust.org/country-profile/costa-rica/; https://ilga.org/ilga-world-maps/,2,No/Annulled,https://ilga.org/ilga-world-maps/,2,Yes (national COP programs with UNICEF/ITU),https://www.unicef.org/costa-rica/,2,No (ID required; no biometrics),https://www.gsma.com/solutions-and-impact/connectivity-for-good/public-policy/mobile-policy-handbook/consumer-protection/mandatory-registration-of-prepaid-sims/; https://privacyinternational.org/learn/sim-card-registration
Croatia,HRV,Europe,20,0,10,2026-06-26T19:28:30Z,2025-09-09T09:54:11.130311,2,Adopted (National AI Strategy 2021–2025; aligned with EU AI Act),https://en.unesco.org/artificial-intelligence/observatory/policies?country=HR; https://www.unesco.org/ethics-ai/en/global-hub,2,In force (GDPR; Croatian Act on Implementation of GDPR 2018),https://unctad.org/page/data-protection-and-privacy-legislation-worldwide,2,Yes (EU COP frameworks; national Safer Internet Centre),https://unctad.org/page/data-protection-and-privacy-legislation-worldwide; https://www.unicef.org/croatia/,2,Yes (GDPR scope),https://unctad.org/page/data-protection-and-privacy-legislation-worldwide,2,Strong/Independent (Croatian Personal Data Protection Agency - AZOP),https://unctad.org/page/data-protection-and-privacy-legislation-worldwide,2,Yes (GDPR Art. 35 DPIA requirement),https://gdpr-info.eu/art-35-gdpr/,2,Legal (registered partnerships since 2014; marriage not open),https://www.humandignitytrust.org/country-profile/croatia/; https://ilga.org/ilga-world-maps/,2,No/Annulled,https://ilga.org/ilga-world-maps/,2,"Yes (Safer Internet Centre, EU/UNICEF COP initiatives)",https://www.unicef.org/croatia/,2,"No (ID required, no biometrics)",https://www.gsma.com/solutions-and-impact/connectivity-for-good/public-policy/mobile-policy-handbook/consumer-protection/mandatory-registration-of-prepaid-sims/; https://privacyinternational.org/learn/sim-card-registration
Cuba,CUB,Americas,8,60,10,2026-06-26T19:28:30Z,2025-09-09T09:54:11.130311,1,Draft/Early (AI mentioned in national digitalization policies; no formal strategy),https://en.unesco.org/artificial-intelligence/observatory/policies?country=CU; https://www.unesco.org/ethics-ai/en/global-hub,2,Draft (no comprehensive DP law; constitutional provisions only),https://unctad.org/page/data-protection-and-privacy-legislation-worldwide,1,Partial (Child protection laws; no formal COP strategy),https://unctad.org/page/data-protection-and-privacy-legislation-worldwide; https://www.unicef.org/cuba/,0,No,https://unctad.org/page/data-protection-and-privacy-legislation-worldwide,2,Weak (no independent DPA; state ministries oversee data),https://unctad.org/page/data-protection-and-privacy-legislation-worldwide,0,No,https://unctad.org/page/data-protection-and-privacy-legislation-worldwide,2,Equality/Marriage (same-sex marriage legalized in 2022 Family Code referendum),https://www.humandignitytrust.org/country-profile/cuba/; https://ilga.org/ilga-world-maps/,0,Yes (restrictions on online content remain),https://ilga.org/ilga-world-maps/,0,No,https://www.unicef.org/cuba/,0,Yes (biometric SIM registration required),https://www.gsma.com/solutions-and-impact/connectivity-for-good/public-policy/mobile-policy-handbook/consumer-protection/mandatory-registration-of-prepaid-sims/; https://privacyinternational.org/learn/sim-card-registration
Cyprus,CYP,Europe,20,0,10,2026-06-26T19:28:30Z,2025-09-09T09:54:11.130311,2,Adopted (National AI Strategy 2020; aligned with EU AI Act),https://en.unesco.org/artificial-intelligence/observatory/policies?country=CY; https://www.unesco.org/ethics-ai/en/global-hub,2,In force (GDPR; Cyprus Law 125(I)/2018 on Implementation),https://unctad.org/page/data-protection-and-privacy-legislation-worldwide,2,Yes (COP initiatives via national Safer Internet Centre),https://unctad.org/page/data-protection-and-privacy-legislation-worldwide; https://www.unicef.org/cyprus/,2,Yes (GDPR scope),https://unctad.org/page/data-protection-and-privacy-legislation-worldwide,2,Strong/Independent (Office of the Commissioner for Personal Data Protection),https://unctad.org/page/data-protection-and-privacy-legislation-worldwide,2,Yes (GDPR Art. 35 DPIA requirement),https://gdpr-info.eu/art-35-gdpr/,2,Legal (same-sex civil unions since 2015; marriage not open),https://www.humandignitytrust.org/country-profile/cyprus/; https://ilga.org/ilga-world-maps/,2,No/Annulled,https://ilga.org/ilga-world-maps/,2,Yes (EU/UNICEF COP programs),https://www.unicef.org/cyprus/,2,"No (ID required, no biometrics)",https://www.gsma.com/solutions-and-impact/connectivity-for-good/public-policy/mobile-policy-handbook/consumer-protection/mandatory-registration-of-prepaid-sims/; https://privacyinternational.org/learn/sim-card-registration
Czechia,CZE,Europe,20,0,10,2026-06-26T19:28:30Z,2025-09-09T09:54:11.130311,2,Adopted (National AI Strategy 2019; aligned with EU AI Act),https://en.unesco.org/artificial-intelligence/observatory/policies?country=CZ; https://www.unesco.org/ethics-ai/en/global-hub,2,In force (GDPR; Act No. 110/2019 on Personal Data Processing),https://unctad.org/page/data-protection-and-privacy-legislation-worldwide,2,"Yes (COP protections, Safer Internet Centre, GDPR-based)",https://unctad.org/page/data-protection-and-privacy-legislation-worldwide; https://www.unicef.org/czechia/,2,Yes (GDPR scope),https://unctad.org/page/data-protection-and-privacy-legislation-worldwide,2,Strong/Independent (Office for Personal Data Protection - UOOU),https://unctad.org/page/data-protection-and-privacy-legislation-worldwide,2,Yes (GDPR Art. 35 DPIA requirement),https://gdpr-info.eu/art-35-gdpr/,2,Legal (registered partnerships; marriage not open),https://www.humandignitytrust.org/country-profile/czechia/; https://ilga.org/ilga-world-maps/,2,No/Annulled,https://ilga.org/ilga-world-maps/,2,Yes (EU Safer Internet Centre + UNICEF),https://www.unicef.org/czechia/,2,"No (ID required, no biometrics)",https://www.gsma.com/solutions-and-impact/connectivity-for-good/public-policy/mobile-policy-handbook/consumer-protection/mandatory-registration-of-prepaid-sims/; https://privacyinternational.org/learn/sim-card-registration
Côte d’Ivoire,CIV,Africa,5,75,10,2026-06-26T19:28:30Z,2025-09-09T09:54:11.130311,1,Draft/Early (AI in Digital Plan 2021–2025),https://www.unesco.org/ethics-ai/en/global-hub,2,In force (Law No. 2013-450; ARTCI regulator),https://unctad.org/page/data-protection-and-privacy-legislation-worldwide,1,Partial (laws exist; no national COP strategy),https://unctad.org/page/data-protection-and-privacy-legislation-worldwide; https://www.unicef.org/cote-divoire/,0,No,https://unctad.org/page/data-protection-and-privacy-legislation-worldwide,1,Moderate (ARTCI operational),https://unctad.org/page/data-protection-and-privacy-legislation-worldwide,0,No,https://unctad.org/page/data-protection-and-privacy-legislation-worldwide,0,Criminalised,https://www.humandignitytrust.org/country-profile/cote-divoire/; https://ilga.org/ilga-world-maps/,0,Yes (morality-based restrictions),https://ilga.org/ilga-world-maps/,0,No,https://www.unicef.org/cote-divoire/,0,Yes (mandatory biometric SIM registration),https://www.gsma.com/solutions-and-impact/connectivity-for-good/public-policy/mobile-policy-handbook/consumer-protection/mandatory-registration-of-prepaid-sims/; https://privacyinternational.org/learn/sim-card-registration
Democratic People's Republic of Korea,PRK,Asia,0,100,10,2026-06-26T19:28:30Z,2025-09-09T09:54:11.130311,0,None (no AI strategy),https://en.unesco.org/artificial-intelligence/observatory/policies?country=KP; https://www.unesco.org/ethics-ai/en/global-hub,0,None (state surveillance only),https://unctad.org/page/data-protection-and-privacy-legislation-worldwide,0,No,https://www.unicef.org/democratic-peoples-republic-of-korea/,0,No,https://unctad.org/page/data-protection-and-privacy-legislation-worldwide,0,Weak (no independent authority),https://unctad.org/page/data-protection-and-privacy-legislation-worldwide,0,No,https://unctad.org/page/data-protection-and-privacy-legislation-worldwide,0,Criminalised,https://www.humandignitytrust.org/country-profile/democratic-peoples-republic-of-korea/; https://ilga.org/ilga-world-maps/,0,Yes (censorship laws),https://ilga.org/ilga-world-maps/,0,No,https://www.unicef.org/democratic-peoples-republic-of-korea/,0,Yes (SIMs tightly controlled by state),https://www.gsma.com/solutions-and-impact/connectivity-for-good/public-policy/mobile-policy-handbook/consumer-protection/mandatory-registration-of-prepaid-sims/
Denmark,DNK,Europe,20,0,10,2026-06-26T19:28:30Z,2025-09-09T09:54:11.130311,2,Adopted (National AI Strategy 2019; EU AI Act alignment),https://en.unesco.org/artificial-intelligence/observatory/policies?country=DK; https://www.unesco.org/ethics-ai/en/global-hub,2,In force (GDPR; Data Protection Act 2018),https://unctad.org/page/data-protection-and-privacy-legislation-worldwide,2,Yes (GDPR COP + national programmes),https://unctad.org/page/data-protection-and-privacy-legislation-worldwide; https://www.unicef.org/denmark/,2,Yes (GDPR),https://unctad.org/page/data-protection-and-privacy-legislation-worldwide,2,Strong/Independent,https://unctad.org/page/data-protection-and-privacy-legislation-worldwide,2,Yes (GDPR Art. 35),https://gdpr-info.eu/art-35-gdpr/,2,Equality/Marriage,https://www.humandignitytrust.org/country-profile/denmark/; https://ilga.org/ilga-world-maps/,2,No/Annulled,https://ilga.org/ilga-world-maps/,2,Yes (EU Safer Internet + national initiatives),https://www.unicef.org/denmark/,2,"No (ID required, no biometrics)",https://www.gsma.com/solutions-and-impact/connectivity-for-good/public-policy/mobile-policy-handbook/consumer-protection/mandatory-registration-of-prepaid-sims/; https://privacyinternational.org/learn/sim-card-registration
Djibouti,DJI,Africa,0,100,10,2026-06-26T19:28:30Z,2025-09-09T09:54:11.130311,0,None (no AI strategy),https://en.unesco.org/artificial-intelligence/observatory/policies?country=DJ; https://www.unesco.org/ethics-ai/en/global-hub,0,"Draft (Law on Protection of Personal Data, not yet adopted)",https://unctad.org/page/data-protection-and-privacy-legislation-worldwide,0,No,https://www.unicef.org/djibouti/,0,No,https://unctad.org/page/data-protection-and-privacy-legislation-worldwide,0,Weak (no functioning authority),https://unctad.org/page/data-protection-and-privacy-legislation-worldwide,0,No,https://unctad.org/page/data-protection-and-privacy-legislation-worldwide,0,Criminalised,https://www.humandignitytrust.org/country-profile/djibouti/; https://ilga.org/ilga-world-maps/,0,Yes (morality/public decency restrictions),https://ilga.org/ilga-world-maps/,0,No,https://www.unicef.org/djibouti/,0,Yes (mandatory biometric SIM registration),https://www.gsma.com/solutions-and-impact/connectivity-for-good/public-policy/mobile-policy-handbook/consumer-protection/mandatory-registration-of-prepaid-sims/; https://privacyinternational.org/learn/sim-card-registration
Dominica,DMA,Americas,5,75,10,2026-06-26T19:28:30Z,2025-09-09T09:54:11.130311,0,None (no AI strategy),https://en.unesco.org/artificial-intelligence/observatory/policies?country=DM; https://www.unesco.org/ethics-ai/en/global-hub,0,Draft (no comprehensive law in force),https://unctad.org/page/data-protection-and-privacy-legislation-worldwide,1,Partial (general child rights; no COP law),https://unctad.org/page/data-protection-and-privacy-legislation-worldwide; https://www.unicef.org/dominica/,0,No,https://unctad.org/page/data-protection-and-privacy-legislation-worldwide,0,Weak (no dedicated DPA),https://unctad.org/page/data-protection-and-privacy-legislation-worldwide,0,No,https://unctad.org/page/data-protection-and-privacy-legislation-worldwide,1,"Decriminalised (High Court ruling, 2022)",https://www.humandignitytrust.org/country-profile/dominica/; https://ilga.org/ilga-world-maps/,2,No (no propaganda bans),https://ilga.org/ilga-world-maps/,1,Partial (awareness programs; no national strategy),https://www.unicef.org/dominica/,0,Yes (mandatory SIM registration with ID),https://www.gsma.com/solutions-and-impact/connectivity-for-good/public-policy/mobile-policy-handbook/consumer-protection/mandatory-registration-of-prepaid-sims/
Dominican Republic,DOM,Americas,7,65,10,2026-06-26T19:28:30Z,2025-09-09T09:54:11.130311,1,Draft/Early (elements in Agenda Digital 2030; no standalone AI strategy),https://en.unesco.org/artificial-intelligence/observatory/policies?country=DO; https://www.unesco.org/ethics-ai/en/global-hub,2,"In force (Law No. 172-13 on Personal Data Protection, 2013)",https://unctad.org/page/data-protection-and-privacy-legislation-worldwide,1,Partial (general child rights provisions; no dedicated COP law),https://unctad.org/page/data-protection-and-privacy-legislation-worldwide; https://www.unicef.org/dominican-republic/,0,No,https://unctad.org/page/data-protection-and-privacy-legislation-worldwide,1,Moderate (DPA exists but limited capacity),https://unctad.org/page/data-protection-and-privacy-legislation-worldwide,0,No,https://unctad.org/page/data-protection-and-privacy-legislation-worldwide,1,Legal (no criminalisation; no recognition of partnerships),https://www.humandignitytrust.org/country-profile/dominican-republic/; https://ilga.org/ilga-world-maps/,1,Proposed/Unclear (morality/public decency restrictions),https://ilga.org/ilga-world-maps/,0,No,https://www.unicef.org/dominican-republic/,0,Yes (mandatory SIM registration; biometric ID used),https://www.gsma.com/solutions-and-impact/connectivity-for-good/public-policy/mobile-policy-handbook/consumer-protection/mandatory-registration-of-prepaid-sims/; https://privacyinternational.org/learn/sim-card-registration
Ecuador,ECU,Americas,14,30,10,2026-06-26T19:28:30Z,2025-09-09T09:54:11.130311,1,Draft/Early (national digital agenda; no standalone AI strategy),https://en.unesco.org/artificial-intelligence/observatory/policies?country=EC; https://www.unesco.org/ethics-ai/en/global-hub,2,"In force (Organic Law on Protection of Personal Data, 2021)",https://unctad.org/page/data-protection-and-privacy-legislation-worldwide,2,Yes (explicit COP safeguards in law),https://unctad.org/page/data-protection-and-privacy-legislation-worldwide; https://www.unicef.org/ecuador/,2,Yes (sexual orientation listed as sensitive data),https://unctad.org/page/data-protection-and-privacy-legislation-worldwide,2,Strong/Independent (Superintendence established),https://unctad.org/page/data-protection-and-privacy-legislation-worldwide,2,Yes (DPIAs required under law),https://unctad.org/page/data-protection-and-privacy-legislation-worldwide,2,Equality/Marriage (2019 ruling),https://www.humandignitytrust.org/country-profile/ecuador/; https://ilga.org/ilga-world-maps/,2,No/Annulled,https://ilga.org/ilga-world-maps/,1,Partial (child digital safety initiatives),https://www.unicef.org/ecuador/,0,Yes (SIM registration tied to national ID),https://www.gsma.com/solutions-and-impact/connectivity-for-good/public-policy/mobile-policy-handbook/consumer-protection/mandatory-registration-of-prepaid-sims/
Egypt,EGY,Africa,6,70,10,2026-06-26T19:28:30Z,2025-09-09T09:54:11.130311,2,"Adopted (National AI Strategy, 2021)",https://en.unesco.org/artificial-intelligence/observatory/policies?country=EG; https://www.unesco.org/ethics-ai/en/global-hub,2,"In force (Personal Data Protection Law No. 151, 2020)",https://unctad.org/page/data-protection-and-privacy-legislation-worldwide,1,Partial (general child protections; no COP law),https://unctad.org/page/data-protection-and-privacy-legislation-worldwide; https://www.unicef.org/egypt/,0,No,https://unctad.org/page/data-protection-and-privacy-legislation-worldwide,0,Weak (under Ministry of Communications),https://unctad.org/page/data-protection-and-privacy-legislation-worldwide,0,No,https://unctad.org/page/data-protection-and-privacy-legislation-worldwide,0,Criminalised (via debauchery laws),https://www.humandignitytrust.org/country-profile/egypt/; https://ilga.org/ilga-world-maps/,0,Yes (anti-LGBTQ propaganda restrictions),https://ilga.org/ilga-world-maps/,1,Partial (ICT education initiatives),https://www.unicef.org/egypt/,0,Yes (SIMs tied to national ID),https://www.gsma.com/solutions-and-impact/connectivity-for-good/public-policy/mobile-policy-handbook/consumer-protection/mandatory-registration-of-prepaid-sims/
El Salvador,SLV,Americas,3,85,10,2026-06-26T19:28:30Z,2025-09-09T09:54:11.130311,0,None (no AI strategy),https://en.unesco.org/artificial-intelligence/observatory/policies?country=SV; https://www.unesco.org/ethics-ai/en/global-hub,0,"Draft (bills pending, no law in force)",https://unctad.org/page/data-protection-and-privacy-legislation-worldwide,1,Partial (general child protections; no COP law),https://unctad.org/page/data-protection-and-privacy-legislation-worldwide; https://www.unicef.org/el-salvador/,0,No,https://unctad.org/page/data-protection-and-privacy-legislation-worldwide,0,None (no DPA),https://unctad.org/page/data-protection-and-privacy-legislation-worldwide,0,No,https://unctad.org/page/data-protection-and-privacy-legislation-worldwide,1,Legal (no criminalisation; no recognition),https://www.humandignitytrust.org/country-profile/el-salvador/; https://ilga.org/ilga-world-maps/,1,Proposed/Unclear,https://ilga.org/ilga-world-maps/,0,No,https://www.unicef.org/el-salvador/,0,Yes (mandatory SIM registration with ID),https://www.gsma.com/solutions-and-impact/connectivity-for-good/public-policy/mobile-policy-handbook/consumer-protection/mandatory-registration-of-prepaid-sims/
Equatorial Guinea,GNQ,Africa,0,100,8,2026-06-26T19:28:30Z,2025-09-09T09:54:11.130311,0,,https://en.unesco.org/artificial-intelligence/observatory/policies?country=GQ; https://www.unesco.org/ethics-ai/en/global-hub,0,,https://unctad.org/page/data-protection-and-privacy-legislation-worldwide,0,No,https://www.unicef.org/equatorial-guinea/,0,No,https://unctad.org/page/data-protection-and-privacy-legislation-worldwide,0,None (no authority),https://unctad.org/page/data-protection-and-privacy-legislation-worldwide,0,No,https://unctad.org/page/data-protection-and-privacy-legislation-worldwide,0,Criminalised,https://www.humandignitytrust.org/country-profile/equatorial-guinea/; https://ilga.org/ilga-world-maps/,0,Yes (morality provisions),https://ilga.org/ilga-world-maps/,0,No,https://www.unicef.org/equatorial-guinea/,0,Yes (mandatory biometric SIM registration),https://www.gsma.com/solutions-and-impact/connectivity-for-good/public-policy/mobile-policy-handbook/consumer-protection/mandatory-registration-of-prepaid-sims/; https://privacyinternational.org/learn/sim-card-registration
Eritrea,ERI,Africa,0,100,8,2026-06-26T19:28:30Z,2025-09-09T09:54:11.130311,0,None (no AI strategy),https://en.unesco.org/artificial-intelligence/observatory/policies?country=ER; https://www.unesco.org/ethics-ai/en/global-hub,0,,https://unctad.org/page/data-protection-and-privacy-legislation-worldwide,0,No,https://www.unicef.org/eritrea/,0,No,https://unctad.org/page/data-protection-and-privacy-legislation-worldwide,0,,https://unctad.org/page/data-protection-and-privacy-legislation-worldwide,0,No,https://unctad.org/page/data-protection-and-privacy-legislation-worldwide,0,Criminalised,https://www.humandignitytrust.org/country-profile/eritrea/; https://ilga.org/ilga-world-maps/,0,Yes (morality/public decency laws),https://ilga.org/ilga-world-maps/,0,No,https://www.unicef.org/eritrea/,0,Yes (SIMs linked to national ID; biometric registration reported),https://www.gsma.com/solutions-and-impact/connectivity-for-good/public-policy/mobile-policy-handbook/consumer-protection/mandatory-registration-of-prepaid-sims/; https://privacyinternational.org/learn/sim-card-registration
Estonia,EST,Europe,20,0,10,2026-06-26T19:28:30Z,2025-09-09T09:54:11.130311,2,"Adopted (AI Strategy 'Kratts', aligned with EU AI Act)",https://en.unesco.org/artificial-intelligence/observatory/policies?country=EE; https://www.unesco.org/ethics-ai/en/global-hub,2,In force (GDPR + Estonia Data Protection Act),https://unctad.org/page/data-protection-and-privacy-legislation-worldwide,2,Yes (GDPR COP rules + national programmes),https://unctad.org/page/data-protection-and-privacy-legislation-worldwide; https://www.unicef.org/estonia/,2,Yes (covered under GDPR),https://unctad.org/page/data-protection-and-privacy-legislation-worldwide,2,Strong/Independent (Data Protection Inspectorate),https://unctad.org/page/data-protection-and-privacy-legislation-worldwide,2,Yes (GDPR Art. 35),https://gdpr-info.eu/art-35-gdpr/,2,Equality/Marriage (effective 2024),https://www.humandignitytrust.org/country-profile/estonia/; https://ilga.org/ilga-world-maps/,2,No,https://ilga.org/ilga-world-maps/,2,Yes (EU Safer Internet + national initiatives),https://www.unicef.org/estonia/,2,No (SIM registration required; no biometrics),https://www.gsma.com/solutions-and-impact/connectivity-for-good/public-policy/mobile-policy-handbook/consumer-protection/mandatory-registration-of-prepaid-sims/; https://privacyinternational.org/learn/sim-card-registration
Ethiopia,ETH,Africa,3,85,10,2026-06-26T19:28:30Z,2025-09-09T09:54:11.130311,2,"Adopted (National AI Strategy, 2020)",https://en.unesco.org/artificial-intelligence/observatory/policies?country=ET; https://www.unesco.org/ethics-ai/en/global-hub,0,Draft (bill circulated; not yet law),https://unctad.org/page/data-protection-and-privacy-legislation-worldwide,1,Partial (general protections; no COP law),https://unctad.org/page/data-protection-and-privacy-legislation-worldwide; https://www.unicef.org/ethiopia/,0,No,https://unctad.org/page/data-protection-and-privacy-legislation-worldwide,0,None (draft proposes authority),https://unctad.org/page/data-protection-and-privacy-legislation-worldwide,0,No,https://unctad.org/page/data-protection-and-privacy-legislation-worldwide,0,Criminalised,https://www.humandignitytrust.org/country-profile/ethiopia/; https://ilga.org/ilga-world-maps/,0,Yes (morality laws),https://ilga.org/ilga-world-maps/,0,No,https://www.unicef.org/ethiopia/,0,Yes (biometric SIM registration mandatory),https://www.gsma.com/solutions-and-impact/connectivity-for-good/public-policy/mobile-policy-handbook/consumer-protection/mandatory-registration-of-prepaid-sims/; https://privacyinternational.org/learn/sim-card-registration
Fiji,FJI,Oceania,7,65,9,2026-06-26T19:28:30Z,2025-09-09T09:54:11.130311,0,,https://en.unesco.org/artificial-intelligence/observatory/policies?country=FJ; https://www.unesco.org/ethics-ai/en/global-hub,0,Draft (consultations ongoing),https://unctad.org/page/data-protection-and-privacy-legislation-worldwide,1,Partial (general child protections),https://unctad.org/page/data-protection-and-privacy-legislation-worldwide; https://www.unicef.org/fiji/,1,Partial (referenced in draft law),https://unctad.org/page/data-protection-and-privacy-legislation-worldwide,0,Weak (not independent),https://unctad.org/page/data-protection-and-privacy-legislation-worldwide,0,No,https://unctad.org/page/data-protection-and-privacy-legislation-worldwide,2,Equality/Marriage (constitutional protections; marriage recognised),https://www.humandignitytrust.org/country-profile/fiji/; https://ilga.org/ilga-world-maps/,2,No,https://ilga.org/ilga-world-maps/,1,Partial (awareness campaigns),https://www.unicef.org/fiji/,0,Yes (mandatory SIM registration),https://www.gsma.com/solutions-and-impact/connectivity-for-good/public-policy/mobile-policy-handbook/consumer-protection/mandatory-registration-of-prepaid-sims/
Finland,FIN,Europe,20,0,10,2026-06-26T19:28:30Z,2025-09-09T09:54:11.130311,2,"Adopted (AuroraAI Strategy, 2017+)",https://en.unesco.org/artificial-intelligence/observatory/policies?country=FI; https://www.unesco.org/ethics-ai/en/global-hub,2,In force (GDPR + Finnish Data Protection Act),https://unctad.org/page/data-protection-and-privacy-legislation-worldwide,2,Yes (GDPR + Safer Internet Centre),https://unctad.org/page/data-protection-and-privacy-legislation-worldwide; https://www.unicef.org/finland/,2,Yes,https://unctad.org/page/data-protection-and-privacy-legislation-worldwide,2,Strong/Independent (Office of Data Protection Ombudsman),https://unctad.org/page/data-protection-and-privacy-legislation-worldwide,2,Yes (GDPR Art. 35),https://gdpr-info.eu/art-35-gdpr/,2,Equality/Marriage,https://www.humandignitytrust.org/country-profile/finland/; https://ilga.org/ilga-world-maps/,2,No,https://ilga.org/ilga-world-maps/,2,Yes (national COP programmes + EU initiatives),https://www.unicef.org/finland/,2,No (ID required; no biometrics),https://www.gsma.com/solutions-and-impact/connectivity-for-good/public-policy/mobile-policy-handbook/consumer-protection/mandatory-registration-of-prepaid-sims/; https://privacyinternational.org/learn/sim-card-registration
France,FRA,Europe,20,0,10,2026-06-26T19:28:30Z,2025-09-09T09:54:11.130311,2,"Adopted (France IA 2018, updated 2021; EU AI Act alignment)",https://en.unesco.org/artificial-intelligence/observatory/policies?country=FR; https://www.unesco.org/ethics-ai/en/global-hub,2,"In force (GDPR + Loi Informatique et Libertés, amended 2018)",https://unctad.org/page/data-protection-and-privacy-legislation-worldwide,2,Yes (GDPR + national COP protections),https://unctad.org/page/data-protection-and-privacy-legislation-worldwide; https://www.unicef.org/france/,2,Yes (GDPR),https://unctad.org/page/data-protection-and-privacy-legislation-worldwide,2,Strong/Independent (CNIL),https://unctad.org/page/data-protection-and-privacy-legislation-worldwide,2,Yes (GDPR Art. 35),https://gdpr-info.eu/art-35-gdpr/,2,Equality/Marriage (since 2013),https://www.humandignitytrust.org/country-profile/france/; https://ilga.org/ilga-world-maps/,2,No,https://ilga.org/ilga-world-maps/,2,Yes (national COP strategy + EU Safer Internet Centre),https://www.unicef.org/france/,2,"No (ID required, no biometrics)",https://www.gsma.com/solutions-and-impact/connectivity-for-good/public-policy/mobile-policy-handbook/consumer-protection/mandatory-registration-of-prepaid-sims/; https://privacyinternational.org/learn/sim-card-registration
Gabon,GAB,Africa,7,65,9,2026-06-26T19:28:30Z,2025-09-09T09:54:11.130311,0,,https://en.unesco.org/artificial-intelligence/observatory/policies?country=GA; https://www.unesco.org/ethics-ai/en/global-hub,2,In force (Law No. 001/2011 on Personal Data Protection),"UNCTAD Data Protection Tracker, accessed 2026-01-25",1,Partial (general child protections; no COP framework),https://unctad.org/page/data-protection-and-privacy-legislation-worldwide; https://www.unicef.org/gabon/,0,No,https://unctad.org/page/data-protection-and-privacy-legislation-worldwide,1,"Moderate (CNPDCP exists, limited independence)",https://unctad.org/page/data-protection-and-privacy-legislation-worldwide,0,No,https://unctad.org/page/data-protection-and-privacy-legislation-worldwide,1,Decriminalised (2019 recriminalisation repealed 2020),"ILGA World Maps, accessed 2026-01-25",2,No,https://ilga.org/ilga-world-maps/,0,No,https://www.unicef.org/gabon/,0,Yes (mandatory SIM registration with ID),https://www.gsma.com/solutions-and-impact/connectivity-for-good/public-policy/mobile-policy-handbook/consumer-protection/mandatory-registration-of-prepaid-sims/
Gambia,GMB,Africa,0,100,8,2026-06-26T19:28:30Z,2025-09-09T09:54:11.130311,0,,https://en.unesco.org/artificial-intelligence/observatory/policies?country=GM; https://www.unesco.org/ethics-ai/en/global-hub,0,Draft (bill pending),https://unctad.org/page/data-protection-and-privacy-legislation-worldwide,0,No,https://www.unicef.org/gambia/,0,No,https://unctad.org/page/data-protection-and-privacy-legislation-worldwide,0,,https://unctad.org/page/data-protection-and-privacy-legislation-worldwide,0,No,https://unctad.org/page/data-protection-and-privacy-legislation-worldwide,0,Criminalised,https://www.humandignitytrust.org/country-profile/gambia/; https://ilga.org/ilga-world-maps/,0,Yes (restrictions on LGBTQ expression),https://ilga.org/ilga-world-maps/,0,No,https://www.unicef.org/gambia/,0,Yes (mandatory biometric SIM registration),https://www.gsma.com/solutions-and-impact/connectivity-for-good/public-policy/mobile-policy-handbook/consumer-protection/mandatory-registration-of-prepaid-sims/; https://privacyinternational.org/learn/sim-card-registration
Georgia,GEO,Asia,11,45,10,2026-06-26T19:28:30Z,2025-09-09T09:54:11.130311,1,Draft/Early (digital agenda; EU alignment),https://en.unesco.org/artificial-intelligence/observatory/policies?country=GE; https://www.unesco.org/ethics-ai/en/global-hub,2,"In force (Law on Personal Data Protection, 2012; amended 2021)",https://unctad.org/page/data-protection-and-privacy-legislation-worldwide,1,Partial (general child rights; no COP law),https://unctad.org/page/data-protection-and-privacy-legislation-worldwide; https://www.unicef.org/georgia/,2,Yes (protected under law),https://unctad.org/page/data-protection-and-privacy-legislation-worldwide,2,Strong/Independent (State Inspector’s Service until 2022; restructured),https://unctad.org/page/data-protection-and-privacy-legislation-worldwide,0,No,https://unctad.org/page/data-protection-and-privacy-legislation-worldwide,1,Legal (no criminalisation; no marriage equality),https://www.humandignitytrust.org/country-profile/georgia/; https://ilga.org/ilga-world-maps/,2,No,https://ilga.org/ilga-world-maps/,0,No,https://www.unicef.org/georgia/,0,Yes (SIM registration with ID; biometric linkage expanding),https://www.gsma.com/solutions-and-impact/connectivity-for-good/public-policy/mobile-policy-handbook/consumer-protection/mandatory-registration-of-prepaid-sims/; https://privacyinternational.org/learn/sim-card-registration
Germany,DEU,Europe,20,0,10,2026-06-26T19:28:30Z,2025-09-09T09:54:11.130311,2,"Adopted (National AI Strategy 2018, updated 2020; EU AI Act alignment)",https://en.unesco.org/artificial-intelligence/observatory/policies?country=DE; https://www.unesco.org/ethics-ai/en/global-hub,2,"In force (GDPR + Bundesdatenschutzgesetz, BDSG)",https://unctad.org/page/data-protection-and-privacy-legislation-worldwide,2,Yes (GDPR + national child digital rights frameworks),https://unctad.org/page/data-protection-and-privacy-legislation-worldwide; https://www.unicef.org/germany/,2,Yes,https://unctad.org/page/data-protection-and-privacy-legislation-worldwide,2,Strong/Independent (Federal Commissioner BfDI + state DPAs),https://unctad.org/page/data-protection-and-privacy-legislation-worldwide,2,Yes (GDPR Art. 35),https://gdpr-info.eu/art-35-gdpr/,2,Equality/Marriage (since 2017),https://www.humandignitytrust.org/country-profile/germany/; https://ilga.org/ilga-world-maps/,2,No,https://ilga.org/ilga-world-maps/,2,Yes (national COP initiatives + EU Safer Internet Centre),https://www.unicef.org/germany/,2,"No (ID required, no biometrics)",https://www.gsma.com/solutions-and-impact/connectivity-for-good/public-policy/mobile-policy-handbook/consumer-protection/mandatory-registration-of-prepaid-sims/; https://privacyinternational.org/learn/sim-card-registration
Ghana,GHA,Africa,7,65,10,2026-06-26T19:28:30Z,2025-09-09T09:54:11.130311,1,Draft/Early (digital transformation program; no standalone AI strategy),https://en.unesco.org/artificial-intelligence/observatory/policies?country=GH; https://www.unesco.org/ethics-ai/en/global-hub,2,"In force (Data Protection Act, 2012)",https://unctad.org/page/data-protection-and-privacy-legislation-worldwide,1,Partial (general child rights; no COP framework),https://unctad.org/page/data-protection-and-privacy-legislation-worldwide; https://www.unicef.org/ghana/,0,No,https://unctad.org/page/data-protection-and-privacy-legislation-worldwide,1,Moderate (Data Protection Commission; limited capacity),https://unctad.org/page/data-protection-and-privacy-legislation-worldwide,0,No,https://unctad.org/page/data-protection-and-privacy-legislation-worldwide,0,Criminalised,https://www.humandignitytrust.org/country-profile/ghana/; https://ilga.org/ilga-world-maps/,1,Proposed/Unclear (2021 anti-LGBTQ bill pending),https://ilga.org/ilga-world-maps/,1,Partial (digital literacy programs),https://www.unicef.org/ghana/,0,Yes (mandatory biometric SIM registration since 2021),https://www.gsma.com/solutions-and-impact/connectivity-for-good/public-policy/mobile-policy-handbook/consumer-protection/mandatory-registration-of-prepaid-sims/; https://privacyinternational.org/learn/sim-card-registration
Greece,GRC,Europe,20,0,10,2026-06-26T19:28:30Z,2025-09-09T09:54:11.130311,2,"Adopted (National AI Strategy, 2021; EU AI Act alignment)",https://en.unesco.org/artificial-intelligence/observatory/policies?country=GR; https://www.unesco.org/ethics-ai/en/global-hub,2,In force (GDPR + Law 4624/2019),https://unctad.org/page/data-protection-and-privacy-legislation-worldwide,2,Yes (GDPR COP + national protections),https://unctad.org/page/data-protection-and-privacy-legislation-worldwide; https://www.unicef.org/greece/,2,Yes (GDPR),https://unctad.org/page/data-protection-and-privacy-legislation-worldwide,2,Strong/Independent (Hellenic Data Protection Authority),https://unctad.org/page/data-protection-and-privacy-legislation-worldwide,2,Yes,https://gdpr-info.eu/art-35-gdpr/,2,Equality/Marriage (civil unions 2015; marriage equality 2024),https://www.humandignitytrust.org/country-profile/greece/; https://ilga.org/ilga-world-maps/,2,No,https://ilga.org/ilga-world-maps/,2,Yes (EU Safer Internet Centre + national COP initiatives),https://www.unicef.org/greece/,2,"No (SIM requires ID, no biometrics)",https://www.gsma.com/solutions-and-impact/connectivity-for-good/public-policy/mobile-policy-handbook/consumer-protection/mandatory-registration-of-prepaid-sims/; https://privacyinternational.org/learn/sim-card-registration
Grenada,GRD,Americas,0,100,8,2026-06-26T19:28:30Z,2025-09-09T09:54:11.130311,0,,https://en.unesco.org/artificial-intelligence/observatory/policies?country=GD; https://www.unesco.org/ethics-ai/en/global-hub,0,Draft (bill under discussion),https://unctad.org/page/data-protection-and-privacy-legislation-worldwide,0,No,https://www.unicef.org/grenada/,0,No,https://unctad.org/page/data-protection-and-privacy-legislation-worldwide,0,,https://unctad.org/page/data-protection-and-privacy-legislation-worldwide,0,No,https://unctad.org/page/data-protection-and-privacy-legislation-worldwide,0,Criminalised (sodomy laws in force),https://www.humandignitytrust.org/country-profile/grenada/; https://ilga.org/ilga-world-maps/,0,Yes (morality/public decency laws),https://ilga.org/ilga-world-maps/,0,No,https://www.unicef.org/grenada/,0,Yes (SIMs linked to ID),https://www.gsma.com/solutions-and-impact/connectivity-for-good/public-policy/mobile-policy-handbook/consumer-protection/mandatory-registration-of-prepaid-sims/
Guatemala,GTM,Americas,1,95,7,2026-06-26T19:28:30Z,2025-09-09T09:54:11.130311,0,,https://en.unesco.org/artificial-intelligence/observatory/policies?country=GT; https://www.unesco.org/ethics-ai/en/global-hub,0,,https://unctad.org/page/data-protection-and-privacy-legislation-worldwide,0,No,https://www.unicef.org/guatemala/,0,No,https://unctad.org/page/data-protection-and-privacy-legislation-worldwide,0,,https://unctad.org/page/data-protection-and-privacy-legislation-worldwide,0,No,https://unctad.org/page/data-protection-and-privacy-legislation-worldwide,0,Criminalised (Bill 5272 attempts),https://www.humandignitytrust.org/country-profile/guatemala/; https://ilga.org/ilga-world-maps/,1,Proposed/Unclear (frequent restrictions proposed),https://ilga.org/ilga-world-maps/,0,No,https://www.unicef.org/guatemala/,0,Yes (SIMs tied to national ID),https://www.gsma.com/solutions-and-impact/connectivity-for-good/public-policy/mobile-policy-handbook/consumer-protection/mandatory-registration-of-prepaid-sims/
Guinea,GIN,Africa,3,85,9,2026-06-26T19:28:30Z,2025-09-09T09:54:11.130311,0,,https://en.unesco.org/artificial-intelligence/observatory/policies?country=GN; https://www.unesco.org/ethics-ai/en/global-hub,2,In force (Law L/2016/037/AN on Personal Data Protection),https://unctad.org/page/data-protection-and-privacy-legislation-worldwide,1,Partial (general child protections),https://unctad.org/page/data-protection-and-privacy-legislation-worldwide; https://www.unicef.org/guinea/,0,No,https://unctad.org/page/data-protection-and-privacy-legislation-worldwide,0,"Weak (authority exists, limited independence)",https://unctad.org/page/data-protection-and-privacy-legislation-worldwide,0,No,https://unctad.org/page/data-protection-and-privacy-legislation-worldwide,0,Criminalised,https://www.humandignitytrust.org/country-profile/guinea/; https://ilga.org/ilga-world-maps/,0,Yes,https://ilga.org/ilga-world-maps/,0,No,https://www.unicef.org/guinea/,0,Yes (biometric SIM registration required),https://www.gsma.com/solutions-and-impact/connectivity-for-good/public-policy/mobile-policy-handbook/consumer-protection/mandatory-registration-of-prepaid-sims/; https://privacyinternational.org/learn/sim-card-registration
Guinea-Bissau,GNB,Africa,0,100,7,2026-06-26T19:28:30Z,2025-09-09T09:54:11.130311,0,,https://en.unesco.org/artificial-intelligence/observatory/policies?country=GW; https://www.unesco.org/ethics-ai/en/global-hub,0,,https://unctad.org/page/data-protection-and-privacy-legislation-worldwide,0,No,https://www.unicef.org/guinea-bissau/,0,No,https://unctad.org/page/data-protection-and-privacy-legislation-worldwide,0,,https://unctad.org/page/data-protection-and-privacy-legislation-worldwide,0,No,https://unctad.org/page/data-protection-and-privacy-legislation-worldwide,0,Criminalised,https://www.humandignitytrust.org/country-profile/guinea-bissau/; https://ilga.org/ilga-world-maps/,0,Yes,https://ilga.org/ilga-world-maps/,0,No,https://www.unicef.org/guinea-bissau/,0,Yes (mandatory SIM registration with ID),https://www.gsma.com/solutions-and-impact/connectivity-for-good/public-policy/mobile-policy-handbook/consumer-protection/mandatory-registration-of-prepaid-sims/
Guyana,GUY,Americas,4,80,8,2026-06-26T19:28:30Z,2025-09-09T09:54:11.130311,0,,https://en.unesco.org/artificial-intelligence/observatory/policies?country=GY; https://www.unesco.org/ethics-ai/en/global-hub,0,"Draft (bills pending, no comprehensive law)",https://unctad.org/page/data-protection-and-privacy-legislation-worldwide,1,Partial (general child rights provisions),https://unctad.org/page/data-protection-and-privacy-legislation-worldwide; https://www.unicef.org/guyana/,0,No,https://unctad.org/page/data-protection-and-privacy-legislation-worldwide,0,,https://unctad.org/page/data-protection-and-privacy-legislation-worldwide,0,No,https://unctad.org/page/data-protection-and-privacy-legislation-worldwide,1,"Legal (decriminalised, 2018 CCJ ruling; no partnerships)",https://www.humandignitytrust.org/country-profile/guyana/; https://ilga.org/ilga-world-maps/,2,No,https://ilga.org/ilga-world-maps/,0,No,https://www.unicef.org/guyana/,0,Yes (mandatory SIM registration with ID),https://www.gsma.com/solutions-and-impact/connectivity-for-good/public-policy/mobile-policy-handbook/consumer-protection/mandatory-registration-of-prepaid-sims/
Haiti,HTI,Americas,2,90,8,2026-06-26T19:28:30Z,2025-09-09T09:54:11.130311,0,,https://en.unesco.org/artificial-intelligence/observatory/policies?country=HT; https://www.unesco.org/ethics-ai/en/global-hub,0,Draft (privacy bills pending),https://unctad.org/page/data-protection-and-privacy-legislation-worldwide,0,No,https://www.unicef.org/haiti/,0,No,https://unctad.org/page/data-protection-and-privacy-legislation-worldwide,0,,https://unctad.org/page/data-protection-and-privacy-legislation-worldwide,0,No,https://unctad.org/page/data-protection-and-privacy-legislation-worldwide,1,Legal (no criminalisation; no marriage equality),https://www.humandignitytrust.org/country-profile/haiti/; https://ilga.org/ilga-world-maps/,1,Proposed/Unclear (anti-LGBTQ bills attempted),https://ilga.org/ilga-world-maps/,0,No,https://www.unicef.org/haiti/,0,Yes (SIM tied to national ID),https://www.gsma.com/solutions-and-impact/connectivity-for-good/public-policy/mobile-policy-handbook/consumer-protection/mandatory-registration-of-prepaid-sims/
Honduras,HND,Americas,0,100,8,2026-06-26T19:28:30Z,2025-09-09T09:54:11.130311,0,,https://en.unesco.org/artificial-intelligence/observatory/policies?country=HN; https://www.unesco.org/ethics-ai/en/global-hub,0,Draft (bills pending),https://unctad.org/page/data-protection-and-privacy-legislation-worldwide,0,No,https://www.unicef.org/honduras/,0,No,https://unctad.org/page/data-protection-and-privacy-legislation-worldwide,0,,https://unctad.org/page/data-protection-and-privacy-legislation-worldwide,0,No,https://unctad.org/page/data-protection-and-privacy-legislation-worldwide,0,Criminalised (constitutional ban on marriage/rights),https://www.humandignitytrust.org/country-profile/honduras/; https://ilga.org/ilga-world-maps/,0,Yes (morality-based restrictions),https://ilga.org/ilga-world-maps/,0,No,https://www.unicef.org/honduras/,0,Yes (mandatory SIM registration),https://www.gsma.com/solutions-and-impact/connectivity-for-good/public-policy/mobile-policy-handbook/consumer-protection/mandatory-registration-of-prepaid-sims/
Hungary,HUN,Europe,15,25,10,2026-06-26T19:28:30Z,2025-09-09T09:54:11.130311,2,Adopted (National AI Strategy 2020; EU AI Act alignment),https://en.unesco.org/artificial-intelligence/observatory/policies?country=HU; https://www.unesco.org/ethics-ai/en/global-hub,2,"In force (GDPR + Privacy Act 2011, amended)",https://unctad.org/page/data-protection-and-privacy-legislation-worldwide,2,Yes (GDPR COP + national child policies),https://unctad.org/page/data-protection-and-privacy-legislation-worldwide; https://www.unicef.org/hungary/,2,Yes (GDPR),https://unctad.org/page/data-protection-and-privacy-legislation-worldwide,2,Strong/Independent (NAIH),https://unctad.org/page/data-protection-and-privacy-legislation-worldwide,2,Yes (GDPR Art. 35),https://gdpr-info.eu/art-35-gdpr/,1,Legal (registered partnerships only; no marriage equality),https://www.humandignitytrust.org/country-profile/hungary/; https://ilga.org/ilga-world-maps/,0,Yes (2021 anti-LGBTQ propaganda law),https://ilga.org/ilga-world-maps/,2,Yes (EU Safer Internet Centre + national initiatives),https://www.unicef.org/hungary/,2,No (ID required; no biometrics),https://www.gsma.com/solutions-and-impact/connectivity-for-good/public-policy/mobile-policy-handbook/consumer-protection/mandatory-registration-of-prepaid-sims/; https://privacyinternational.org/learn/sim-card-registration
Iceland,ISL,Europe,20,0,10,2026-06-26T19:28:30Z,2025-09-09T09:54:11.130311,2,Adopted (AI Strategy 2020; EU alignment),https://en.unesco.org/artificial-intelligence/observatory/policies?country=IS; https://www.unesco.org/ethics-ai/en/global-hub,2,In force (GDPR + Act No. 90/2018),https://unctad.org/page/data-protection-and-privacy-legislation-worldwide,2,Yes (GDPR COP + national child safety initiatives),https://unctad.org/page/data-protection-and-privacy-legislation-worldwide; https://www.unicef.org/iceland/,2,Yes (GDPR),https://unctad.org/page/data-protection-and-privacy-legislation-worldwide,2,Strong/Independent (Persónuvernd),https://unctad.org/page/data-protection-and-privacy-legislation-worldwide,2,Yes,https://unctad.org/page/data-protection-and-privacy-legislation-worldwide,2,Equality/Marriage (since 2010),https://www.humandignitytrust.org/country-profile/iceland/; https://ilga.org/ilga-world-maps/,2,No,https://ilga.org/ilga-world-maps/,2,Yes (EU Safer Internet Centre + national measures),https://www.unicef.org/iceland/,2,No (ID required; no biometrics),https://www.gsma.com/solutions-and-impact/connectivity-for-good/public-policy/mobile-policy-handbook/consumer-protection/mandatory-registration-of-prepaid-sims/; https://privacyinternational.org/learn/sim-card-registration
India,IND,Asia,7,65,10,2026-06-26T19:28:30Z,2025-09-09T09:54:11.130311,1,"Draft/Early (NITI Aayog AI for All, 2018; not formally adopted)",https://en.unesco.org/artificial-intelligence/observatory/policies?country=IN; https://www.unesco.org/ethics-ai/en/global-hub,2,"In force (Digital Personal Data Protection Act, 2023)",https://unctad.org/page/data-protection-and-privacy-legislation-worldwide,1,Partial (parental consent required for under-18),https://unctad.org/page/data-protection-and-privacy-legislation-worldwide; https://www.unicef.org/india/,0,No,https://unctad.org/page/data-protection-and-privacy-legislation-worldwide,0,Weak (Data Protection Board under government),https://unctad.org/page/data-protection-and-privacy-legislation-worldwide,0,No,https://unctad.org/page/data-protection-and-privacy-legislation-worldwide,1,Legal (decriminalised 2018; no marriage equality),https://www.humandignitytrust.org/country-profile/india/; https://ilga.org/ilga-world-maps/,1,Proposed/Unclear (state-level restrictions),https://ilga.org/ilga-world-maps/,1,"Partial (initiatives, not comprehensive)",https://www.unicef.org/india/,0,Yes (Aadhaar-linked biometric SIM registration),https://www.gsma.com/solutions-and-impact/connectivity-for-good/public-policy/mobile-policy-handbook/consumer-protection/mandatory-registration-of-prepaid-sims/; https://privacyinternational.org/learn/sim-card-registration
Indonesia,IDN,Asia,6,70,10,2026-06-26T19:28:30Z,2025-09-09T09:54:11.130311,2,Adopted (National AI Strategy 2020–2045),https://en.unesco.org/artificial-intelligence/observatory/policies?country=ID; https://www.unesco.org/ethics-ai/en/global-hub,2,"In force (Personal Data Protection Law, 2022)",https://unctad.org/page/data-protection-and-privacy-legislation-worldwide,1,Partial (general child rights; no COP-specific regime),https://unctad.org/page/data-protection-and-privacy-legislation-worldwide; https://www.unicef.org/indonesia/,0,No,https://unctad.org/page/data-protection-and-privacy-legislation-worldwide,0,Weak (regulator under Ministry of Communication),https://unctad.org/page/data-protection-and-privacy-legislation-worldwide,0,No,https://unctad.org/page/data-protection-and-privacy-legislation-worldwide,0,Criminalised (discriminatory laws; no recognition),https://www.humandignitytrust.org/country-profile/indonesia/; https://ilga.org/ilga-world-maps/,0,Yes (morality/decency laws),https://ilga.org/ilga-world-maps/,1,Partial (national ICT & child online campaigns),https://www.unicef.org/indonesia/,0,Yes (mandatory SIM registration with ID),https://www.gsma.com/solutions-and-impact/connectivity-for-good/public-policy/mobile-policy-handbook/consumer-protection/mandatory-registration-of-prepaid-sims/
Iran (Islamic Republic of),IRN,Asia,1,95,9,2026-06-26T19:28:30Z,2025-09-09T09:54:11.130311,1,"Draft/Early (AI initiatives, no formal national strategy)",https://www.unesco.org/ethics-ai/en/global-hub,0,Draft (privacy bills pending),https://unctad.org/page/data-protection-and-privacy-legislation-worldwide,0,No,https://www.unicef.org/iran-islamic-republic-of/,0,No,https://unctad.org/page/data-protection-and-privacy-legislation-worldwide,0,,https://unctad.org/page/data-protection-and-privacy-legislation-worldwide,0,No,https://unctad.org/page/data-protection-and-privacy-legislation-worldwide,0,"Criminalised (severe penalties, including capital punishment)",https://www.humandignitytrust.org/country-profile/iran-islamic-republic-of/; https://ilga.org/ilga-world-maps/,0,Yes (strict censorship),https://ilga.org/ilga-world-maps/,0,No,https://www.unicef.org/iran-islamic-republic-of/,0,Yes (biometric SIM registration mandatory),https://www.gsma.com/solutions-and-impact/connectivity-for-good/public-policy/mobile-policy-handbook/consumer-protection/mandatory-registration-of-prepaid-sims/; https://privacyinternational.org/learn/sim-card-registration
Iraq,IRQ,Asia,0,100,8,2026-06-26T19:28:30Z,2025-09-09T09:54:11.130311,0,,https://en.unesco.org/artificial-intelligence/observatory/policies?country=IQ; https://www.unesco.org/ethics-ai/en/global-hub,0,Draft (no comprehensive law),https://unctad.org/page/data-protection-and-privacy-legislation-worldwide,0,No,https://www.unicef.org/iraq/,0,No,https://unctad.org/page/data-protection-and-privacy-legislation-worldwide,0,,https://unctad.org/page/data-protection-and-privacy-legislation-worldwide,0,No,https://unctad.org/page/data-protection-and-privacy-legislation-worldwide,0,Criminalised (morality laws applied),https://www.humandignitytrust.org/country-profile/iraq/; https://ilga.org/ilga-world-maps/,0,Yes,https://ilga.org/ilga-world-maps/,0,No,https://www.unicef.org/iraq/,0,Yes (biometric SIM registration mandatory),https://www.gsma.com/solutions-and-impact/connectivity-for-good/public-policy/mobile-policy-handbook/consumer-protection/mandatory-registration-of-prepaid-sims/; https://privacyinternational.org/learn/sim-card-registration
Ireland,IRL,Europe,20,0,10,2026-06-26T19:28:30Z,2025-09-09T09:54:11.130311,2,"Adopted (AI – Here for Good, 2021)",https://en.unesco.org/artificial-intelligence/observatory/policies?country=IE; https://www.unesco.org/ethics-ai/en/global-hub,2,"In force (GDPR + Data Protection Act, 2018)",https://unctad.org/page/data-protection-and-privacy-legislation-worldwide,2,Yes (GDPR COP + Digital Safety Commissioner),https://unctad.org/page/data-protection-and-privacy-legislation-worldwide; https://www.unicef.org/ireland/,2,Yes,https://unctad.org/page/data-protection-and-privacy-legislation-worldwide,2,Strong/Independent (Data Protection Commission),https://unctad.org/page/data-protection-and-privacy-legislation-worldwide,2,Yes,https://gdpr-info.eu/art-35-gdpr/,2,Equality/Marriage (since 2015),https://www.humandignitytrust.org/country-profile/ireland/; https://ilga.org/ilga-world-maps/,2,No,https://ilga.org/ilga-world-maps/,2,Yes (EU Safer Internet Centre + national initiatives),https://www.unicef.org/ireland/,2,No (ID required; no biometrics),https://www.gsma.com/solutions-and-impact/connectivity-for-good/public-policy/mobile-policy-handbook/consumer-protection/mandatory-registration-of-prepaid-sims/; https://privacyinternational.org/learn/sim-card-registration
Israel,ISR,Asia,11,45,10,2026-06-26T19:28:30Z,2025-09-09T09:54:11.130311,2,Adopted (National AI Program 2020),https://en.unesco.org/artificial-intelligence/observatory/policies?country=IL; https://www.unesco.org/ethics-ai/en/global-hub,2,"In force (Privacy Protection Law, 1981; amended)",https://unctad.org/page/data-protection-and-privacy-legislation-worldwide,1,Partial (general child protections; no standalone COP law),https://unctad.org/page/data-protection-and-privacy-legislation-worldwide; https://www.unicef.org/israel/,2,Yes (equality and data protection provisions),https://unctad.org/page/data-protection-and-privacy-legislation-worldwide,1,Moderate (Privacy Protection Authority under Ministry of Justice),https://unctad.org/page/data-protection-and-privacy-legislation-worldwide,0,No,https://unctad.org/page/data-protection-and-privacy-legislation-worldwide,1,Legal (foreign marriages recognised; no local marriage equality),https://www.humandignitytrust.org/country-profile/israel/; https://ilga.org/ilga-world-maps/,2,No,https://ilga.org/ilga-world-maps/,1,Partial (programmes on online child safety),https://www.unicef.org/israel/,0,Yes (SIM tied to biometric national ID),https://www.gsma.com/solutions-and-impact/connectivity-for-good/public-policy/mobile-policy-handbook/consumer-protection/mandatory-registration-of-prepaid-sims/; https://privacyinternational.org/learn/sim-card-registration
Italy,ITA,Europe,17,15,10,2026-06-26T19:28:30Z,2025-09-09T09:54:11.130311,2,Adopted (National AI Strategy 2021; EU AI Act alignment),https://en.unesco.org/artificial-intelligence/observatory/policies?country=IT; https://www.unesco.org/ethics-ai/en/global-hub,2,"In force (GDPR + Data Protection Code, amended)",https://unctad.org/page/data-protection-and-privacy-legislation-worldwide,2,Yes (GDPR + national COP frameworks),https://unctad.org/page/data-protection-and-privacy-legislation-worldwide; https://www.unicef.org/italy/,2,Yes,https://unctad.org/page/data-protection-and-privacy-legislation-worldwide,2,Strong/Independent (Garante),https://unctad.org/page/data-protection-and-privacy-legislation-worldwide,2,Yes,https://gdpr-info.eu/art-35-gdpr/,1,Legal (civil unions recognised since 2016; no marriage equality),https://www.humandignitytrust.org/country-profile/italy/; https://ilga.org/ilga-world-maps/,2,No,https://ilga.org/ilga-world-maps/,2,Yes (EU Safer Internet Centre + national initiatives),https://www.unicef.org/italy/,2,No (SIM requires ID; no biometrics),https://www.gsma.com/solutions-and-impact/connectivity-for-good/public-policy/mobile-policy-handbook/consumer-protection/mandatory-registration-of-prepaid-sims/; https://privacyinternational.org/learn/sim-card-registration
Jamaica,JAM,Americas,3,85,9,2026-06-26T19:28:30Z,2025-09-09T09:54:11.130311,0,,https://en.unesco.org/artificial-intelligence/observatory/policies?country=JM; https://www.unesco.org/ethics-ai/en/global-hub,2,"In force (Data Protection Act, 2020; not fully enforced)",https://unctad.org/page/data-protection-and-privacy-legislation-worldwide,1,Partial (general child protections; no COP-specific law),https://unctad.org/page/data-protection-and-privacy-legislation-worldwide; https://www.unicef.org/jamaica/,0,No,https://unctad.org/page/data-protection-and-privacy-legislation-worldwide,0,Weak (Office of the Information Commissioner developing),https://unctad.org/page/data-protection-and-privacy-legislation-worldwide,0,No,https://unctad.org/page/data-protection-and-privacy-legislation-worldwide,0,Criminalised (sodomy laws),https://www.humandignitytrust.org/country-profile/jamaica/; https://ilga.org/ilga-world-maps/,0,Yes (morality/public decency restrictions),https://ilga.org/ilga-world-maps/,0,No,https://www.unicef.org/jamaica/,0,Yes (mandatory SIM ID registration),https://www.gsma.com/solutions-and-impact/connectivity-for-good/public-policy/mobile-policy-handbook/consumer-protection/mandatory-registration-of-prepaid-sims/
Japan,JPN,Asia,14,30,10,2026-06-26T19:28:30Z,2025-09-09T09:54:11.130311,2,Adopted (AI Strategy 2019; Society 5.0),https://en.unesco.org/artificial-intelligence/observatory/policies?country=JP; https://www.unesco.org/ethics-ai/en/global-hub,2,"In force (APPI, amended 2022)",https://unctad.org/page/data-protection-and-privacy-legislation-worldwide,2,Yes (APPI covers minors; national COP efforts),https://unctad.org/page/data-protection-and-privacy-legislation-worldwide; https://www.unicef.org/japan/,1,Partial (covered via interpretation; not explicit),https://unctad.org/page/data-protection-and-privacy-legislation-worldwide,2,Strong/Independent (PPC Japan),https://unctad.org/page/data-protection-and-privacy-legislation-worldwide,0,No,https://unctad.org/page/data-protection-and-privacy-legislation-worldwide,1,Legal (decriminalised; no marriage equality),https://www.humandignitytrust.org/country-profile/japan/; https://ilga.org/ilga-world-maps/,2,No,https://ilga.org/ilga-world-maps/,2,Yes (government COP initiatives),https://www.unicef.org/japan/,2,No (ID required; no biometrics),https://www.gsma.com/solutions-and-impact/connectivity-for-good/public-policy/mobile-policy-handbook/consumer-protection/mandatory-registration-of-prepaid-sims/; https://privacyinternational.org/learn/sim-card-registration
Jordan,JOR,Asia,3,85,10,2026-06-26T19:28:30Z,2025-09-09T09:54:11.130311,1,Draft/Early (AI initiatives via Digital Economy Ministry; no formal strategy),https://en.unesco.org/artificial-intelligence/observatory/policies?country=JO; https://www.unesco.org/ethics-ai/en/global-hub,0,Draft (bill pending),https://unctad.org/page/data-protection-and-privacy-legislation-worldwide,0,No (general child protections only),https://unctad.org/page/data-protection-and-privacy-legislation-worldwide; https://www.unicef.org/jordan/,0,No,https://unctad.org/page/data-protection-and-privacy-legislation-worldwide,0,None (regulator not operational),https://unctad.org/page/data-protection-and-privacy-legislation-worldwide,0,No,https://unctad.org/page/data-protection-and-privacy-legislation-worldwide,1,Legal (no criminalisation; no marriage equality),https://www.humandignitytrust.org/country-profile/jordan/; https://ilga.org/ilga-world-maps/,1,Proposed/Unclear (morality restrictions in practice),https://ilga.org/ilga-world-maps/,0,No,https://www.unicef.org/jordan/,0,Yes (SIM registration tied to national ID),https://www.gsma.com/solutions-and-impact/connectivity-for-good/public-policy/mobile-policy-handbook/consumer-protection/mandatory-registration-of-prepaid-sims/
Kazakhstan,KAZ,Asia,6,70,10,2026-06-26T19:28:30Z,2025-09-09T09:54:11.130311,1,Draft/Early (integrated into Digital Kazakhstan strategy),https://en.unesco.org/artificial-intelligence/observatory/policies?country=KZ; https://www.unesco.org/ethics-ai/en/global-hub,2,"In force (Law on Personal Data and Protection, 2013)",https://unctad.org/page/data-protection-and-privacy-legislation-worldwide,1,Partial (general laws; no COP framework),https://unctad.org/page/data-protection-and-privacy-legislation-worldwide; https://www.unicef.org/kazakhstan/,0,No,https://unctad.org/page/data-protection-and-privacy-legislation-worldwide,0,Weak (regulator under Ministry of Digital Development),https://unctad.org/page/data-protection-and-privacy-legislation-worldwide,0,No,https://unctad.org/page/data-protection-and-privacy-legislation-worldwide,1,Legal (decriminalised 1998; no partnerships),https://www.humandignitytrust.org/country-profile/kazakhstan/; https://ilga.org/ilga-world-maps/,1,Proposed/Unclear (anti-propaganda bills tabled),https://ilga.org/ilga-world-maps/,0,No,https://www.unicef.org/kazakhstan/,0,Yes (SIMs tied to biometric ID),https://www.gsma.com/solutions-and-impact/connectivity-for-good/public-policy/mobile-policy-handbook/consumer-protection/mandatory-registration-of-prepaid-sims/; https://privacyinternational.org/learn/sim-card-registration
Kenya,KEN,Africa,8,60,10,2026-06-26T19:28:30Z,2025-09-09T09:54:11.130311,1,Draft/Early (strategy in development; digital economy blueprint includes AI),https://en.unesco.org/artificial-intelligence/observatory/policies?country=KE; https://www.unesco.org/ethics-ai/en/global-hub,2,"In force (Data Protection Act, 2019)",https://unctad.org/page/data-protection-and-privacy-legislation-worldwide,1,Partial (children’s data covered in DPA),https://unctad.org/page/data-protection-and-privacy-legislation-worldwide; https://www.unicef.org/kenya/,0,No,https://unctad.org/page/data-protection-and-privacy-legislation-worldwide,1,Moderate (ODPC semi-independent),https://unctad.org/page/data-protection-and-privacy-legislation-worldwide,2,Yes (required under DPA for high-risk processing),https://unctad.org/page/data-protection-and-privacy-legislation-worldwide,0,Criminalised (Penal Code provisions),https://www.humandignitytrust.org/country-profile/kenya/; https://ilga.org/ilga-world-maps/,0,Yes (morality restrictions applied),https://ilga.org/ilga-world-maps/,1,Partial (child online safety initiatives with ICT Authority),https://www.unicef.org/kenya/,0,Yes (mandatory biometric SIM registration via Huduma Namba),https://www.gsma.com/solutions-and-impact/connectivity-for-good/public-policy/mobile-policy-handbook/consumer-protection/mandatory-registration-of-prepaid-sims/; https://privacyinternational.org/learn/sim-card-registration
Kiribati,KIR,Oceania,0,100,7,2026-06-26T19:28:30Z,2025-09-09T09:54:11.130311,0,,https://en.unesco.org/artificial-intelligence/observatory/policies?country=KI; https://www.unesco.org/ethics-ai/en/global-hub,0,,https://unctad.org/page/data-protection-and-privacy-legislation-worldwide,0,No,https://www.unicef.org/kiribati/,0,No,https://unctad.org/page/data-protection-and-privacy-legislation-worldwide,0,,https://unctad.org/page/data-protection-and-privacy-legislation-worldwide,0,No,https://unctad.org/page/data-protection-and-privacy-legislation-worldwide,0,Criminalised (sodomy laws in force),https://www.humandignitytrust.org/country-profile/kiribati/; https://ilga.org/ilga-world-maps/,0,Yes (morality restrictions),https://ilga.org/ilga-world-maps/,0,No,https://www.unicef.org/kiribati/,0,Yes (SIM registration required),https://www.gsma.com/solutions-and-impact/connectivity-for-good/public-policy/mobile-policy-handbook/consumer-protection/mandatory-registration-of-prepaid-sims/
Kuwait,KWT,Asia,2,90,9,2026-06-26T19:28:30Z,2025-09-09T09:54:11.130311,1,Draft/Early (Vision 2035 programmes; no formal AI strategy),https://en.unesco.org/artificial-intelligence/observatory/policies?country=KW; https://www.unesco.org/ethics-ai/en/global-hub,1,"In force (Law No. 20 of 2014 on IT Crimes, limited protections)",https://unctad.org/page/data-protection-and-privacy-legislation-worldwide,0,No,https://www.unicef.org/kuwait/,0,No,https://unctad.org/page/data-protection-and-privacy-legislation-worldwide,0,,https://unctad.org/page/data-protection-and-privacy-legislation-worldwide,0,No,https://unctad.org/page/data-protection-and-privacy-legislation-worldwide,0,Criminalised (Penal Code Articles 193/198),https://www.humandignitytrust.org/country-profile/kuwait/; https://ilga.org/ilga-world-maps/,0,Yes (strict morality censorship),https://ilga.org/ilga-world-maps/,0,No,https://www.unicef.org/kuwait/,0,Yes (SIM registration with biometric ID),https://www.gsma.com/solutions-and-impact/connectivity-for-good/public-policy/mobile-policy-handbook/consumer-protection/mandatory-registration-of-prepaid-sims/; https://privacyinternational.org/learn/sim-card-registration
Kyrgyzstan,KGZ,Asia,6,70,10,2026-06-26T19:28:30Z,2025-09-09T09:54:11.130311,1,Draft/Early (considered in digital agenda),https://en.unesco.org/artificial-intelligence/observatory/policies?country=KG; https://www.unesco.org/ethics-ai/en/global-hub,2,"In force (Law on Personal Data, 2017)",https://unctad.org/page/data-protection-and-privacy-legislation-worldwide,1,Partial (general protections),https://unctad.org/page/data-protection-and-privacy-legislation-worldwide; https://www.unicef.org/kyrgyzstan/,0,No,https://unctad.org/page/data-protection-and-privacy-legislation-worldwide,0,Weak (regulator under government),https://unctad.org/page/data-protection-and-privacy-legislation-worldwide,0,No,https://unctad.org/page/data-protection-and-privacy-legislation-worldwide,1,Legal (decriminalised 1998; no partnerships),https://www.humandignitytrust.org/country-profile/kyrgyzstan/; https://ilga.org/ilga-world-maps/,1,Proposed/Unclear (anti-propaganda bills tabled),https://ilga.org/ilga-world-maps/,0,No,https://www.unicef.org/kyrgyzstan/,0,Yes (SIM registration linked to ID),https://www.gsma.com/solutions-and-impact/connectivity-for-good/public-policy/mobile-policy-handbook/consumer-protection/mandatory-registration-of-prepaid-sims/
Lao People's Democratic Republic,LAO,Asia,3,85,9,2026-06-26T19:28:30Z,2025-09-09T09:54:11.130311,0,,https://en.unesco.org/artificial-intelligence/observatory/policies?country=LA; https://www.unesco.org/ethics-ai/en/global-hub,2,"In force (Law on Electronic Data Protection, 2017)",https://unctad.org/page/data-protection-and-privacy-legislation-worldwide,0,No,https://www.unicef.org/lao-peoples-democratic-republic/,0,No,https://unctad.org/page/data-protection-and-privacy-legislation-worldwide,0,Weak (regulator under Ministry of Posts/Telecoms),https://unctad.org/page/data-protection-and-privacy-legislation-worldwide,0,No,https://unctad.org/page/data-protection-and-privacy-legislation-worldwide,1,Legal (no criminalisation; no partnerships),https://www.humandignitytrust.org/country-profile/lao-peoples-democratic-republic/; https://ilga.org/ilga-world-maps/,0,Yes (morality/public order laws),https://ilga.org/ilga-world-maps/,0,No,https://www.unicef.org/lao-peoples-democratic-republic/,0,Yes (SIM registration tied to national ID),https://www.gsma.com/solutions-and-impact/connectivity-for-good/public-policy/mobile-policy-handbook/consumer-protection/mandatory-registration-of-prepaid-sims/
Latvia,LVA,Europe,17,15,10,2026-06-26T19:28:30Z,2025-09-09T09:54:11.130311,2,Adopted (AI Strategy 2020; EU AI Act alignment),https://en.unesco.org/artificial-intelligence/observatory/policies?country=LV; https://www.unesco.org/ethics-ai/en/global-hub,2,In force (GDPR + national law),https://unctad.org/page/data-protection-and-privacy-legislation-worldwide,2,Yes (GDPR COP + national frameworks),https://unctad.org/page/data-protection-and-privacy-legislation-worldwide; https://www.unicef.org/latvia/,2,Yes,https://unctad.org/page/data-protection-and-privacy-legislation-worldwide,2,Strong/Independent (Data State Inspectorate),https://unctad.org/page/data-protection-and-privacy-legislation-worldwide,2,Yes,https://gdpr-info.eu/art-35-gdpr/,1,Legal (no criminalisation; constitutional ban on marriage equality),https://www.humandignitytrust.org/country-profile/latvia/; https://ilga.org/ilga-world-maps/,2,No,https://ilga.org/ilga-world-maps/,2,Yes (EU Safer Internet Centre),https://www.unicef.org/latvia/,2,No (SIM requires ID; no biometrics),https://www.gsma.com/solutions-and-impact/connectivity-for-good/public-policy/mobile-policy-handbook/consumer-protection/mandatory-registration-of-prepaid-sims/; https://privacyinternational.org/learn/sim-card-registration
Lebanon,LBN,Asia,3,85,10,2026-06-26T19:28:30Z,2025-09-09T09:54:11.130311,1,Draft/Early (AI innovation under Digital Transformation Strategy),https://en.unesco.org/artificial-intelligence/observatory/policies?country=LB; https://www.unesco.org/ethics-ai/en/global-hub,2,In force (E-Transactions and Data Protection Law No. 81/2018),https://unctad.org/page/data-protection-and-privacy-legislation-worldwide,0,No,https://www.unicef.org/lebanon/,0,No,https://unctad.org/page/data-protection-and-privacy-legislation-worldwide,0,Weak (regulator under Ministry of Economy and Trade),https://unctad.org/page/data-protection-and-privacy-legislation-worldwide,0,No,https://unctad.org/page/data-protection-and-privacy-legislation-worldwide,0,Criminalised (Penal Code Article 534),https://www.humandignitytrust.org/country-profile/lebanon/; https://ilga.org/ilga-world-maps/,0,Yes (morality/public decency laws),https://ilga.org/ilga-world-maps/,0,No,https://www.unicef.org/lebanon/,0,Yes (SIM tied to ID),https://www.gsma.com/solutions-and-impact/connectivity-for-good/public-policy/mobile-policy-handbook/consumer-protection/mandatory-registration-of-prepaid-sims/
Liberia,LBR,Africa,0,100,7,2026-06-26T19:28:30Z,2025-09-09T09:54:11.130311,0,,https://en.unesco.org/artificial-intelligence/observatory/policies?country=LR; https://www.unesco.org/ethics-ai/en/global-hub,0,,https://unctad.org/page/data-protection-and-privacy-legislation-worldwide,0,No,https://www.unicef.org/liberia/,0,No,https://unctad.org/page/data-protection-and-privacy-legislation-worldwide,0,,https://unctad.org/page/data-protection-and-privacy-legislation-worldwide,0,No,https://unctad.org/page/data-protection-and-privacy-legislation-worldwide,0,Criminalised (Penal Code Article 14.74),https://www.humandignitytrust.org/country-profile/liberia/; https://ilga.org/ilga-world-maps/,0,Yes,https://ilga.org/ilga-world-maps/,0,No,https://www.unicef.org/liberia/,0,Yes (mandatory SIM ID registration),https://www.gsma.com/solutions-and-impact/connectivity-for-good/public-policy/mobile-policy-handbook/consumer-protection/mandatory-registration-of-prepaid-sims/
Libya,LBY,Africa,0,100,8,2026-06-26T19:28:30Z,2025-09-09T09:54:11.130311,0,,https://en.unesco.org/artificial-intelligence/observatory/policies?country=LY; https://www.unesco.org/ethics-ai/en/global-hub,0,Draft (no comprehensive law),https://unctad.org/page/data-protection-and-privacy-legislation-worldwide,0,No,https://www.unicef.org/libya/,0,No,https://unctad.org/page/data-protection-and-privacy-legislation-worldwide,0,,https://unctad.org/page/data-protection-and-privacy-legislation-worldwide,0,No,https://unctad.org/page/data-protection-and-privacy-legislation-worldwide,0,Criminalised (severe penalties),https://www.humandignitytrust.org/country-profile/libya/; https://ilga.org/ilga-world-maps/,0,Yes,https://ilga.org/ilga-world-maps/,0,No,https://www.unicef.org/libya/,0,Yes (biometric SIM registration required),https://www.gsma.com/solutions-and-impact/connectivity-for-good/public-policy/mobile-policy-handbook/consumer-protection/mandatory-registration-of-prepaid-sims/; https://privacyinternational.org/learn/sim-card-registration
Liechtenstein,LIE,Europe,20,0,10,2026-06-26T19:28:30Z,2025-09-09T09:54:11.130311,2,Adopted (cooperation with Switzerland; EU/EFTA alignment),https://en.unesco.org/artificial-intelligence/observatory/policies?country=LI; https://www.unesco.org/ethics-ai/en/global-hub,2,In force (GDPR implemented),https://unctad.org/page/data-protection-and-privacy-legislation-worldwide,2,Yes (GDPR COP provisions),https://unctad.org/page/data-protection-and-privacy-legislation-worldwide; https://www.unicef.org/liechtenstein/,2,Yes,https://unctad.org/page/data-protection-and-privacy-legislation-worldwide,2,Strong/Independent (Data Protection Office),https://unctad.org/page/data-protection-and-privacy-legislation-worldwide,2,Yes,https://unctad.org/page/data-protection-and-privacy-legislation-worldwide,2,Equality/Marriage (since 2011),https://www.humandignitytrust.org/country-profile/liechtenstein/; https://ilga.org/ilga-world-maps/,2,No,https://ilga.org/ilga-world-maps/,2,Yes (EU Safer Internet participation),https://www.unicef.org/liechtenstein/,2,No (SIM requires ID; no biometrics),https://www.gsma.com/solutions-and-impact/connectivity-for-good/public-policy/mobile-policy-handbook/consumer-protection/mandatory-registration-of-prepaid-sims/; https://privacyinternational.org/learn/sim-card-registration
Lithuania,LTU,Europe,16,20,10,2026-06-26T19:28:30Z,2025-09-09T09:54:11.130311,2,Adopted (AI Strategy 2019),https://en.unesco.org/artificial-intelligence/observatory/policies?country=LT; https://www.unesco.org/ethics-ai/en/global-hub,2,In force (GDPR + national law),https://unctad.org/page/data-protection-and-privacy-legislation-worldwide,2,Yes,https://unctad.org/page/data-protection-and-privacy-legislation-worldwide; https://www.unicef.org/lithuania/,2,Yes,https://unctad.org/page/data-protection-and-privacy-legislation-worldwide,2,Strong/Independent (State Data Protection Inspectorate),https://unctad.org/page/data-protection-and-privacy-legislation-worldwide,2,Yes,https://gdpr-info.eu/art-35-gdpr/,1,Legal (no marriage equality; partnerships debated),https://www.humandignitytrust.org/country-profile/lithuania/; https://ilga.org/ilga-world-maps/,1,Proposed/Unclear (Law on Minors restricts LGBTQ content),https://ilga.org/ilga-world-maps/,2,Yes (EU Safer Internet Centre),https://www.unicef.org/lithuania/,2,No,https://www.gsma.com/solutions-and-impact/connectivity-for-good/public-policy/mobile-policy-handbook/consumer-protection/mandatory-registration-of-prepaid-sims/
Luxembourg,LUX,Europe,20,0,10,2026-06-26T19:28:30Z,2025-09-09T09:54:11.130311,2,Adopted (AI Strategy 2019; EU AI Act alignment),https://en.unesco.org/artificial-intelligence/observatory/policies?country=LU; https://www.unesco.org/ethics-ai/en/global-hub,2,In force (GDPR + national law),https://unctad.org/page/data-protection-and-privacy-legislation-worldwide,2,Yes,https://unctad.org/page/data-protection-and-privacy-legislation-worldwide; https://www.unicef.org/luxembourg/,2,Yes,https://unctad.org/page/data-protection-and-privacy-legislation-worldwide,2,Strong/Independent (CNPD),https://unctad.org/page/data-protection-and-privacy-legislation-worldwide,2,Yes,https://gdpr-info.eu/art-35-gdpr/,2,Equality/Marriage (since 2015),https://www.humandignitytrust.org/country-profile/luxembourg/; https://ilga.org/ilga-world-maps/,2,No,https://ilga.org/ilga-world-maps/,2,Yes (EU Safer Internet Centre),https://www.unicef.org/luxembourg/,2,No,https://www.gsma.com/solutions-and-impact/connectivity-for-good/public-policy/mobile-policy-handbook/consumer-protection/mandatory-registration-of-prepaid-sims/
Malaysia,MYS,Asia,6,70,10,2026-06-26T19:28:30Z,2025-09-09T09:54:11.130311,2,Adopted (National AI Roadmap 2021–2025),https://en.unesco.org/artificial-intelligence/observatory/policies?country=MY; https://www.unesco.org/ethics-ai/en/global-hub,2,"In force (Personal Data Protection Act, 2010)",https://unctad.org/page/data-protection-and-privacy-legislation-worldwide,1,Partial (no COP-specific law; consumer protections exist),https://unctad.org/page/data-protection-and-privacy-legislation-worldwide; https://www.unicef.org/malaysia/,0,No,https://unctad.org/page/data-protection-and-privacy-legislation-worldwide,0,Weak (commissioner under Ministry of Communications),https://unctad.org/page/data-protection-and-privacy-legislation-worldwide,0,No,https://unctad.org/page/data-protection-and-privacy-legislation-worldwide,0,Criminalised (Penal Code Sections 377A/B),https://www.humandignitytrust.org/country-profile/malaysia/; https://ilga.org/ilga-world-maps/,0,Yes (censorship against LGBTQ content),https://ilga.org/ilga-world-maps/,1,Partial (awareness programs; no framework),https://www.unicef.org/malaysia/,0,Yes (SIM tied to ID; biometric capture common),https://www.gsma.com/solutions-and-impact/connectivity-for-good/public-policy/mobile-policy-handbook/consumer-protection/mandatory-registration-of-prepaid-sims/; https://privacyinternational.org/learn/sim-card-registration
Maldives,MDV,Asia,3,85,10,2026-06-26T19:28:30Z,2025-09-09T09:54:11.130311,1,Draft/Early (AI in digital transformation agenda; no standalone strategy),https://en.unesco.org/artificial-intelligence/observatory/policies?country=MV; https://www.unesco.org/ethics-ai/en/global-hub,2,"In force (Personal Data Protection Act, 2021)",https://unctad.org/page/data-protection-and-privacy-legislation-worldwide,0,No,https://www.unicef.org/maldives/,0,No,https://unctad.org/page/data-protection-and-privacy-legislation-worldwide,0,"Weak (regulator within Ministry of Environment, Climate Change & Technology)",https://unctad.org/page/data-protection-and-privacy-legislation-worldwide,0,No,https://unctad.org/page/data-protection-and-privacy-legislation-worldwide,0,Criminalised (Sharia-based laws),https://www.humandignitytrust.org/country-profile/maldives/; https://ilga.org/ilga-world-maps/,0,Yes,https://ilga.org/ilga-world-maps/,0,No,https://www.unicef.org/maldives/,0,Yes (SIMs tied to biometric ID),https://www.gsma.com/solutions-and-impact/connectivity-for-good/public-policy/mobile-policy-handbook/consumer-protection/mandatory-registration-of-prepaid-sims/; https://privacyinternational.org/learn/sim-card-registration
Mali,MLI,Africa,3,85,9,2026-06-26T19:28:30Z,2025-09-09T09:54:11.130311,0,,https://en.unesco.org/artificial-intelligence/observatory/policies?country=ML; https://www.unesco.org/ethics-ai/en/global-hub,2,In force (Law No. 2013-015 on Personal Data Protection),https://unctad.org/page/data-protection-and-privacy-legislation-worldwide,0,No,https://www.unicef.org/mali/,0,No,https://unctad.org/page/data-protection-and-privacy-legislation-worldwide,1,Moderate (Malian DPA established),https://unctad.org/page/data-protection-and-privacy-legislation-worldwide,0,No,https://unctad.org/page/data-protection-and-privacy-legislation-worldwide,0,Criminalised (Penal Code provisions),https://www.humandignitytrust.org/country-profile/mali/; https://ilga.org/ilga-world-maps/,0,Yes,https://ilga.org/ilga-world-maps/,0,No,https://www.unicef.org/mali/,0,Yes (biometric SIM registration mandatory),https://www.gsma.com/solutions-and-impact/connectivity-for-good/public-policy/mobile-policy-handbook/consumer-protection/mandatory-registration-of-prepaid-sims/; https://privacyinternational.org/learn/sim-card-registration
Malta,MLT,Europe,20,0,10,2026-06-26T19:28:30Z,2025-09-09T09:54:11.130311,2,"Adopted (AI in Malta Strategy, 2019)",https://en.unesco.org/artificial-intelligence/observatory/policies?country=MT; https://www.unesco.org/ethics-ai/en/global-hub,2,In force (GDPR + national law),https://unctad.org/page/data-protection-and-privacy-legislation-worldwide,2,Yes,https://unctad.org/page/data-protection-and-privacy-legislation-worldwide; https://www.unicef.org/malta/,2,Yes,https://unctad.org/page/data-protection-and-privacy-legislation-worldwide,2,Strong/Independent (Information and Data Protection Commissioner),https://unctad.org/page/data-protection-and-privacy-legislation-worldwide,2,Yes,https://gdpr-info.eu/art-35-gdpr/,2,Equality/Marriage (full rights),https://www.humandignitytrust.org/country-profile/malta/; https://ilga.org/ilga-world-maps/,2,No,https://ilga.org/ilga-world-maps/,2,Yes (EU Safer Internet Centre),https://www.unicef.org/malta/,2,No (SIM requires ID; no biometrics),https://www.gsma.com/solutions-and-impact/connectivity-for-good/public-policy/mobile-policy-handbook/consumer-protection/mandatory-registration-of-prepaid-sims/; https://privacyinternational.org/learn/sim-card-registration
Marshall Islands,MHL,Oceania,3,85,7,2026-06-26T19:28:30Z,2025-09-09T09:54:11.130311,0,,https://en.unesco.org/artificial-intelligence/observatory/policies?country=MH; https://www.unesco.org/ethics-ai/en/global-hub,0,,https://unctad.org/page/data-protection-and-privacy-legislation-worldwide,0,No,https://www.unicef.org/marshall-islands/,0,No,https://unctad.org/page/data-protection-and-privacy-legislation-worldwide,0,,https://unctad.org/page/data-protection-and-privacy-legislation-worldwide,0,No,https://unctad.org/page/data-protection-and-privacy-legislation-worldwide,1,Legal (decriminalised; no marriage equality),https://www.humandignitytrust.org/country-profile/marshall-islands/; https://ilga.org/ilga-world-maps/,2,No,https://ilga.org/ilga-world-maps/,0,No,https://www.unicef.org/marshall-islands/,0,Yes (SIM tied to ID),https://www.gsma.com/solutions-and-impact/connectivity-for-good/public-policy/mobile-policy-handbook/consumer-protection/mandatory-registration-of-prepaid-sims/
Mauritania,MRT,Africa,2,90,9,2026-06-26T19:28:30Z,2025-09-09T09:54:11.130311,0,,https://en.unesco.org/artificial-intelligence/observatory/policies?country=MR; https://www.unesco.org/ethics-ai/en/global-hub,2,In force (Law No. 2017-020 on Personal Data Protection),https://unctad.org/page/data-protection-and-privacy-legislation-worldwide,0,No,https://www.unicef.org/mauritania/,0,No,https://unctad.org/page/data-protection-and-privacy-legislation-worldwide,0,Weak (regulator under government),https://unctad.org/page/data-protection-and-privacy-legislation-worldwide,0,No,https://unctad.org/page/data-protection-and-privacy-legislation-worldwide,0,Criminalised (Sharia-based penalties),https://www.humandignitytrust.org/country-profile/mauritania/; https://ilga.org/ilga-world-maps/,0,Yes,https://ilga.org/ilga-world-maps/,0,No,https://www.unicef.org/mauritania/,0,Yes,https://www.gsma.com/solutions-and-impact/connectivity-for-good/public-policy/mobile-policy-handbook/consumer-protection/mandatory-registration-of-prepaid-sims/
Mexico,MEX,Americas,12,40,10,2026-06-26T19:28:30Z,2025-09-09T09:54:11.130311,1,Draft/Early (AI policy proposals 2018; no strategy adopted),https://en.unesco.org/artificial-intelligence/observatory/policies?country=MX; https://www.unesco.org/ethics-ai/en/global-hub,2,"In force (Federal Law on Protection of Personal Data Held by Private Parties, 2010)",https://unctad.org/page/data-protection-and-privacy-legislation-worldwide,1,Partial,https://unctad.org/page/data-protection-and-privacy-legislation-worldwide; https://www.unicef.org/mexico/,2,Yes,https://unctad.org/page/data-protection-and-privacy-legislation-worldwide,2,Strong/Independent (INAI),https://unctad.org/page/data-protection-and-privacy-legislation-worldwide,1,Partial (PIAs encouraged; not mandatory),https://unctad.org/page/data-protection-and-privacy-legislation-worldwide,2,Equality/Marriage (nationwide since 2022),https://www.humandignitytrust.org/country-profile/mexico/; https://ilga.org/ilga-world-maps/,2,No,https://ilga.org/ilga-world-maps/,1,Partial,https://www.unicef.org/mexico/,0,Yes (registry created 2021; later repealed),https://www.gsma.com/solutions-and-impact/connectivity-for-good/public-policy/mobile-policy-handbook/consumer-protection/mandatory-registration-of-prepaid-sims/
Micronesia (Federated States of),FSM,Oceania,3,85,7,2026-06-26T19:28:30Z,2025-09-09T09:54:11.130311,0,,https://www.unesco.org/ethics-ai/en/global-hub,0,,https://unctad.org/page/data-protection-and-privacy-legislation-worldwide,0,No,https://www.unicef.org/micronesia-federated-states-of/,0,No,https://unctad.org/page/data-protection-and-privacy-legislation-worldwide,0,,https://unctad.org/page/data-protection-and-privacy-legislation-worldwide,0,No,https://unctad.org/page/data-protection-and-privacy-legislation-worldwide,1,Legal (decriminalised; no recognition),https://www.humandignitytrust.org/country-profile/micronesia-federated-states-of/; https://ilga.org/ilga-world-maps/,2,No,https://ilga.org/ilga-world-maps/,0,No,https://www.unicef.org/micronesia-federated-states-of/,0,Yes (SIM tied to ID),https://www.gsma.com/solutions-and-impact/connectivity-for-good/public-policy/mobile-policy-handbook/consumer-protection/mandatory-registration-of-prepaid-sims/
Monaco,MCO,Europe,20,0,10,2026-06-26T19:28:30Z,2025-09-09T09:54:11.130311,2,Adopted (Digital Strategy 2019),https://en.unesco.org/artificial-intelligence/observatory/policies?country=MC; https://www.unesco.org/ethics-ai/en/global-hub,2,In force (GDPR-aligned),https://unctad.org/page/data-protection-and-privacy-legislation-worldwide,2,Yes,https://unctad.org/page/data-protection-and-privacy-legislation-worldwide; https://www.unicef.org/monaco/,2,Yes,https://unctad.org/page/data-protection-and-privacy-legislation-worldwide,2,Strong/Independent (CCIN),https://unctad.org/page/data-protection-and-privacy-legislation-worldwide,2,Yes,https://unctad.org/page/data-protection-and-privacy-legislation-worldwide,2,Equality/Marriage (since 2019),https://www.humandignitytrust.org/country-profile/monaco/; https://ilga.org/ilga-world-maps/,2,No,https://ilga.org/ilga-world-maps/,2,Yes,https://www.unicef.org/monaco/,2,No,https://www.gsma.com/solutions-and-impact/connectivity-for-good/public-policy/mobile-policy-handbook/consumer-protection/mandatory-registration-of-prepaid-sims/
Mongolia,MNG,Asia,8,60,10,2026-06-26T19:28:30Z,2025-09-09T09:54:11.130311,1,Draft/Early (Vision 2050; ICT strategies),https://en.unesco.org/artificial-intelligence/observatory/policies?country=MN; https://www.unesco.org/ethics-ai/en/global-hub,2,"In force (Law on Protection of Personal Data, 2021)",https://unctad.org/page/data-protection-and-privacy-legislation-worldwide,1,Partial,https://unctad.org/page/data-protection-and-privacy-legislation-worldwide; https://www.unicef.org/mongolia/,0,No,https://unctad.org/page/data-protection-and-privacy-legislation-worldwide,1,Moderate (new authority; limited independence),https://unctad.org/page/data-protection-and-privacy-legislation-worldwide,0,No,https://unctad.org/page/data-protection-and-privacy-legislation-worldwide,1,Legal (decriminalised 2002; no recognition),https://www.humandignitytrust.org/country-profile/mongolia/; https://ilga.org/ilga-world-maps/,2,No,https://ilga.org/ilga-world-maps/,0,No,https://www.unicef.org/mongolia/,0,Yes (SIM tied to ID),https://www.gsma.com/solutions-and-impact/connectivity-for-good/public-policy/mobile-policy-handbook/consumer-protection/mandatory-registration-of-prepaid-sims/
Montenegro,MNE,Europe,16,20,10,2026-06-26T19:28:30Z,2025-09-09T09:54:11.130311,1,Draft/Early (aligned with EU AI Act; candidate reforms),https://en.unesco.org/artificial-intelligence/observatory/policies?country=ME; https://www.unesco.org/ethics-ai/en/global-hub,2,"In force (GDPR-aligned Law on Personal Data Protection, 2018)",https://unctad.org/page/data-protection-and-privacy-legislation-worldwide,2,Yes,https://unctad.org/page/data-protection-and-privacy-legislation-worldwide; https://www.unicef.org/montenegro/,2,Yes,https://unctad.org/page/data-protection-and-privacy-legislation-worldwide,2,Strong (Agency for PDP and Free Access to Information),https://unctad.org/page/data-protection-and-privacy-legislation-worldwide,2,Yes,https://unctad.org/page/data-protection-and-privacy-legislation-worldwide,1,Legal (partnerships recognised 2020; no marriage),https://www.humandignitytrust.org/country-profile/montenegro/; https://ilga.org/ilga-world-maps/,2,No,https://ilga.org/ilga-world-maps/,2,Yes (Safer Internet initiatives),https://www.unicef.org/montenegro/,2,No,https://www.gsma.com/solutions-and-impact/connectivity-for-good/public-policy/mobile-policy-handbook/consumer-protection/mandatory-registration-of-prepaid-sims/
Morocco,MAR,Africa,3,85,10,2026-06-26T19:28:30Z,2025-09-09T09:54:11.130311,1,Draft/Early (Digital Morocco 2020; no formal AI strategy),https://en.unesco.org/artificial-intelligence/observatory/policies?country=MA; https://www.unesco.org/ethics-ai/en/global-hub,2,In force (Law No. 09-08 on Personal Data Protection),https://unctad.org/page/data-protection-and-privacy-legislation-worldwide,0,No,https://www.unicef.org/morocco/,0,No,https://unctad.org/page/data-protection-and-privacy-legislation-worldwide,0,Weak (CNDP under government influence),https://unctad.org/page/data-protection-and-privacy-legislation-worldwide,0,No,https://unctad.org/page/data-protection-and-privacy-legislation-worldwide,0,Criminalised (Penal Code Article 489),https://www.humandignitytrust.org/country-profile/morocco/; https://ilga.org/ilga-world-maps/,0,Yes,https://ilga.org/ilga-world-maps/,0,No,https://www.unicef.org/morocco/,0,Yes (ID required; biometrics used),https://www.gsma.com/solutions-and-impact/connectivity-for-good/public-policy/mobile-policy-handbook/consumer-protection/mandatory-registration-of-prepaid-sims/; https://privacyinternational.org/learn/sim-card-registration
Myanmar,MMR,Asia,0,100,7,2026-06-26T19:28:30Z,2025-09-09T09:54:11.130311,0,,https://en.unesco.org/artificial-intelligence/observatory/policies?country=MM; https://www.unesco.org/ethics-ai/en/global-hub,0,,https://unctad.org/page/data-protection-and-privacy-legislation-worldwide,0,No,https://www.unicef.org/myanmar/,0,No,https://unctad.org/page/data-protection-and-privacy-legislation-worldwide,0,,https://unctad.org/page/data-protection-and-privacy-legislation-worldwide,0,No,https://unctad.org/page/data-protection-and-privacy-legislation-worldwide,0,Criminalised (Penal Code Section 377),https://www.humandignitytrust.org/country-profile/myanmar/; https://ilga.org/ilga-world-maps/,0,Yes,https://ilga.org/ilga-world-maps/,0,No,https://www.unicef.org/myanmar/,0,Yes (SIM registration tied to biometric ID),https://www.gsma.com/solutions-and-impact/connectivity-for-good/public-policy/mobile-policy-handbook/consumer-protection/mandatory-registration-of-prepaid-sims/; https://privacyinternational.org/learn/sim-card-registration
Nauru,NRU,Oceania,3,85,7,2026-06-26T19:28:30Z,2025-09-09T09:54:11.130311,0,,https://en.unesco.org/artificial-intelligence/observatory/policies?country=NR; https://www.unesco.org/ethics-ai/en/global-hub,0,,https://unctad.org/page/data-protection-and-privacy-legislation-worldwide,0,No,https://www.unicef.org/nauru/,0,No,https://unctad.org/page/data-protection-and-privacy-legislation-worldwide,0,,https://unctad.org/page/data-protection-and-privacy-legislation-worldwide,0,No,https://unctad.org/page/data-protection-and-privacy-legislation-worldwide,1,Legal (decriminalised 2016; no recognition),https://www.humandignitytrust.org/country-profile/nauru/; https://ilga.org/ilga-world-maps/,2,No,https://ilga.org/ilga-world-maps/,0,No,https://www.unicef.org/nauru/,0,Yes,https://www.gsma.com/solutions-and-impact/connectivity-for-good/public-policy/mobile-policy-handbook/consumer-protection/mandatory-registration-of-prepaid-sims/
Nepal,NPL,Asia,6,70,10,2026-06-26T19:28:30Z,2025-09-09T09:54:11.130311,1,Draft/Early (AI research initiatives; no formal strategy),https://en.unesco.org/artificial-intelligence/observatory/policies?country=NP; https://www.unesco.org/ethics-ai/en/global-hub,0,Draft (Privacy and Data Protection Bill),https://unctad.org/page/data-protection-and-privacy-legislation-worldwide,0,No,https://www.unicef.org/nepal/,0,No,https://unctad.org/page/data-protection-and-privacy-legislation-worldwide,0,None yet,https://unctad.org/page/data-protection-and-privacy-legislation-worldwide,0,No,https://unctad.org/page/data-protection-and-privacy-legislation-worldwide,2,Legal (third gender recognised; same-sex marriage SC ruling 2023),https://www.humandignitytrust.org/country-profile/nepal/; https://ilga.org/ilga-world-maps/,2,No,https://ilga.org/ilga-world-maps/,1,Partial (child safety awareness programs),https://www.unicef.org/nepal/,0,Yes (SIM tied to biometric ID),https://www.gsma.com/solutions-and-impact/connectivity-for-good/public-policy/mobile-policy-handbook/consumer-protection/mandatory-registration-of-prepaid-sims/; https://privacyinternational.org/learn/sim-card-registration
Netherlands,NLD,Europe,20,0,10,2026-06-26T19:28:30Z,2025-09-09T09:54:11.130311,2,Adopted (Dutch AI Strategy 2019; EU AI Act alignment),https://en.unesco.org/artificial-intelligence/observatory/policies?country=NL; https://www.unesco.org/ethics-ai/en/global-hub,2,In force (GDPR + national law),https://unctad.org/page/data-protection-and-privacy-legislation-worldwide,2,Yes,https://unctad.org/page/data-protection-and-privacy-legislation-worldwide; https://www.unicef.org/netherlands/,2,Yes,https://unctad.org/page/data-protection-and-privacy-legislation-worldwide,2,Strong (Dutch Data Protection Authority),https://unctad.org/page/data-protection-and-privacy-legislation-worldwide,2,Yes,https://gdpr-info.eu/art-35-gdpr/,2,Equality/Marriage (since 2001),https://www.humandignitytrust.org/country-profile/netherlands/; https://ilga.org/ilga-world-maps/,2,No,https://ilga.org/ilga-world-maps/,2,Yes (EU Safer Internet Centre),https://www.unicef.org/netherlands/,2,No,https://www.gsma.com/solutions-and-impact/connectivity-for-good/public-policy/mobile-policy-handbook/consumer-protection/mandatory-registration-of-prepaid-sims/
New Zealand,NZL,Oceania,15,25,10,2026-06-26T19:28:30Z,2025-09-09T09:54:11.130311,1,Draft/Early (AI Action Plan under Digital Strategy for Aotearoa),https://en.unesco.org/artificial-intelligence/observatory/policies?country=NZ; https://www.unesco.org/ethics-ai/en/global-hub,2,In force (Privacy Act 2020),https://unctad.org/page/data-protection-and-privacy-legislation-worldwide,1,Partial (privacy rules cover minors; no COP-specific law),https://unctad.org/page/data-protection-and-privacy-legislation-worldwide; https://www.unicef.org/new-zealand/,2,Yes,https://unctad.org/page/data-protection-and-privacy-legislation-worldwide,2,Strong (Office of the Privacy Commissioner),https://unctad.org/page/data-protection-and-privacy-legislation-worldwide,1,Partial (risk assessments encouraged),https://unctad.org/page/data-protection-and-privacy-legislation-worldwide,2,Equality/Marriage (since 2013),https://www.humandignitytrust.org/country-profile/new-zealand/; https://ilga.org/ilga-world-maps/,2,No,https://ilga.org/ilga-world-maps/,2,Yes (NetSafe initiatives),https://www.unicef.org/new-zealand/,2,No,https://www.gsma.com/solutions-and-impact/connectivity-for-good/public-policy/mobile-policy-handbook/consumer-protection/mandatory-registration-of-prepaid-sims/
Nicaragua,NIC,Americas,3,85,9,2026-06-26T19:28:30Z,2025-09-09T09:54:11.130311,0,,https://en.unesco.org/artificial-intelligence/observatory/policies?country=NI; https://www.unesco.org/ethics-ai/en/global-hub,2,"In force (Law No. 787 on Personal Data Protection, 2012)",https://unctad.org/page/data-protection-and-privacy-legislation-worldwide,0,No,https://www.unicef.org/nicaragua/,0,No,https://unctad.org/page/data-protection-and-privacy-legislation-worldwide,0,Weak (regulator under government control),https://unctad.org/page/data-protection-and-privacy-legislation-worldwide,0,No,https://unctad.org/page/data-protection-and-privacy-legislation-worldwide,1,Legal (decriminalised 2008; no recognition),https://www.humandignitytrust.org/country-profile/nicaragua/; https://ilga.org/ilga-world-maps/,0,Yes (censorship powers used),https://ilga.org/ilga-world-maps/,0,No,https://www.unicef.org/nicaragua/,0,Yes,https://www.gsma.com/solutions-and-impact/connectivity-for-good/public-policy/mobile-policy-handbook/consumer-protection/mandatory-registration-of-prepaid-sims/
Niger,NER,Africa,0,100,8,2026-06-26T19:28:30Z,2025-09-09T09:54:11.130311,0,,https://en.unesco.org/artificial-intelligence/observatory/policies?country=NE; https://www.unesco.org/ethics-ai/en/global-hub,0,Draft — no comprehensive law,https://unctad.org/page/data-protection-and-privacy-legislation-worldwide,0,No,https://www.unicef.org/niger/,0,No,https://unctad.org/page/data-protection-and-privacy-legislation-worldwide,0,,https://unctad.org/page/data-protection-and-privacy-legislation-worldwide,0,No,https://unctad.org/page/data-protection-and-privacy-legislation-worldwide,0,Criminalised (Penal Code Art. 282),https://www.humandignitytrust.org/country-profile/niger/; https://ilga.org/ilga-world-maps/,0,Yes,https://ilga.org/ilga-world-maps/,0,No,https://www.unicef.org/niger/,0,Yes — biometric SIM registration mandatory,https://www.gsma.com/solutions-and-impact/connectivity-for-good/public-policy/mobile-policy-handbook/consumer-protection/mandatory-registration-of-prepaid-sims/; https://privacyinternational.org/learn/sim-card-registration
Nigeria,NGA,Africa,5,75,10,2026-06-26T19:28:30Z,2025-09-09T09:54:11.130311,1,Draft/Early — National AI Strategy in development (2023),https://en.unesco.org/artificial-intelligence/observatory/policies?country=NG; https://www.unesco.org/ethics-ai/en/global-hub,2,In force — Nigeria Data Protection Act (2023),https://unctad.org/page/data-protection-and-privacy-legislation-worldwide,1,Partial,https://unctad.org/page/data-protection-and-privacy-legislation-worldwide; https://www.unicef.org/nigeria/,0,No,https://unctad.org/page/data-protection-and-privacy-legislation-worldwide,1,Moderate — NDPB (2022) under Ministry,https://unctad.org/page/data-protection-and-privacy-legislation-worldwide,0,No,https://unctad.org/page/data-protection-and-privacy-legislation-worldwide,0,Criminalised — Same-Sex Marriage (Prohibition) Act (2014),https://www.humandignitytrust.org/country-profile/nigeria/; https://ilga.org/ilga-world-maps/,0,Yes,https://ilga.org/ilga-world-maps/,0,No,https://www.unicef.org/nigeria/,0,Yes — SIM-NIN biometric linkage mandatory,https://www.gsma.com/solutions-and-impact/connectivity-for-good/public-policy/mobile-policy-handbook/consumer-protection/mandatory-registration-of-prepaid-sims/; https://privacyinternational.org/learn/sim-card-registration
North Macedonia,MKD,Europe,16,20,10,2026-06-26T19:28:30Z,2025-09-09T09:54:11.130311,1,Draft/Early — National AI Strategy 2021,https://en.unesco.org/artificial-intelligence/observatory/policies?country=MK; https://www.unesco.org/ethics-ai/en/global-hub,2,In force — GDPR-aligned (2020),https://unctad.org/page/data-protection-and-privacy-legislation-worldwide,2,Yes,https://unctad.org/page/data-protection-and-privacy-legislation-worldwide; https://www.unicef.org/north-macedonia/,2,Yes,https://unctad.org/page/data-protection-and-privacy-legislation-worldwide,2,Strong — Agency for PDP,https://unctad.org/page/data-protection-and-privacy-legislation-worldwide,2,Yes,https://unctad.org/page/data-protection-and-privacy-legislation-worldwide,1,"Legal — partnerships pending, no marriage",https://www.humandignitytrust.org/country-profile/north-macedonia/; https://ilga.org/ilga-world-maps/,2,No,https://ilga.org/ilga-world-maps/,2,Yes — Safer Internet Centre,https://www.unicef.org/north-macedonia/,2,No,https://www.gsma.com/solutions-and-impact/connectivity-for-good/public-policy/mobile-policy-handbook/consumer-protection/mandatory-registration-of-prepaid-sims/
Norway,NOR,Europe,20,0,10,2026-06-26T19:28:30Z,2025-09-09T09:54:11.130311,2,Adopted — National AI Strategy (2020),https://en.unesco.org/artificial-intelligence/observatory/policies?country=NO; https://www.unesco.org/ethics-ai/en/global-hub,2,In force — GDPR + national law,https://unctad.org/page/data-protection-and-privacy-legislation-worldwide,2,Yes,https://unctad.org/page/data-protection-and-privacy-legislation-worldwide; https://www.unicef.org/norway/,2,Yes,https://unctad.org/page/data-protection-and-privacy-legislation-worldwide,2,Strong — Datatilsynet,https://unctad.org/page/data-protection-and-privacy-legislation-worldwide,2,Yes,https://unctad.org/page/data-protection-and-privacy-legislation-worldwide,2,Equality/Marriage — full equality,https://www.humandignitytrust.org/country-profile/norway/; https://ilga.org/ilga-world-maps/,2,No,https://ilga.org/ilga-world-maps/,2,Yes,https://www.unicef.org/norway/,2,No,https://www.gsma.com/solutions-and-impact/connectivity-for-good/public-policy/mobile-policy-handbook/consumer-protection/mandatory-registration-of-prepaid-sims/
Oman,OMN,Asia,3,85,10,2026-06-26T19:28:30Z,2025-09-09T09:54:11.130311,1,Draft/Early — Vision 2040,https://en.unesco.org/artificial-intelligence/observatory/policies?country=OM; https://www.unesco.org/ethics-ai/en/global-hub,2,In force — PDPL 2022,https://unctad.org/page/data-protection-and-privacy-legislation-worldwide,0,No,https://www.unicef.org/oman/,0,No,https://unctad.org/page/data-protection-and-privacy-legislation-worldwide,0,Weak — regulator under Ministry,https://unctad.org/page/data-protection-and-privacy-legislation-worldwide,0,No,https://unctad.org/page/data-protection-and-privacy-legislation-worldwide,0,Criminalised,https://www.humandignitytrust.org/country-profile/oman/; https://ilga.org/ilga-world-maps/,0,Yes,https://ilga.org/ilga-world-maps/,0,No,https://www.unicef.org/oman/,0,Yes,https://www.gsma.com/solutions-and-impact/connectivity-for-good/public-policy/mobile-policy-handbook/consumer-protection/mandatory-registration-of-prepaid-sims/
Pakistan,PAK,Asia,1,95,10,2026-06-26T19:28:30Z,2025-09-09T09:54:11.130311,1,Draft/Early — AI Policy Framework 2021; National AI Policy 2023 in consultation,https://en.unesco.org/artificial-intelligence/observatory/policies?country=PK; https://www.unesco.org/ethics-ai/en/global-hub,0,Draft — PDP Bill not enacted,https://unctad.org/page/data-protection-and-privacy-legislation-worldwide,0,No,https://www.unicef.org/pakistan/,0,No,https://unctad.org/page/data-protection-and-privacy-legislation-worldwide,0,None yet,https://unctad.org/page/data-protection-and-privacy-legislation-worldwide,0,No,https://unctad.org/page/data-protection-and-privacy-legislation-worldwide,0,Criminalised — Penal Code 377,https://www.humandignitytrust.org/country-profile/pakistan/; https://ilga.org/ilga-world-maps/,0,Yes,https://ilga.org/ilga-world-maps/,0,No,https://www.unicef.org/pakistan/,0,Yes — biometric SIM compulsory,https://www.gsma.com/solutions-and-impact/connectivity-for-good/public-policy/mobile-policy-handbook/consumer-protection/mandatory-registration-of-prepaid-sims/; https://privacyinternational.org/learn/sim-card-registration
Palau,PLW,Oceania,3,85,7,2026-06-26T19:28:30Z,2025-09-09T09:54:11.130311,0,,https://en.unesco.org/artificial-intelligence/observatory/policies?country=PW; https://www.unesco.org/ethics-ai/en/global-hub,0,,https://unctad.org/page/data-protection-and-privacy-legislation-worldwide,0,No,https://www.unicef.org/palau/,0,No,https://unctad.org/page/data-protection-and-privacy-legislation-worldwide,0,,https://unctad.org/page/data-protection-and-privacy-legislation-worldwide,0,No,https://unctad.org/page/data-protection-and-privacy-legislation-worldwide,1,"Legal — decriminalised 2014, no recognition",https://www.humandignitytrust.org/country-profile/palau/; https://ilga.org/ilga-world-maps/,2,No,https://ilga.org/ilga-world-maps/,0,No,https://www.unicef.org/palau/,0,Yes,https://www.gsma.com/solutions-and-impact/connectivity-for-good/public-policy/mobile-policy-handbook/consumer-protection/mandatory-registration-of-prepaid-sims/
Panama,PAN,Americas,8,60,10,2026-06-26T19:28:30Z,2025-09-09T09:54:11.130311,1,Draft/Early — Digital Agenda Panama 4.0,https://en.unesco.org/artificial-intelligence/observatory/policies?country=PA; https://www.unesco.org/ethics-ai/en/global-hub,2,In force — Law 81 (2019),https://unctad.org/page/data-protection-and-privacy-legislation-worldwide,1,Partial,https://unctad.org/page/data-protection-and-privacy-legislation-worldwide; https://www.unicef.org/panama/,0,No,https://unctad.org/page/data-protection-and-privacy-legislation-worldwide,0,Weak — regulator under Ministry,https://unctad.org/page/data-protection-and-privacy-legislation-worldwide,0,No,https://unctad.org/page/data-protection-and-privacy-legislation-worldwide,1,"Legal — decriminalised 2008, no marriage",https://www.humandignitytrust.org/country-profile/panama/; https://ilga.org/ilga-world-maps/,2,No,https://ilga.org/ilga-world-maps/,1,Partial,https://www.unicef.org/panama/,0,Yes — SIM tied to ID,https://www.gsma.com/solutions-and-impact/connectivity-for-good/public-policy/mobile-policy-handbook/consumer-protection/mandatory-registration-of-prepaid-sims/
Papua New Guinea,PNG,Oceania,0,100,8,2026-06-26T19:28:30Z,2025-09-09T09:54:11.130311,0,,https://en.unesco.org/artificial-intelligence/observatory/policies?country=PG; https://www.unesco.org/ethics-ai/en/global-hub,0,Draft — Data Protection Bill 2022,https://unctad.org/page/data-protection-and-privacy-legislation-worldwide,0,No,https://www.unicef.org/papua-new-guinea/,0,No,https://unctad.org/page/data-protection-and-privacy-legislation-worldwide,0,,https://unctad.org/page/data-protection-and-privacy-legislation-worldwide,0,No,https://unctad.org/page/data-protection-and-privacy-legislation-worldwide,0,Criminalised — Penal Code Sec. 210,https://www.humandignitytrust.org/country-profile/papua-new-guinea/; https://ilga.org/ilga-world-maps/,0,Yes,https://ilga.org/ilga-world-maps/,0,No,https://www.unicef.org/papua-new-guinea/,0,Yes,https://www.gsma.com/solutions-and-impact/connectivity-for-good/public-policy/mobile-policy-handbook/consumer-protection/mandatory-registration-of-prepaid-sims/
Paraguay,PRY,Americas,2,90,9,2026-06-26T19:28:30Z,2025-09-09T09:54:11.130311,1,Draft/Early — Digital Agenda 2020,https://en.unesco.org/artificial-intelligence/observatory/policies?country=PY; https://www.unesco.org/ethics-ai/en/global-hub,0,Draft — bill pending,https://unctad.org/page/data-protection-and-privacy-legislation-worldwide,0,No,https://www.unicef.org/paraguay/,0,No,https://unctad.org/page/data-protection-and-privacy-legislation-worldwide,0,,https://unctad.org/page/data-protection-and-privacy-legislation-worldwide,0,No,https://unctad.org/page/data-protection-and-privacy-legislation-worldwide,1,"Legal — decriminalised 1989, no recognition",https://www.humandignitytrust.org/country-profile/paraguay/; https://ilga.org/ilga-world-maps/,0,Yes — media restrictions on LGBTQ content,https://ilga.org/ilga-world-maps/,0,No,https://www.unicef.org/paraguay/,0,Yes,https://www.gsma.com/solutions-and-impact/connectivity-for-good/public-policy/mobile-policy-handbook/consumer-protection/mandatory-registration-of-prepaid-sims/
Peru,PER,Americas,9,55,10,2026-06-26T19:28:30Z,2025-09-09T09:54:11.130311,1,Draft/Early — AI in Digital Agenda 2.0,https://en.unesco.org/artificial-intelligence/observatory/policies?country=PE; https://www.unesco.org/ethics-ai/en/global-hub,2,In force — Law No. 29733 (2011),https://unctad.org/page/data-protection-and-privacy-legislation-worldwide,1,Partial,https://unctad.org/page/data-protection-and-privacy-legislation-worldwide; https://www.unicef.org/peru/,0,No,https://unctad.org/page/data-protection-and-privacy-legislation-worldwide,1,Moderate — authority under Ministry of Justice,https://unctad.org/page/data-protection-and-privacy-legislation-worldwide,0,No,https://unctad.org/page/data-protection-and-privacy-legislation-worldwide,1,Legal — no recognition,https://www.humandignitytrust.org/country-profile/peru/; https://ilga.org/ilga-world-maps/,2,No,https://ilga.org/ilga-world-maps/,1,Partial,https://www.unicef.org/peru/,0,Yes,https://www.gsma.com/solutions-and-impact/connectivity-for-good/public-policy/mobile-policy-handbook/consumer-protection/mandatory-registration-of-prepaid-sims/
Philippines,PHL,Asia,9,55,10,2026-06-26T19:28:30Z,2025-09-09T09:54:11.130311,1,Draft/Early — AI Roadmap 2021,https://en.unesco.org/artificial-intelligence/observatory/policies?country=PH; https://www.unesco.org/ethics-ai/en/global-hub,2,In force — Data Privacy Act (2012),https://unctad.org/page/data-protection-and-privacy-legislation-worldwide,1,Partial,https://unctad.org/page/data-protection-and-privacy-legislation-worldwide; https://www.unicef.org/philippines/,0,No,https://unctad.org/page/data-protection-and-privacy-legislation-worldwide,1,Moderate — National Privacy Commission,https://unctad.org/page/data-protection-and-privacy-legislation-worldwide,0,No,https://unctad.org/page/data-protection-and-privacy-legislation-worldwide,1,Legal — no recognition,https://www.humandignitytrust.org/country-profile/philippines/; https://ilga.org/ilga-world-maps/,2,No,https://ilga.org/ilga-world-maps/,1,Partial,https://www.unicef.org/philippines/,0,Yes — SIM Registration Act 2022,https://www.gsma.com/solutions-and-impact/connectivity-for-good/public-policy/mobile-policy-handbook/consumer-protection/mandatory-registration-of-prepaid-sims/
Poland,POL,Europe,15,25,10,2026-06-26T19:28:30Z,2025-09-09T09:54:11.130311,2,Adopted — National AI Policy 2020,https://en.unesco.org/artificial-intelligence/observatory/policies?country=PL; https://www.unesco.org/ethics-ai/en/global-hub,2,In force — GDPR,https://unctad.org/page/data-protection-and-privacy-legislation-worldwide,2,Yes,https://unctad.org/page/data-protection-and-privacy-legislation-worldwide; https://www.unicef.org/poland/,2,Yes,https://unctad.org/page/data-protection-and-privacy-legislation-worldwide,2,Strong — UODO,https://unctad.org/page/data-protection-and-privacy-legislation-worldwide,2,Yes,https://gdpr-info.eu/art-35-gdpr/,1,Legal — no marriage equality,https://www.humandignitytrust.org/country-profile/poland/; https://ilga.org/ilga-world-maps/,0,Yes — “LGBT-free zones”,https://ilga.org/ilga-world-maps/,2,Yes — EU Safer Internet Centre,https://www.unicef.org/poland/,2,No,https://www.gsma.com/solutions-and-impact/connectivity-for-good/public-policy/mobile-policy-handbook/consumer-protection/mandatory-registration-of-prepaid-sims/
Portugal,PRT,Europe,20,0,10,2026-06-26T19:28:30Z,2025-09-09T09:54:11.130311,2,Adopted — National AI Strategy 2019,https://en.unesco.org/artificial-intelligence/observatory/policies?country=PT; https://www.unesco.org/ethics-ai/en/global-hub,2,In force — GDPR,https://unctad.org/page/data-protection-and-privacy-legislation-worldwide,2,Yes,https://unctad.org/page/data-protection-and-privacy-legislation-worldwide; https://www.unicef.org/portugal/,2,Yes,https://unctad.org/page/data-protection-and-privacy-legislation-worldwide,2,Strong — CNPD,https://unctad.org/page/data-protection-and-privacy-legislation-worldwide,2,Yes,https://gdpr-info.eu/art-35-gdpr/,2,Equality/Marriage — since 2010,https://www.humandignitytrust.org/country-profile/portugal/; https://ilga.org/ilga-world-maps/,2,No,https://ilga.org/ilga-world-maps/,2,Yes — EU Safer Internet Centre,https://www.unicef.org/portugal/,2,No,https://www.gsma.com/solutions-and-impact/connectivity-for-good/public-policy/mobile-policy-handbook/consumer-protection/mandatory-registration-of-prepaid-sims/
Qatar,QAT,Asia,3,85,10,2026-06-26T19:28:30Z,2025-09-09T09:54:11.130311,1,Draft/Early — AI Strategy 2019,https://en.unesco.org/artificial-intelligence/observatory/policies?country=QA; https://www.unesco.org/ethics-ai/en/global-hub,2,In force — Law No. 13/2016,https://unctad.org/page/data-protection-and-privacy-legislation-worldwide,0,No,https://www.unicef.org/qatar/,0,No,https://unctad.org/page/data-protection-and-privacy-legislation-worldwide,0,Weak — regulator in Ministry,https://unctad.org/page/data-protection-and-privacy-legislation-worldwide,0,No,https://unctad.org/page/data-protection-and-privacy-legislation-worldwide,0,Criminalised,https://www.humandignitytrust.org/country-profile/qatar/; https://ilga.org/ilga-world-maps/,0,Yes,https://ilga.org/ilga-world-maps/,0,No,https://www.unicef.org/qatar/,0,Yes,https://www.gsma.com/solutions-and-impact/connectivity-for-good/public-policy/mobile-policy-handbook/consumer-protection/mandatory-registration-of-prepaid-sims/
Republic of Korea,KOR,Asia,13,35,10,2026-06-26T19:28:30Z,2025-09-09T09:54:11.130311,2,Adopted — AI National Strategy 2019,https://www.unesco.org/ethics-ai/en/global-hub,2,In force — PIPA (2011),https://unctad.org/page/data-protection-and-privacy-legislation-worldwide,2,Yes,https://unctad.org/page/data-protection-and-privacy-legislation-worldwide; https://www.unicef.org/republic-of-korea/,0,No explicit protection,https://unctad.org/page/data-protection-and-privacy-legislation-worldwide,2,Strong — PIPC,https://unctad.org/page/data-protection-and-privacy-legislation-worldwide,2,Yes,https://unctad.org/page/data-protection-and-privacy-legislation-worldwide,1,Legal — no marriage equality,https://www.humandignitytrust.org/country-profile/republic-of-korea/; https://ilga.org/ilga-world-maps/,2,No,https://ilga.org/ilga-world-maps/,2,Yes,https://www.unicef.org/republic-of-korea/,0,"Yes — tied to ID, not biometrics",https://www.gsma.com/solutions-and-impact/connectivity-for-good/public-policy/mobile-policy-handbook/consumer-protection/mandatory-registration-of-prepaid-sims/; https://privacyinternational.org/learn/sim-card-registration
Republic of Moldova,MDA,Europe,8,60,10,2026-06-26T19:28:30Z,2025-09-09T09:54:11.130311,1,Draft/Early — Digital Moldova 2020,https://en.unesco.org/artificial-intelligence/observatory/policies?country=MD; https://www.unesco.org/ethics-ai/en/global-hub,2,In force — Law 133/2011,https://unctad.org/page/data-protection-and-privacy-legislation-worldwide,1,Partial,https://unctad.org/page/data-protection-and-privacy-legislation-worldwide; https://www.unicef.org/republic-of-moldova/,2,Yes,https://unctad.org/page/data-protection-and-privacy-legislation-worldwide,1,Moderate — NCPDP under Parliament,https://unctad.org/page/data-protection-and-privacy-legislation-worldwide,0,No,https://unctad.org/page/data-protection-and-privacy-legislation-worldwide,1,Legal — no recognition,https://www.humandignitytrust.org/country-profile/republic-of-moldova/; https://ilga.org/ilga-world-maps/,0,Yes — propaganda bans,https://ilga.org/ilga-world-maps/,1,Partial,https://www.unicef.org/republic-of-moldova/,0,Yes,https://www.gsma.com/solutions-and-impact/connectivity-for-good/public-policy/mobile-policy-handbook/consumer-protection/mandatory-registration-of-prepaid-sims/
Romania,ROU,Europe,16,20,10,2026-06-26T19:28:30Z,2025-09-09T09:54:11.130311,1,Draft/Early — AI Strategy under development,https://en.unesco.org/artificial-intelligence/observatory/policies?country=RO; https://www.unesco.org/ethics-ai/en/global-hub,2,In force — GDPR,https://unctad.org/page/data-protection-and-privacy-legislation-worldwide,2,Yes,https://unctad.org/page/data-protection-and-privacy-legislation-worldwide; https://www.unicef.org/romania/,2,Yes,https://unctad.org/page/data-protection-and-privacy-legislation-worldwide,2,Strong — ANSPDCP,https://unctad.org/page/data-protection-and-privacy-legislation-worldwide,2,Yes,https://gdpr-info.eu/art-35-gdpr/,1,Legal — no marriage equality,https://www.humandignitytrust.org/country-profile/romania/; https://ilga.org/ilga-world-maps/,2,No,https://ilga.org/ilga-world-maps/,2,Yes — EU Safer Internet Centre,https://www.unicef.org/romania/,2,No,https://www.gsma.com/solutions-and-impact/connectivity-for-good/public-policy/mobile-policy-handbook/consumer-protection/mandatory-registration-of-prepaid-sims/
Russian Federation,RUS,Europe,4,80,10,2026-06-26T19:28:30Z,2025-09-09T09:54:11.130311,2,Adopted — AI National Strategy 2019,https://en.unesco.org/artificial-intelligence/observatory/policies?country=RU; https://www.unesco.org/ethics-ai/en/global-hub,2,In force — Federal Law 152-FZ (2006),https://unctad.org/page/data-protection-and-privacy-legislation-worldwide,0,No,https://www.unicef.org/russian-federation/,0,No,https://unctad.org/page/data-protection-and-privacy-legislation-worldwide,0,Weak — Roskomnadzor under executive,https://unctad.org/page/data-protection-and-privacy-legislation-worldwide,0,No,https://unctad.org/page/data-protection-and-privacy-legislation-worldwide,0,Criminalised — anti-'propaganda' law (2022),https://www.humandignitytrust.org/country-profile/russian-federation/; https://ilga.org/ilga-world-maps/,0,Yes,https://ilga.org/ilga-world-maps/,0,No,https://www.unicef.org/russian-federation/,0,Yes,https://www.gsma.com/solutions-and-impact/connectivity-for-good/public-policy/mobile-policy-handbook/consumer-protection/mandatory-registration-of-prepaid-sims/
Rwanda,RWA,Africa,8,60,10,2026-06-26T19:28:30Z,2025-09-09T09:54:11.130311,1,Draft/Early — Smart Rwanda Master Plan,https://en.unesco.org/artificial-intelligence/observatory/policies?country=RW; https://www.unesco.org/ethics-ai/en/global-hub,2,In force — Data Protection and Privacy Law (2021),https://unctad.org/page/data-protection-and-privacy-legislation-worldwide,1,Partial,https://unctad.org/page/data-protection-and-privacy-legislation-worldwide; https://www.unicef.org/rwanda/,0,No,https://unctad.org/page/data-protection-and-privacy-legislation-worldwide,1,Moderate — regulator under NCSA,https://unctad.org/page/data-protection-and-privacy-legislation-worldwide,0,No,https://unctad.org/page/data-protection-and-privacy-legislation-worldwide,1,Legal — no recognition,https://www.humandignitytrust.org/country-profile/rwanda/; https://ilga.org/ilga-world-maps/,2,No,https://ilga.org/ilga-world-maps/,1,Partial,https://www.unicef.org/rwanda/,0,Yes,https://www.gsma.com/solutions-and-impact/connectivity-for-good/public-policy/mobile-policy-handbook/consumer-protection/mandatory-registration-of-prepaid-sims/
Saint Kitts and Nevis,KNA,Americas,3,85,8,2026-06-26T19:28:30Z,2025-09-09T09:54:11.130311,0,,https://en.unesco.org/artificial-intelligence/observatory/policies?country=KN; https://www.unesco.org/ethics-ai/en/global-hub,0,"Draft — Data Protection Bill introduced 2018, not yet enacted",https://unctad.org/page/data-protection-and-privacy-legislation-worldwide,0,No,https://www.unicef.org/saint-kitts-and-nevis/,0,No,https://unctad.org/page/data-protection-and-privacy-legislation-worldwide,0,,https://unctad.org/page/data-protection-and-privacy-legislation-worldwide,0,No,https://unctad.org/page/data-protection-and-privacy-legislation-worldwide,1,Legal — High Court struck down sodomy law in 2022,https://www.humandignitytrust.org/country-profile/saint-kitts-and-nevis/; https://ilga.org/ilga-world-maps/,2,No,https://ilga.org/ilga-world-maps/,0,No,https://www.unicef.org/saint-kitts-and-nevis/,0,"Yes — SIM registration required, ID-based",https://www.gsma.com/solutions-and-impact/connectivity-for-good/public-policy/mobile-policy-handbook/consumer-protection/mandatory-registration-of-prepaid-sims/
Saint Lucia,LCA,Americas,5,75,9,2026-06-26T19:28:30Z,2025-09-09T09:54:11.130311,0,,https://en.unesco.org/artificial-intelligence/observatory/policies?country=LC; https://www.unesco.org/ethics-ai/en/global-hub,2,In force — Data Protection Act 2011 (not fully implemented),https://unctad.org/page/data-protection-and-privacy-legislation-worldwide,0,No,https://www.unicef.org/saint-lucia/,0,No,https://unctad.org/page/data-protection-and-privacy-legislation-worldwide,0,Weak — not fully operational,https://unctad.org/page/data-protection-and-privacy-legislation-worldwide,0,No,https://unctad.org/page/data-protection-and-privacy-legislation-worldwide,1,Legal — sodomy law struck down 2022,https://www.humandignitytrust.org/country-profile/saint-lucia/; https://ilga.org/ilga-world-maps/,2,No,https://ilga.org/ilga-world-maps/,0,No,https://www.unicef.org/saint-lucia/,0,Yes,https://www.gsma.com/solutions-and-impact/connectivity-for-good/public-policy/mobile-policy-handbook/consumer-protection/mandatory-registration-of-prepaid-sims/
Saint Vincent and the Grenadines,VCT,Americas,3,85,7,2026-06-26T19:28:30Z,2025-09-09T09:54:11.130311,0,,https://en.unesco.org/artificial-intelligence/observatory/policies?country=VC; https://www.unesco.org/ethics-ai/en/global-hub,0,,https://unctad.org/page/data-protection-and-privacy-legislation-worldwide,0,No,https://www.unicef.org/saint-vincent-and-the-grenadines/,0,No,https://unctad.org/page/data-protection-and-privacy-legislation-worldwide,0,,https://unctad.org/page/data-protection-and-privacy-legislation-worldwide,0,No,https://unctad.org/page/data-protection-and-privacy-legislation-worldwide,1,Legal — sodomy law struck down 2022,https://www.humandignitytrust.org/country-profile/saint-vincent-and-the-grenadines/; https://ilga.org/ilga-world-maps/,2,No,https://ilga.org/ilga-world-maps/,0,No,https://www.unicef.org/saint-vincent-and-the-grenadines/,0,Yes,https://www.gsma.com/solutions-and-impact/connectivity-for-good/public-policy/mobile-policy-handbook/consumer-protection/mandatory-registration-of-prepaid-sims/
Samoa,WSM,Oceania,0,100,8,2026-06-26T19:28:30Z,2025-09-09T09:54:11.130311,0,,https://en.unesco.org/artificial-intelligence/observatory/policies?country=WS; https://www.unesco.org/ethics-ai/en/global-hub,0,Draft — DP Bill pending,https://unctad.org/page/data-protection-and-privacy-legislation-worldwide,0,No,https://www.unicef.org/samoa/,0,No,https://unctad.org/page/data-protection-and-privacy-legislation-worldwide,0,,https://unctad.org/page/data-protection-and-privacy-legislation-worldwide,0,No,https://unctad.org/page/data-protection-and-privacy-legislation-worldwide,0,Criminalised — sodomy law still in force,https://www.humandignitytrust.org/country-profile/samoa/; https://ilga.org/ilga-world-maps/,0,Yes,https://ilga.org/ilga-world-maps/,0,No,https://www.unicef.org/samoa/,0,Yes,https://www.gsma.com/solutions-and-impact/connectivity-for-good/public-policy/mobile-policy-handbook/consumer-protection/mandatory-registration-of-prepaid-sims/
San Marino,SMR,Europe,17,15,10,2026-06-26T19:28:30Z,2025-09-09T09:54:11.130311,1,Draft/Early — aligned with EU strategies,https://en.unesco.org/artificial-intelligence/observatory/policies?country=SM; https://www.unesco.org/ethics-ai/en/global-hub,2,In force — GDPR-aligned law,https://unctad.org/page/data-protection-and-privacy-legislation-worldwide,2,Yes,https://unctad.org/page/data-protection-and-privacy-legislation-worldwide; https://www.unicef.org/san-marino/,2,Yes,https://unctad.org/page/data-protection-and-privacy-legislation-worldwide,2,Strong,https://unctad.org/page/data-protection-and-privacy-legislation-worldwide,2,Yes,https://unctad.org/page/data-protection-and-privacy-legislation-worldwide,2,"Equality — civil unions (2016), marriage recognition (2019)",https://www.humandignitytrust.org/country-profile/san-marino/; https://ilga.org/ilga-world-maps/,2,No,https://ilga.org/ilga-world-maps/,2,Yes — EU Safer Internet,https://www.unicef.org/san-marino/,2,No,https://www.gsma.com/solutions-and-impact/connectivity-for-good/public-policy/mobile-policy-handbook/consumer-protection/mandatory-registration-of-prepaid-sims/
Sao Tome and Principe,STP,Africa,3,85,7,2026-06-26T19:28:30Z,2025-09-09T09:54:11.130311,0,,https://en.unesco.org/artificial-intelligence/observatory/policies?country=ST; https://www.unesco.org/ethics-ai/en/global-hub,0,,https://unctad.org/page/data-protection-and-privacy-legislation-worldwide,0,No,https://www.unicef.org/sao-tome-and-principe/,0,No,https://unctad.org/page/data-protection-and-privacy-legislation-worldwide,0,,https://unctad.org/page/data-protection-and-privacy-legislation-worldwide,0,No,https://unctad.org/page/data-protection-and-privacy-legislation-worldwide,1,"Legal — decriminalised 2012, no recognition",https://www.humandignitytrust.org/country-profile/sao-tome-and-principe/; https://ilga.org/ilga-world-maps/,2,No,https://ilga.org/ilga-world-maps/,0,No,https://www.unicef.org/sao-tome-and-principe/,0,Yes,https://www.gsma.com/solutions-and-impact/connectivity-for-good/public-policy/mobile-policy-handbook/consumer-protection/mandatory-registration-of-prepaid-sims/
Saudi Arabia,SAU,Asia,4,80,10,2026-06-26T19:28:30Z,2025-09-09T09:54:11.130311,2,Adopted — Saudi Data & AI Authority (SDAIA) Strategy 2020,https://en.unesco.org/artificial-intelligence/observatory/policies?country=SA; https://www.unesco.org/ethics-ai/en/global-hub,2,In force — Personal Data Protection Law 2021,https://unctad.org/page/data-protection-and-privacy-legislation-worldwide,0,No,https://www.unicef.org/saudi-arabia/,0,No,https://unctad.org/page/data-protection-and-privacy-legislation-worldwide,0,Weak — regulator under executive,https://unctad.org/page/data-protection-and-privacy-legislation-worldwide,0,No,https://unctad.org/page/data-protection-and-privacy-legislation-worldwide,0,Criminalised — severe penalties,https://www.humandignitytrust.org/country-profile/saudi-arabia/; https://ilga.org/ilga-world-maps/,0,Yes,https://ilga.org/ilga-world-maps/,0,No,https://www.unicef.org/saudi-arabia/,0,Yes,https://www.gsma.com/solutions-and-impact/connectivity-for-good/public-policy/mobile-policy-handbook/consumer-protection/mandatory-registration-of-prepaid-sims/
Senegal,SEN,Africa,6,70,10,2026-06-26T19:28:30Z,2025-09-09T09:54:11.130311,1,Draft/Early — AI included in Digital Senegal Strategy 2025,https://en.unesco.org/artificial-intelligence/observatory/policies?country=SN; https://www.unesco.org/ethics-ai/en/global-hub,2,In force — Law 2008-12 on Personal Data Protection,"UNCTAD Data Protection Tracker, accessed 2026-01-25",1,Partial,https://unctad.org/page/data-protection-and-privacy-legislation-worldwide; https://www.unicef.org/senegal/,0,No,https://unctad.org/page/data-protection-and-privacy-legislation-worldwide,1,Moderate — CDP,https://unctad.org/page/data-protection-and-privacy-legislation-worldwide,0,No,https://unctad.org/page/data-protection-and-privacy-legislation-worldwide,0,Criminalised — Penal Code Art. 319,https://www.humandignitytrust.org/country-profile/senegal/; https://ilga.org/ilga-world-maps/,0,Yes,https://ilga.org/ilga-world-maps/,1,Partial,https://www.unicef.org/senegal/,0,Yes,https://www.gsma.com/solutions-and-impact/connectivity-for-good/public-policy/mobile-policy-handbook/consumer-protection/mandatory-registration-of-prepaid-sims/
Serbia,SRB,Europe,17,15,10,2026-06-26T19:28:30Z,2025-09-09T09:54:11.130311,2,Adopted — AI Development Strategy 2020–2025,https://en.unesco.org/artificial-intelligence/observatory/policies?country=RS; https://www.unesco.org/ethics-ai/en/global-hub,2,"In force — Law on Personal Data Protection (2018, GDPR-aligned)",https://unctad.org/page/data-protection-and-privacy-legislation-worldwide,2,Yes,https://unctad.org/page/data-protection-and-privacy-legislation-worldwide; https://www.unicef.org/serbia/,2,Yes,https://unctad.org/page/data-protection-and-privacy-legislation-worldwide,2,Strong — Commissioner for Information of Public Importance and PDP,https://unctad.org/page/data-protection-and-privacy-legislation-worldwide,2,Yes,https://unctad.org/page/data-protection-and-privacy-legislation-worldwide,1,"Legal — partnerships pending, no marriage",https://www.humandignitytrust.org/country-profile/serbia/; https://ilga.org/ilga-world-maps/,2,No,https://ilga.org/ilga-world-maps/,2,Yes — EU Safer Internet program,https://www.unicef.org/serbia/,2,No,https://www.gsma.com/solutions-and-impact/connectivity-for-good/public-policy/mobile-policy-handbook/consumer-protection/mandatory-registration-of-prepaid-sims/
Sierra Leone,SLE,Africa,4,80,9,2026-06-26T19:28:30Z,2025-09-09T09:54:11.130311,0,,https://en.unesco.org/artificial-intelligence/observatory/policies?country=SL; https://www.unesco.org/ethics-ai/en/global-hub,2,In force — Data Protection Act 2023,https://unctad.org/page/data-protection-and-privacy-legislation-worldwide,1,Partial — provisions under Child Rights Act,https://unctad.org/page/data-protection-and-privacy-legislation-worldwide; https://www.unicef.org/sierra-leone/,0,No,https://unctad.org/page/data-protection-and-privacy-legislation-worldwide,1,Moderate — Data Protection Commission (new),https://unctad.org/page/data-protection-and-privacy-legislation-worldwide,0,No,https://unctad.org/page/data-protection-and-privacy-legislation-worldwide,0,Criminalised — colonial-era sodomy laws remain,https://www.humandignitytrust.org/country-profile/sierra-leone/; https://ilga.org/ilga-world-maps/,0,Yes,https://ilga.org/ilga-world-maps/,0,No,https://www.unicef.org/sierra-leone/,0,Yes,https://www.gsma.com/solutions-and-impact/connectivity-for-good/public-policy/mobile-policy-handbook/consumer-protection/mandatory-registration-of-prepaid-sims/
Singapore,SGP,Asia,11,45,10,2026-06-26T19:28:30Z,2025-09-09T09:54:11.130311,2,Adopted — National AI Strategy (2019),https://en.unesco.org/artificial-intelligence/observatory/policies?country=SG; https://www.unesco.org/ethics-ai/en/global-hub,2,"In force — Personal Data Protection Act (PDPA, 2012)",https://unctad.org/page/data-protection-and-privacy-legislation-worldwide,1,Partial,https://unctad.org/page/data-protection-and-privacy-legislation-worldwide; https://www.unicef.org/singapore/,0,No explicit recognition,https://unctad.org/page/data-protection-and-privacy-legislation-worldwide,1,Moderate — PDPC within IMDA,https://unctad.org/page/data-protection-and-privacy-legislation-worldwide,0,No,https://unctad.org/page/data-protection-and-privacy-legislation-worldwide,1,"Legal — Section 377A repealed in 2022, no marriage",https://www.humandignitytrust.org/country-profile/singapore/; https://ilga.org/ilga-world-maps/,2,No,https://ilga.org/ilga-world-maps/,2,Yes — cyber wellness programs,https://www.unicef.org/singapore/,0,Yes — SIM tied to NRIC/ID,https://www.gsma.com/solutions-and-impact/connectivity-for-good/public-policy/mobile-policy-handbook/consumer-protection/mandatory-registration-of-prepaid-sims/
Slovakia,SVK,Europe,17,15,10,2026-06-26T19:28:30Z,2025-09-09T09:54:11.130311,2,"Adopted — National AI Strategy (2019), EU AI Act alignment",https://en.unesco.org/artificial-intelligence/observatory/policies?country=SK; https://www.unesco.org/ethics-ai/en/global-hub,2,In force — GDPR,https://unctad.org/page/data-protection-and-privacy-legislation-worldwide,2,Yes,https://unctad.org/page/data-protection-and-privacy-legislation-worldwide; https://www.unicef.org/slovakia/,2,Yes,https://unctad.org/page/data-protection-and-privacy-legislation-worldwide,2,Strong — Office for Personal Data Protection,https://unctad.org/page/data-protection-and-privacy-legislation-worldwide,2,Yes,https://gdpr-info.eu/art-35-gdpr/,1,Legal — no marriage equality,https://www.humandignitytrust.org/country-profile/slovakia/; https://ilga.org/ilga-world-maps/,2,No,https://ilga.org/ilga-world-maps/,2,Yes — EU Safer Internet,https://www.unicef.org/slovakia/,2,No,https://www.gsma.com/solutions-and-impact/connectivity-for-good/public-policy/mobile-policy-handbook/consumer-protection/mandatory-registration-of-prepaid-sims/
Slovenia,SVN,Europe,20,0,10,2026-06-26T19:28:30Z,2025-09-09T09:54:11.130311,2,Adopted — National AI Strategy (2020),https://en.unesco.org/artificial-intelligence/observatory/policies?country=SI; https://www.unesco.org/ethics-ai/en/global-hub,2,In force — GDPR,https://unctad.org/page/data-protection-and-privacy-legislation-worldwide,2,Yes,https://unctad.org/page/data-protection-and-privacy-legislation-worldwide; https://www.unicef.org/slovenia/,2,Yes,https://unctad.org/page/data-protection-and-privacy-legislation-worldwide,2,Strong — IP-RS,https://unctad.org/page/data-protection-and-privacy-legislation-worldwide,2,Yes,https://gdpr-info.eu/art-35-gdpr/,2,Equality/Marriage — marriage equality since 2022,https://www.humandignitytrust.org/country-profile/slovenia/; https://ilga.org/ilga-world-maps/,2,No,https://ilga.org/ilga-world-maps/,2,Yes — EU Safer Internet,https://www.unicef.org/slovenia/,2,No,https://www.gsma.com/solutions-and-impact/connectivity-for-good/public-policy/mobile-policy-handbook/consumer-protection/mandatory-registration-of-prepaid-sims/
Solomon Islands,SLB,Oceania,0,100,7,2026-06-26T19:28:30Z,2025-09-09T09:54:11.130311,0,,https://en.unesco.org/artificial-intelligence/observatory/policies?country=SB; https://www.unesco.org/ethics-ai/en/global-hub,0,,https://unctad.org/page/data-protection-and-privacy-legislation-worldwide,0,No,https://www.unicef.org/solomon-islands/,0,No,https://unctad.org/page/data-protection-and-privacy-legislation-worldwide,0,,https://unctad.org/page/data-protection-and-privacy-legislation-worldwide,0,No,https://unctad.org/page/data-protection-and-privacy-legislation-worldwide,0,Criminalised,https://www.humandignitytrust.org/country-profile/solomon-islands/; https://ilga.org/ilga-world-maps/,0,Yes,https://ilga.org/ilga-world-maps/,0,No,https://www.unicef.org/solomon-islands/,0,Yes,https://www.gsma.com/solutions-and-impact/connectivity-for-good/public-policy/mobile-policy-handbook/consumer-protection/mandatory-registration-of-prepaid-sims/
Somalia,SOM,Africa,0,100,7,2026-06-26T19:28:30Z,2025-09-09T09:54:11.130311,0,,https://en.unesco.org/artificial-intelligence/observatory/policies?country=SO; https://www.unesco.org/ethics-ai/en/global-hub,0,,https://unctad.org/page/data-protection-and-privacy-legislation-worldwide,0,No,https://www.unicef.org/somalia/,0,No,https://unctad.org/page/data-protection-and-privacy-legislation-worldwide,0,,https://unctad.org/page/data-protection-and-privacy-legislation-worldwide,0,No,https://unctad.org/page/data-protection-and-privacy-legislation-worldwide,0,Criminalised — harsh penalties,https://www.humandignitytrust.org/country-profile/somalia/; https://ilga.org/ilga-world-maps/,0,Yes,https://ilga.org/ilga-world-maps/,0,No,https://www.unicef.org/somalia/,0,Yes — mandatory SIM registration,https://www.gsma.com/solutions-and-impact/connectivity-for-good/public-policy/mobile-policy-handbook/consumer-protection/mandatory-registration-of-prepaid-sims/
South Sudan,SSD,Africa,0,100,7,2026-06-26T19:28:30Z,2025-09-09T09:54:11.130311,0,,https://en.unesco.org/artificial-intelligence/observatory/policies?country=SS; https://www.unesco.org/ethics-ai/en/global-hub,0,,https://unctad.org/page/data-protection-and-privacy-legislation-worldwide,0,No,https://www.unicef.org/south-sudan/,0,No,https://unctad.org/page/data-protection-and-privacy-legislation-worldwide,0,,https://unctad.org/page/data-protection-and-privacy-legislation-worldwide,0,No,https://unctad.org/page/data-protection-and-privacy-legislation-worldwide,0,Criminalised,https://www.humandignitytrust.org/country-profile/south-sudan/; https://ilga.org/ilga-world-maps/,0,Yes,https://ilga.org/ilga-world-maps/,0,No,https://www.unicef.org/south-sudan/,0,Yes,https://www.gsma.com/solutions-and-impact/connectivity-for-good/public-policy/mobile-policy-handbook/consumer-protection/mandatory-registration-of-prepaid-sims/
Spain,ESP,Europe,20,0,10,2026-06-26T19:28:30Z,2025-09-09T09:54:11.130311,2,Adopted — Spain AI Strategy 2020,https://en.unesco.org/artificial-intelligence/observatory/policies?country=ES; https://www.unesco.org/ethics-ai/en/global-hub,2,In force — GDPR + Organic Law 3/2018,https://unctad.org/page/data-protection-and-privacy-legislation-worldwide,2,Yes,https://unctad.org/page/data-protection-and-privacy-legislation-worldwide; https://www.unicef.org/spain/,2,Yes,https://unctad.org/page/data-protection-and-privacy-legislation-worldwide,2,Strong — AEPD,https://unctad.org/page/data-protection-and-privacy-legislation-worldwide,2,Yes,https://gdpr-info.eu/art-35-gdpr/,2,Equality/Marriage — since 2005,https://www.humandignitytrust.org/country-profile/spain/; https://ilga.org/ilga-world-maps/,2,No,https://ilga.org/ilga-world-maps/,2,Yes — EU Safer Internet Centre,https://www.unicef.org/spain/,2,No,https://www.gsma.com/solutions-and-impact/connectivity-for-good/public-policy/mobile-policy-handbook/consumer-protection/mandatory-registration-of-prepaid-sims/
Sri Lanka,LKA,Asia,9,55,10,2026-06-26T19:28:30Z,2025-09-09T09:54:11.130311,1,Draft/Early — AI in Digital Economy Strategy,https://en.unesco.org/artificial-intelligence/observatory/policies?country=LK; https://www.unesco.org/ethics-ai/en/global-hub,2,In force — Personal Data Protection Act 2022,https://unctad.org/page/data-protection-and-privacy-legislation-worldwide,1,Partial,https://unctad.org/page/data-protection-and-privacy-legislation-worldwide; https://www.unicef.org/sri-lanka/,0,No,https://unctad.org/page/data-protection-and-privacy-legislation-worldwide,1,Moderate — Data Protection Authority (new),https://unctad.org/page/data-protection-and-privacy-legislation-worldwide,0,No,https://unctad.org/page/data-protection-and-privacy-legislation-worldwide,1,Legal — sodomy law decriminalised by Supreme Court in 2023,https://www.humandignitytrust.org/country-profile/sri-lanka/; https://ilga.org/ilga-world-maps/,2,No,https://ilga.org/ilga-world-maps/,1,Partial,https://www.unicef.org/sri-lanka/,0,"Yes — SIMs linked to ID, not biometrics",https://www.gsma.com/solutions-and-impact/connectivity-for-good/public-policy/mobile-policy-handbook/consumer-protection/mandatory-registration-of-prepaid-sims/; https://privacyinternational.org/learn/sim-card-registration
State of Palestine,PSE,Asia,0,100,8,2026-06-26T19:28:30Z,2025-09-09T09:54:11.130311,0,,https://www.unesco.org/ethics-ai/en/global-hub,0,"Draft — discussions ongoing, no enacted law",https://unctad.org/page/data-protection-and-privacy-legislation-worldwide,0,No,https://www.unicef.org/state-of-palestine/,0,No,https://unctad.org/page/data-protection-and-privacy-legislation-worldwide,0,,https://unctad.org/page/data-protection-and-privacy-legislation-worldwide,0,No,https://unctad.org/page/data-protection-and-privacy-legislation-worldwide,0,Criminalised — Penal Code provisions enforced in Gaza; ambiguous in West Bank,https://www.humandignitytrust.org/country-profile/state-of-palestine/; https://ilga.org/ilga-world-maps/,0,Yes,https://ilga.org/ilga-world-maps/,0,No,https://www.unicef.org/state-of-palestine/,0,Yes — SIMs linked to ID,https://www.gsma.com/solutions-and-impact/connectivity-for-good/public-policy/mobile-policy-handbook/consumer-protection/mandatory-registration-of-prepaid-sims/
Sudan,SDN,Africa,0,100,8,2026-06-26T19:28:30Z,2025-09-09T09:54:11.130311,0,,https://en.unesco.org/artificial-intelligence/observatory/policies?country=SD; https://www.unesco.org/ethics-ai/en/global-hub,0,Draft only,https://unctad.org/page/data-protection-and-privacy-legislation-worldwide,0,No,https://www.unicef.org/sudan/,0,No,https://unctad.org/page/data-protection-and-privacy-legislation-worldwide,0,,https://unctad.org/page/data-protection-and-privacy-legislation-worldwide,0,No,https://unctad.org/page/data-protection-and-privacy-legislation-worldwide,0,Criminalised — harsh penalties under Penal Code,https://www.humandignitytrust.org/country-profile/sudan/; https://ilga.org/ilga-world-maps/,0,Yes,https://ilga.org/ilga-world-maps/,0,No,https://www.unicef.org/sudan/,0,Yes — biometric SIM registration required,https://www.gsma.com/solutions-and-impact/connectivity-for-good/public-policy/mobile-policy-handbook/consumer-protection/mandatory-registration-of-prepaid-sims/; https://privacyinternational.org/learn/sim-card-registration
Suriname,SUR,Americas,3,85,7,2026-06-26T19:28:30Z,2025-09-09T09:54:11.130311,0,,https://en.unesco.org/artificial-intelligence/observatory/policies?country=SR; https://www.unesco.org/ethics-ai/en/global-hub,0,,https://unctad.org/page/data-protection-and-privacy-legislation-worldwide,0,No,https://www.unicef.org/suriname/,0,No,https://unctad.org/page/data-protection-and-privacy-legislation-worldwide,0,,https://unctad.org/page/data-protection-and-privacy-legislation-worldwide,0,No,https://unctad.org/page/data-protection-and-privacy-legislation-worldwide,1,"Legal — no criminalisation, but no recognition",https://www.humandignitytrust.org/country-profile/suriname/; https://ilga.org/ilga-world-maps/,2,No,https://ilga.org/ilga-world-maps/,0,No,https://www.unicef.org/suriname/,0,Yes,https://www.gsma.com/solutions-and-impact/connectivity-for-good/public-policy/mobile-policy-handbook/consumer-protection/mandatory-registration-of-prepaid-sims/
Sweden,SWE,Europe,20,0,10,2026-06-26T19:28:30Z,2025-09-09T09:54:11.130311,2,Adopted — National AI Strategy 2018,https://en.unesco.org/artificial-intelligence/observatory/policies?country=SE; https://www.unesco.org/ethics-ai/en/global-hub,2,In force — GDPR,https://unctad.org/page/data-protection-and-privacy-legislation-worldwide,2,Yes,https://unctad.org/page/data-protection-and-privacy-legislation-worldwide; https://www.unicef.org/sweden/,2,Yes,https://unctad.org/page/data-protection-and-privacy-legislation-worldwide,2,Strong — Datainspektionen,https://unctad.org/page/data-protection-and-privacy-legislation-worldwide,2,Yes,https://gdpr-info.eu/art-35-gdpr/,2,Equality/Marriage — since 2009,https://www.humandignitytrust.org/country-profile/sweden/; https://ilga.org/ilga-world-maps/,2,No,https://ilga.org/ilga-world-maps/,2,Yes — EU Safer Internet,https://www.unicef.org/sweden/,2,No,https://www.gsma.com/solutions-and-impact/connectivity-for-good/public-policy/mobile-policy-handbook/consumer-protection/mandatory-registration-of-prepaid-sims/
Switzerland,CHE,Europe,20,0,10,2026-06-26T19:28:30Z,2025-09-09T09:54:11.130311,2,Adopted — Swiss Digital Strategy with AI focus (2020),https://en.unesco.org/artificial-intelligence/observatory/policies?country=CH; https://www.unesco.org/ethics-ai/en/global-hub,2,In force — Federal Data Protection Act (rev. 2023),https://unctad.org/page/data-protection-and-privacy-legislation-worldwide,2,Yes,https://unctad.org/page/data-protection-and-privacy-legislation-worldwide; https://www.unicef.org/switzerland/,2,Yes,https://unctad.org/page/data-protection-and-privacy-legislation-worldwide,2,Strong — FDPIC,https://unctad.org/page/data-protection-and-privacy-legislation-worldwide,2,Yes,https://unctad.org/page/data-protection-and-privacy-legislation-worldwide,2,Equality/Marriage — marriage equality since 2022,https://www.humandignitytrust.org/country-profile/switzerland/; https://ilga.org/ilga-world-maps/,2,No,https://ilga.org/ilga-world-maps/,2,Yes,https://www.unicef.org/switzerland/,2,No,https://www.gsma.com/solutions-and-impact/connectivity-for-good/public-policy/mobile-policy-handbook/consumer-protection/mandatory-registration-of-prepaid-sims/
Syrian Arab Republic,SYR,Asia,0,100,7,2026-06-26T19:28:30Z,2025-09-09T09:54:11.130311,0,,https://en.unesco.org/artificial-intelligence/observatory/policies?country=SY; https://www.unesco.org/ethics-ai/en/global-hub,0,,https://unctad.org/page/data-protection-and-privacy-legislation-worldwide,0,No,https://www.unicef.org/syrian-arab-republic/,0,No,https://unctad.org/page/data-protection-and-privacy-legislation-worldwide,0,,https://unctad.org/page/data-protection-and-privacy-legislation-worldwide,0,No,https://unctad.org/page/data-protection-and-privacy-legislation-worldwide,0,Criminalised,https://www.humandignitytrust.org/country-profile/syrian-arab-republic/; https://ilga.org/ilga-world-maps/,0,Yes,https://ilga.org/ilga-world-maps/,0,No,https://www.unicef.org/syrian-arab-republic/,0,Yes,https://www.gsma.com/solutions-and-impact/connectivity-for-good/public-policy/mobile-policy-handbook/consumer-protection/mandatory-registration-of-prepaid-sims/
Tajikistan,TJK,Asia,2,90,8,2026-06-26T19:28:30Z,2025-09-09T09:54:11.130311,0,,https://en.unesco.org/artificial-intelligence/observatory/policies?country=TJ; https://www.unesco.org/ethics-ai/en/global-hub,0,Draft only,https://unctad.org/page/data-protection-and-privacy-legislation-worldwide,0,No,https://www.unicef.org/tajikistan/,0,No,https://unctad.org/page/data-protection-and-privacy-legislation-worldwide,0,,https://unctad.org/page/data-protection-and-privacy-legislation-worldwide,0,No,https://unctad.org/page/data-protection-and-privacy-legislation-worldwide,1,"Legal — decriminalised 1998, but discrimination persists",https://www.humandignitytrust.org/country-profile/tajikistan/; https://ilga.org/ilga-world-maps/,1,Proposed — reports of propaganda restrictions,https://ilga.org/ilga-world-maps/,0,No,https://www.unicef.org/tajikistan/,0,Yes — biometric SIM registration mandatory,https://www.gsma.com/solutions-and-impact/connectivity-for-good/public-policy/mobile-policy-handbook/consumer-protection/mandatory-registration-of-prepaid-sims/; https://privacyinternational.org/learn/sim-card-registration
Thailand,THA,Asia,12,40,10,2026-06-26T19:28:30Z,2025-09-09T09:54:11.130311,2,Adopted — Thailand National AI Strategy 2022,https://en.unesco.org/artificial-intelligence/observatory/policies?country=TH; https://www.unesco.org/ethics-ai/en/global-hub,2,In force — PDPA (2022),https://unctad.org/page/data-protection-and-privacy-legislation-worldwide,1,Partial,https://unctad.org/page/data-protection-and-privacy-legislation-worldwide; https://www.unicef.org/thailand/,1,Partial — gender identity protections debated,https://unctad.org/page/data-protection-and-privacy-legislation-worldwide,1,Moderate — regulator under Ministry,https://unctad.org/page/data-protection-and-privacy-legislation-worldwide,2,Yes,https://unctad.org/page/data-protection-and-privacy-legislation-worldwide,1,Legal — Civil Partnership Bill pending,https://www.humandignitytrust.org/country-profile/thailand/; https://ilga.org/ilga-world-maps/,2,No,https://ilga.org/ilga-world-maps/,1,Partial,https://www.unicef.org/thailand/,0,Yes — SIM linked to ID,https://www.gsma.com/solutions-and-impact/connectivity-for-good/public-policy/mobile-policy-handbook/consumer-protection/mandatory-registration-of-prepaid-sims/
Timor-Leste,TLS,Asia,3,85,7,2026-06-26T19:28:30Z,2025-09-09T09:54:11.130311,0,,https://en.unesco.org/artificial-intelligence/observatory/policies?country=TL; https://www.unesco.org/ethics-ai/en/global-hub,0,,https://unctad.org/page/data-protection-and-privacy-legislation-worldwide,0,No,https://www.unicef.org/timor-leste/,0,No,https://unctad.org/page/data-protection-and-privacy-legislation-worldwide,0,,https://unctad.org/page/data-protection-and-privacy-legislation-worldwide,0,No,https://unctad.org/page/data-protection-and-privacy-legislation-worldwide,1,Legal — no criminalisation,https://www.humandignitytrust.org/country-profile/timor-leste/; https://ilga.org/ilga-world-maps/,2,No,https://ilga.org/ilga-world-maps/,0,No,https://www.unicef.org/timor-leste/,0,Yes — SIM ID-linked,https://www.gsma.com/solutions-and-impact/connectivity-for-good/public-policy/mobile-policy-handbook/consumer-protection/mandatory-registration-of-prepaid-sims/
Togo,TGO,Africa,4,80,9,2026-06-26T19:28:30Z,2025-09-09T09:54:11.130311,0,,https://en.unesco.org/artificial-intelligence/observatory/policies?country=TG; https://www.unesco.org/ethics-ai/en/global-hub,2,In force — Law No. 2019-014 on Personal Data Protection,https://unctad.org/page/data-protection-and-privacy-legislation-worldwide,1,Partial,https://unctad.org/page/data-protection-and-privacy-legislation-worldwide; https://www.unicef.org/togo/,0,No,https://unctad.org/page/data-protection-and-privacy-legislation-worldwide,1,Moderate — Autorité de Protection des Données Personnelles (APDP),https://unctad.org/page/data-protection-and-privacy-legislation-worldwide,0,No,https://unctad.org/page/data-protection-and-privacy-legislation-worldwide,0,"Criminalised — Penal Code 1980, Sec. 88",https://www.humandignitytrust.org/country-profile/togo/; https://ilga.org/ilga-world-maps/,0,Yes,https://ilga.org/ilga-world-maps/,0,No,https://www.unicef.org/togo/,0,Yes — SIMs linked to ID,https://www.gsma.com/solutions-and-impact/connectivity-for-good/public-policy/mobile-policy-handbook/consumer-protection/mandatory-registration-of-prepaid-sims/
Tonga,TON,Oceania,0,100,7,2026-06-26T19:28:30Z,2025-09-09T09:54:11.130311,0,,https://en.unesco.org/artificial-intelligence/observatory/policies?country=TO; https://www.unesco.org/ethics-ai/en/global-hub,0,,https://unctad.org/page/data-protection-and-privacy-legislation-worldwide,0,No,https://www.unicef.org/tonga/,0,No,https://unctad.org/page/data-protection-and-privacy-legislation-worldwide,0,,https://unctad.org/page/data-protection-and-privacy-legislation-worldwide,0,No,https://unctad.org/page/data-protection-and-privacy-legislation-worldwide,0,Criminalised,https://www.humandignitytrust.org/country-profile/tonga/; https://ilga.org/ilga-world-maps/,0,Yes,https://ilga.org/ilga-world-maps/,0,No,https://www.unicef.org/tonga/,0,Yes,https://www.gsma.com/solutions-and-impact/connectivity-for-good/public-policy/mobile-policy-handbook/consumer-protection/mandatory-registration-of-prepaid-sims/
Trinidad and Tobago,TTO,Americas,7,65,10,2026-06-26T19:28:30Z,2025-09-09T09:54:11.130311,1,Draft/Early — National ICT Plan includes AI,https://en.unesco.org/artificial-intelligence/observatory/policies?country=TT; https://www.unesco.org/ethics-ai/en/global-hub,1,Partial — Data Protection Act 2011 (not fully proclaimed),https://unctad.org/page/data-protection-and-privacy-legislation-worldwide,1,Partial,https://unctad.org/page/data-protection-and-privacy-legislation-worldwide; https://www.unicef.org/trinidad-and-tobago/,0,No,https://unctad.org/page/data-protection-and-privacy-legislation-worldwide,0,Weak — not fully operational,https://unctad.org/page/data-protection-and-privacy-legislation-worldwide,0,No,https://unctad.org/page/data-protection-and-privacy-legislation-worldwide,1,Legal — decriminalised in 2018,https://www.humandignitytrust.org/country-profile/trinidad-and-tobago/; https://ilga.org/ilga-world-maps/,2,No,https://ilga.org/ilga-world-maps/,1,Partial,https://www.unicef.org/trinidad-and-tobago/,0,Yes,https://www.gsma.com/solutions-and-impact/connectivity-for-good/public-policy/mobile-policy-handbook/consumer-protection/mandatory-registration-of-prepaid-sims/
Tunisia,TUN,Africa,5,75,10,2026-06-26T19:28:30Z,2025-09-09T09:54:11.130311,1,Draft/Early — AI initiatives under Digital 2020 plan,https://en.unesco.org/artificial-intelligence/observatory/policies?country=TN; https://www.unesco.org/ethics-ai/en/global-hub,2,In force — Law No. 2004-63 on Data Protection,"UNCTAD Data Protection Tracker, accessed 2026-01-25",1,Partial,https://unctad.org/page/data-protection-and-privacy-legislation-worldwide; https://www.unicef.org/tunisia/,0,No,https://unctad.org/page/data-protection-and-privacy-legislation-worldwide,1,Moderate — INPDP regulator,https://unctad.org/page/data-protection-and-privacy-legislation-worldwide,0,No,https://unctad.org/page/data-protection-and-privacy-legislation-worldwide,0,Criminalised — Article 230 Penal Code,https://www.humandignitytrust.org/country-profile/tunisia/; https://ilga.org/ilga-world-maps/,0,Yes,https://ilga.org/ilga-world-maps/,0,No,https://www.unicef.org/tunisia/,0,Yes,https://www.gsma.com/solutions-and-impact/connectivity-for-good/public-policy/mobile-policy-handbook/consumer-protection/mandatory-registration-of-prepaid-sims/
Türkiye,TUR,Europe,8,60,10,2026-06-26T19:28:30Z,2025-09-09T09:54:11.130311,2,Adopted — National AI Strategy 2021–2025,https://www.unesco.org/ethics-ai/en/global-hub,2,In force — Law No. 6698 on the Protection of Personal Data (2016),https://unctad.org/page/data-protection-and-privacy-legislation-worldwide,1,Partial,https://unctad.org/page/data-protection-and-privacy-legislation-worldwide; https://www.unicef.org/turkiye/,0,No,https://unctad.org/page/data-protection-and-privacy-legislation-worldwide,1,Moderate — KVKK under Parliament,https://unctad.org/page/data-protection-and-privacy-legislation-worldwide,0,No,https://unctad.org/page/data-protection-and-privacy-legislation-worldwide,1,"Legal — no criminalisation, but no recognition",https://www.humandignitytrust.org/country-profile/turkiye/; https://ilga.org/ilga-world-maps/,0,Yes — bans on LGBTQ “propaganda” events,https://ilga.org/ilga-world-maps/,1,Partial,https://www.unicef.org/turkiye/,0,Yes — SIMs linked to ID,https://www.gsma.com/solutions-and-impact/connectivity-for-good/public-policy/mobile-policy-handbook/consumer-protection/mandatory-registration-of-prepaid-sims/
Turkmenistan,TKM,Asia,0,100,7,2026-06-26T19:28:30Z,2025-09-09T09:54:11.130311,0,,https://en.unesco.org/artificial-intelligence/observatory/policies?country=TM; https://www.unesco.org/ethics-ai/en/global-hub,0,,https://unctad.org/page/data-protection-and-privacy-legislation-worldwide,0,No,https://www.unicef.org/turkmenistan/,0,No,https://unctad.org/page/data-protection-and-privacy-legislation-worldwide,0,,https://unctad.org/page/data-protection-and-privacy-legislation-worldwide,0,No,https://unctad.org/page/data-protection-and-privacy-legislation-worldwide,0,Criminalised,https://www.humandignitytrust.org/country-profile/turkmenistan/; https://ilga.org/ilga-world-maps/,0,Yes,https://ilga.org/ilga-world-maps/,0,No,https://www.unicef.org/turkmenistan/,0,Yes,https://www.gsma.com/solutions-and-impact/connectivity-for-good/public-policy/mobile-policy-handbook/consumer-protection/mandatory-registration-of-prepaid-sims/
Tuvalu,TUV,Oceania,3,85,7,2026-06-26T19:28:30Z,2025-09-09T09:54:11.130311,0,,https://en.unesco.org/artificial-intelligence/observatory/policies?country=TV; https://www.unesco.org/ethics-ai/en/global-hub,0,,https://unctad.org/page/data-protection-and-privacy-legislation-worldwide,0,No,https://www.unicef.org/tuvalu/,0,No,https://unctad.org/page/data-protection-and-privacy-legislation-worldwide,0,,https://unctad.org/page/data-protection-and-privacy-legislation-worldwide,0,No,https://unctad.org/page/data-protection-and-privacy-legislation-worldwide,1,Legal — no criminalisation,https://www.humandignitytrust.org/country-profile/tuvalu/; https://ilga.org/ilga-world-maps/,2,No,https://ilga.org/ilga-world-maps/,0,No,https://www.unicef.org/tuvalu/,0,Yes,https://www.gsma.com/solutions-and-impact/connectivity-for-good/public-policy/mobile-policy-handbook/consumer-protection/mandatory-registration-of-prepaid-sims/
Uganda,UGA,Africa,3,85,9,2026-06-26T19:28:30Z,2025-09-09T09:54:11.130311,0,,https://en.unesco.org/artificial-intelligence/observatory/policies?country=UG; https://www.unesco.org/ethics-ai/en/global-hub,2,In force — Data Protection and Privacy Act 2019,https://unctad.org/page/data-protection-and-privacy-legislation-worldwide,1,Partial,https://unctad.org/page/data-protection-and-privacy-legislation-worldwide; https://www.unicef.org/uganda/,0,No,https://unctad.org/page/data-protection-and-privacy-legislation-worldwide,0,Weak — National Information Technology Authority,https://unctad.org/page/data-protection-and-privacy-legislation-worldwide,0,No,https://unctad.org/page/data-protection-and-privacy-legislation-worldwide,0,Criminalised — Anti-Homosexuality Act 2023,https://www.humandignitytrust.org/country-profile/uganda/; https://ilga.org/ilga-world-maps/,0,Yes,https://ilga.org/ilga-world-maps/,0,No,https://www.unicef.org/uganda/,0,Yes — biometric SIM registration mandatory,https://www.gsma.com/solutions-and-impact/connectivity-for-good/public-policy/mobile-policy-handbook/consumer-protection/mandatory-registration-of-prepaid-sims/; https://privacyinternational.org/learn/sim-card-registration
Ukraine,UKR,Europe,12,40,10,2026-06-26T19:28:30Z,2025-09-09T09:54:11.130311,2,Adopted — AI Development Concept 2020–2030,https://en.unesco.org/artificial-intelligence/observatory/policies?country=UA; https://www.unesco.org/ethics-ai/en/global-hub,2,In force — Law on Personal Data Protection 2010 (GDPR harmonisation ongoing),https://unctad.org/page/data-protection-and-privacy-legislation-worldwide,1,Partial,https://unctad.org/page/data-protection-and-privacy-legislation-worldwide; https://www.unicef.org/ukraine/,0,No explicit recognition,https://unctad.org/page/data-protection-and-privacy-legislation-worldwide,1,Moderate — Ombudsman’s Office,https://unctad.org/page/data-protection-and-privacy-legislation-worldwide,0,No,https://unctad.org/page/data-protection-and-privacy-legislation-worldwide,1,"Legal — no criminalisation, civil union bill pending",https://www.humandignitytrust.org/country-profile/ukraine/; https://ilga.org/ilga-world-maps/,2,No,https://ilga.org/ilga-world-maps/,1,Partial — Safer Internet programs,https://www.unicef.org/ukraine/,2,No,https://www.gsma.com/solutions-and-impact/connectivity-for-good/public-policy/mobile-policy-handbook/consumer-protection/mandatory-registration-of-prepaid-sims/
United Arab Emirates,ARE,Asia,7,65,10,2026-06-26T19:28:30Z,2025-09-09T09:54:11.130311,2,Adopted — UAE AI Strategy 2031,https://en.unesco.org/artificial-intelligence/observatory/policies?country=AE; https://www.unesco.org/ethics-ai/en/global-hub,2,In force — Federal Data Protection Law (2021),https://unctad.org/page/data-protection-and-privacy-legislation-worldwide,1,Partial,https://unctad.org/page/data-protection-and-privacy-legislation-worldwide; https://www.unicef.org/united-arab-emirates/,0,No,https://unctad.org/page/data-protection-and-privacy-legislation-worldwide,0,Weak — under government ministry,https://unctad.org/page/data-protection-and-privacy-legislation-worldwide,0,No,https://unctad.org/page/data-protection-and-privacy-legislation-worldwide,0,"Criminalised — Sharia provisions, Penal Code",https://www.humandignitytrust.org/country-profile/united-arab-emirates/; https://ilga.org/ilga-world-maps/,0,Yes,https://ilga.org/ilga-world-maps/,2,Yes — national programs,https://www.unicef.org/united-arab-emirates/,0,"Yes — Emirates ID required, biometric enabled",https://www.gsma.com/solutions-and-impact/connectivity-for-good/public-policy/mobile-policy-handbook/consumer-protection/mandatory-registration-of-prepaid-sims/; https://privacyinternational.org/learn/sim-card-registration
United Kingdom of Great Britain and Northern Ireland,GBR,Europe,20,0,10,2026-06-26T19:28:30Z,2025-09-09T09:54:11.130311,2,Adopted — UK National AI Strategy 2021,https://en.unesco.org/artificial-intelligence/observatory/policies?country=GB; https://www.unesco.org/ethics-ai/en/global-hub,2,In force — UK GDPR + Data Protection Act 2018,https://unctad.org/page/data-protection-and-privacy-legislation-worldwide,2,Yes — Age-Appropriate Design Code (2020),https://unctad.org/page/data-protection-and-privacy-legislation-worldwide; https://www.unicef.org/united-kingdom-of-great-britain-and-northern-ireland/,2,Yes,https://unctad.org/page/data-protection-and-privacy-legislation-worldwide,2,Strong,https://unctad.org/page/data-protection-and-privacy-legislation-worldwide,2,Yes,https://unctad.org/page/data-protection-and-privacy-legislation-worldwide,2,Equality/Marriage,https://www.humandignitytrust.org/country-profile/united-kingdom-of-great-britain-and-northern-ireland/; https://ilga.org/ilga-world-maps/,2,No,https://ilga.org/ilga-world-maps/,2,Yes,https://www.unicef.org/united-kingdom-of-great-britain-and-northern-ireland/,2,No,https://www.gsma.com/solutions-and-impact/connectivity-for-good/public-policy/mobile-policy-handbook/consumer-protection/mandatory-registration-of-prepaid-sims/
United States of America,USA,Americas,13,35,9,2026-06-26T19:28:30Z,2025-09-09T09:54:11.130311,2,Adopted — US AI Strategy 2023,https://en.unesco.org/artificial-intelligence/observatory/policies?country=US; https://www.unesco.org/ethics-ai/en/global-hub,0,No comprehensive law,https://unctad.org/page/data-protection-and-privacy-legislation-worldwide,2,Yes — COPPA,https://unctad.org/page/data-protection-and-privacy-legislation-worldwide; https://www.unicef.org/united-states-of-america/,1,Partial,https://unctad.org/page/data-protection-and-privacy-legislation-worldwide,0,,https://unctad.org/page/data-protection-and-privacy-legislation-worldwide,0,No,https://unctad.org/page/data-protection-and-privacy-legislation-worldwide,2,Equality/Marriage,https://www.humandignitytrust.org/country-profile/united-states-of-america/; https://ilga.org/ilga-world-maps/,2,No,https://ilga.org/ilga-world-maps/,2,Yes,https://www.unicef.org/united-states-of-america/,2,No,https://www.gsma.com/solutions-and-impact/connectivity-for-good/public-policy/mobile-policy-handbook/consumer-protection/mandatory-registration-of-prepaid-sims/
Uruguay,URY,Americas,13,35,10,2026-06-26T19:28:30Z,2025-09-09T09:54:11.130311,1,Draft/Early — Uruguay AI plan,https://en.unesco.org/artificial-intelligence/observatory/policies?country=UY; https://www.unesco.org/ethics-ai/en/global-hub,2,In force — Law No. 18.331,https://unctad.org/page/data-protection-and-privacy-legislation-worldwide,1,Partial,https://unctad.org/page/data-protection-and-privacy-legislation-worldwide; https://www.unicef.org/uruguay/,2,Yes,https://unctad.org/page/data-protection-and-privacy-legislation-worldwide,2,Strong,https://unctad.org/page/data-protection-and-privacy-legislation-worldwide,0,No,https://unctad.org/page/data-protection-and-privacy-legislation-worldwide,2,Equality/Marriage,https://www.humandignitytrust.org/country-profile/uruguay/; https://ilga.org/ilga-world-maps/,2,No,https://ilga.org/ilga-world-maps/,1,Partial,https://www.unicef.org/uruguay/,2,No,https://www.gsma.com/solutions-and-impact/connectivity-for-good/public-policy/mobile-policy-handbook/consumer-protection/mandatory-registration-of-prepaid-sims/
Uzbekistan,UZB,Asia,3,85,10,2026-06-26T19:28:30Z,2025-09-09T09:54:11.130311,1,Draft/Early — Digital Uzbekistan 2030,https://en.unesco.org/artificial-intelligence/observatory/policies?country=UZ; https://www.unesco.org/ethics-ai/en/global-hub,2,In force — Law on Personal Data 2019,https://unctad.org/page/data-protection-and-privacy-legislation-worldwide,0,No,https://www.unicef.org/uzbekistan/,0,No,https://unctad.org/page/data-protection-and-privacy-legislation-worldwide,0,Weak,https://unctad.org/page/data-protection-and-privacy-legislation-worldwide,0,No,https://unctad.org/page/data-protection-and-privacy-legislation-worldwide,0,Criminalised,https://www.humandignitytrust.org/country-profile/uzbekistan/; https://ilga.org/ilga-world-maps/,0,Yes,https://ilga.org/ilga-world-maps/,0,No,https://www.unicef.org/uzbekistan/,0,Yes,https://www.gsma.com/solutions-and-impact/connectivity-for-good/public-policy/mobile-policy-handbook/consumer-protection/mandatory-registration-of-prepaid-sims/
Vanuatu,VUT,Oceania,3,85,7,2026-06-26T19:28:30Z,2025-09-09T09:54:11.130311,0,,https://en.unesco.org/artificial-intelligence/observatory/policies?country=VU; https://www.unesco.org/ethics-ai/en/global-hub,0,,https://unctad.org/page/data-protection-and-privacy-legislation-worldwide,0,No,https://www.unicef.org/vanuatu/,0,No,https://unctad.org/page/data-protection-and-privacy-legislation-worldwide,0,,https://unctad.org/page/data-protection-and-privacy-legislation-worldwide,0,No,https://unctad.org/page/data-protection-and-privacy-legislation-worldwide,1,Legal,https://www.humandignitytrust.org/country-profile/vanuatu/; https://ilga.org/ilga-world-maps/,2,No,https://ilga.org/ilga-world-maps/,0,No,https://www.unicef.org/vanuatu/,0,Yes,https://www.gsma.com/solutions-and-impact/connectivity-for-good/public-policy/mobile-policy-handbook/consumer-protection/mandatory-registration-of-prepaid-sims/
Venezuela (Bolivarian Republic of),VEN,Americas,4,80,8,2026-06-26T19:28:30Z,2025-09-09T09:54:11.130311,1,Draft/Early — Digital Agenda 2025,https://www.unesco.org/ethics-ai/en/global-hub,0,,https://unctad.org/page/data-protection-and-privacy-legislation-worldwide,0,No,https://www.unicef.org/venezuela-bolivarian-republic-of/,0,No,https://unctad.org/page/data-protection-and-privacy-legislation-worldwide,0,,https://unctad.org/page/data-protection-and-privacy-legislation-worldwide,0,No,https://unctad.org/page/data-protection-and-privacy-legislation-worldwide,1,Legal,https://www.humandignitytrust.org/country-profile/venezuela-bolivarian-republic-of/; https://ilga.org/ilga-world-maps/,2,No,https://ilga.org/ilga-world-maps/,0,No,https://www.unicef.org/venezuela-bolivarian-republic-of/,0,Yes,https://www.gsma.com/solutions-and-impact/connectivity-for-good/public-policy/mobile-policy-handbook/consumer-protection/mandatory-registration-of-prepaid-sims/
Viet Nam,VNM,Asia,7,65,10,2026-06-26T19:28:30Z,2025-09-09T09:54:11.130311,2,Adopted — Vietnam AI Strategy 2021–2030,https://en.unesco.org/artificial-intelligence/observatory/policies?country=VN; https://www.unesco.org/ethics-ai/en/global-hub,2,In force — Decree No. 13/2023,https://unctad.org/page/data-protection-and-privacy-legislation-worldwide,1,Partial,https://unctad.org/page/data-protection-and-privacy-legislation-worldwide; https://www.unicef.org/viet-nam/,0,No,https://unctad.org/page/data-protection-and-privacy-legislation-worldwide,0,Weak,https://unctad.org/page/data-protection-and-privacy-legislation-worldwide,0,No,https://unctad.org/page/data-protection-and-privacy-legislation-worldwide,1,Legal,https://www.humandignitytrust.org/country-profile/viet-nam/; https://ilga.org/ilga-world-maps/,0,Yes,https://ilga.org/ilga-world-maps/,1,Partial,https://www.unicef.org/viet-nam/,0,Yes,https://www.gsma.com/solutions-and-impact/connectivity-for-good/public-policy/mobile-policy-handbook/consumer-protection/mandatory-registration-of-prepaid-sims/
Yemen,YEM,Asia,0,100,7,2026-06-26T19:28:30Z,2025-09-09T09:54:11.130311,0,,https://en.unesco.org/artificial-intelligence/observatory/policies?country=YE; https://www.unesco.org/ethics-ai/en/global-hub,0,,https://unctad.org/page/data-protection-and-privacy-legislation-worldwide,0,No,https://www.unicef.org/yemen/,0,No,https://unctad.org/page/data-protection-and-privacy-legislation-worldwide,0,,https://unctad.org/page/data-protection-and-privacy-legislation-worldwide,0,No,https://unctad.org/page/data-protection-and-privacy-legislation-worldwide,0,Criminalised,https://www.humandignitytrust.org/country-profile/yemen/; https://ilga.org/ilga-world-maps/,0,Yes,https://ilga.org/ilga-world-maps/,0,No,https://www.unicef.org/yemen/,0,Yes,https://www.gsma.com/solutions-and-impact/connectivity-for-good/public-policy/mobile-policy-handbook/consumer-protection/mandatory-registration-of-prepaid-sims/
